id_x,label,created_at,id_y,id_str,text,truncated,entities,source,in_reply_to_status_id,in_reply_to_status_id_str,in_reply_to_user_id,in_reply_to_user_id_str,in_reply_to_screen_name,user,geo,coordinates,place,contributors,is_quote_status,quoted_status_id,quoted_status_id_str,quoted_status,retweet_count,favorite_count,favorited,retweeted,possibly_sensitive,lang,hashtags,symbols,user_mentions,urls,count_hashtags,count_symbols,count_user_mentions,count_urls,userid
1217628182611927040,human,Fri Nov 11 15:41:17 +0000 2022,1591093715577159680,1591093715577159680,At the moment I see Musk mismanaging a company and losing a ton of wealth in the process. https://t.co/q3St3hxBTh,False,"{'hashtags': [], 'symbols': [], 'user_mentions': [], 'urls': [{'url': 'https://t.co/q3St3hxBTh', 'expanded_url': 'https://twitter.com/JYSexton/status/1590831348511834112', 'display_url': 'twitter.com/JYSexton/statu…', 'indices': [90, 113]}]}","<a href=""https://mobile.twitter.com"" rel=""nofollow"">Twitter Web App</a>",,,,,,"{'id': 1217628182611927040, 'id_str': '1217628182611927040', 'name': 'Boaz Barak', 'screen_name': 'boazbaraktcs', 'location': 'Cambridge, MA', 'description': 'Theoretical Computer Scientist. See also https://t.co/EXWR5jOrFW and https://t.co/JEkxX4JHSw', 'url': 'https://t.co/BoMip9FF17', 'entities': {'url': {'urls': [{'url': 'https://t.co/BoMip9FF17', 'expanded_url': 'https://www.boazbarak.org/', 'display_url': 'boazbarak.org', 'indices': [0, 23]}]}, 'description': {'urls': [{'url': 'https://t.co/EXWR5jOrFW', 'expanded_url': 'http://windowsontheory.org', 'display_url': 'windowsontheory.org', 'indices': [41, 64]}, {'url': 'https://t.co/JEkxX4JHSw', 'expanded_url': 'http://mltheory.org', 'display_url': 'mltheory.org', 'indices': [69, 92]}]}}, 'protected': False, 'followers_count': 10947, 'friends_count': 278, 'listed_count': 98, 'created_at': 'Thu Jan 16 02:02:55 +0000 2020', 'favourites_count': 5198, 'utc_offset': None, 'time_zone': None, 'geo_enabled': False, 'verified': False, 'statuses_count': 4267, 'lang': None, 'contributors_enabled': False, 'is_translator': False, 'is_translation_enabled': False, 'profile_background_color': 'F5F8FA', 'profile_background_image_url': None, 'profile_background_image_url_https': None, 'profile_background_tile': False, 'profile_image_url': 'http://pbs.twimg.com/profile_images/1252262363132280834/ytIN-vzv_normal.jpg', 'profile_image_url_https': 'https://pbs.twimg.com/profile_images/1252262363132280834/ytIN-vzv_normal.jpg', 'profile_banner_url': 'https://pbs.twimg.com/profile_banners/1217628182611927040/1587397963', 'profile_link_color': '1DA1F2', 'profile_sidebar_border_color': 'C0DEED', 'profile_sidebar_fill_color': 'DDEEF6', 'profile_text_color': '333333', 'profile_use_background_image': True, 'has_extended_profile': True, 'default_profile': True, 'default_profile_image': False, 'following': False, 'follow_request_sent': False, 'notifications': False, 'translator_type': 'none', 'withheld_in_countries': []}",,,,,True,1.590831348511834e+18,1.590831348511834e+18,"{'created_at': 'Thu Nov 10 22:18:44 +0000 2022', 'id': 1590831348511834112, 'id_str': '1590831348511834112', 'text': 'Once more. Musk is doing us an incredible favor by demonstrating beyond a shadow of a doubt that there is no merito… https://t.co/3eqJIXueKK', 'truncated': True, 'entities': {'hashtags': [], 'symbols': [], 'user_mentions': [], 'urls': [{'url': 'https://t.co/3eqJIXueKK', 'expanded_url': 'https://twitter.com/i/web/status/1590831348511834112', 'display_url': 'twitter.com/i/web/status/1…', 'indices': [117, 140]}]}, 'source': '<a href=""https://mobile.twitter.com"" rel=""nofollow"">Twitter Web App</a>', 'in_reply_to_status_id': None, 'in_reply_to_status_id_str': None, 'in_reply_to_user_id': None, 'in_reply_to_user_id_str': None, 'in_reply_to_screen_name': None, 'user': {'id': 325385270, 'id_str': '325385270', 'name': 'Jared Yates Sexton', 'screen_name': 'JYSexton', 'location': '', 'description': 'Hoosier, Political Analyst, Muckrake Podcast, Author THE MIDNIGHT KINGDOM: A HISTORY OF POWER, PARANOIA, AND THE COMING CRISIS @duttonbooks January 2023', 'url': 'https://t.co/zj1LVLlkIr', 'entities': {'url': {'urls': [{'url': 'https://t.co/zj1LVLlkIr', 'expanded_url': 'https://linktr.ee/jysexton', 'display_url': 'linktr.ee/jysexton', 'indices': [0, 23]}]}, 'description': {'urls': []}}, 'protected': False, 'followers_count': 265930, 'friends_count': 4632, 'listed_count': 3190, 'created_at': 'Tue Jun 28 06:18:19 +0000 2011', 'favourites_count': 27255, 'utc_offset': None, 'time_zone': None, 'geo_enabled': False, 'verified': True, 'statuses_count': 42791, 'lang': None, 'contributors_enabled': False, 'is_translator': False, 'is_translation_enabled': False, 'profile_background_color': '050505', 'profile_background_image_url': 'http://abs.twimg.com/images/themes/theme1/bg.png', 'profile_background_image_url_https': 'https://abs.twimg.com/images/themes/theme1/bg.png', 'profile_background_tile': False, 'profile_image_url': 'http://pbs.twimg.com/profile_images/1564292504094121988/gBC0j96w_normal.jpg', 'profile_image_url_https': 'https://pbs.twimg.com/profile_images/1564292504094121988/gBC0j96w_normal.jpg', 'profile_banner_url': 'https://pbs.twimg.com/profile_banners/325385270/1656362403', 'profile_link_color': '000000', 'profile_sidebar_border_color': 'C0DEED', 'profile_sidebar_fill_color': '8DD1F0', 'profile_text_color': '000000', 'profile_use_background_image': False, 'has_extended_profile': True, 'default_profile': False, 'default_profile_image': False, 'following': False, 'follow_request_sent': False, 'notifications': False, 'translator_type': 'none', 'withheld_in_countries': []}, 'geo': None, 'coordinates': None, 'place': None, 'contributors': None, 'is_quote_status': False, 'retweet_count': 7907, 'favorite_count': 41154, 'favorited': False, 'retweeted': False, 'lang': 'en'}",0,3,False,False,False,en,[],[],[],"[{'url': 'https://t.co/q3St3hxBTh', 'expanded_url': 'https://twitter.com/JYSexton/status/1590831348511834112', 'display_url': 'twitter.com/JYSexton/statu…', 'indices': [90, 113]}]",0,0,0,1,1217628182611927040
2664730894,human,Sat Nov 05 11:41:24 +0000 2022,1588859017715101696,1588859017715101696,💀 https://t.co/Pw2kb9dEam,False,"{'hashtags': [], 'symbols': [], 'user_mentions': [], 'urls': [{'url': 'https://t.co/Pw2kb9dEam', 'expanded_url': 'https://twitter.com/Lotus_indrajit/status/1588751018422325248', 'display_url': 'twitter.com/Lotus_indrajit…', 'indices': [2, 25]}]}","<a href=""https://mobile.twitter.com"" rel=""nofollow"">Twitter Web App</a>",,,,,,"{'id': 2664730894, 'id_str': '2664730894', 'name': 'olawale 💨', 'screen_name': 'wale_io', 'location': '🎈', 'description': ""man's just here innit"", 'url': None, 'entities': {'description': {'urls': []}}, 'protected': False, 'followers_count': 120, 'friends_count': 1129, 'listed_count': 0, 'created_at': 'Wed Jul 02 17:56:46 +0000 2014', 'favourites_count': 4818, 'utc_offset': None, 'time_zone': None, 'geo_enabled': False, 'verified': False, 'statuses_count': 2005, 'lang': None, 'contributors_enabled': False, 'is_translator': False, 'is_translation_enabled': False, 'profile_background_color': 'C0DEED', 'profile_background_image_url': 'http://abs.twimg.com/images/themes/theme1/bg.png', 'profile_background_image_url_https': 'https://abs.twimg.com/images/themes/theme1/bg.png', 'profile_background_tile': False, 'profile_image_url': 'http://pbs.twimg.com/profile_images/1478376381717401605/k4aboywe_normal.png', 'profile_image_url_https': 'https://pbs.twimg.com/profile_images/1478376381717401605/k4aboywe_normal.png', 'profile_banner_url': 'https://pbs.twimg.com/profile_banners/2664730894/1641307466', 'profile_link_color': '1DA1F2', 'profile_sidebar_border_color': 'C0DEED', 'profile_sidebar_fill_color': 'DDEEF6', 'profile_text_color': '333333', 'profile_use_background_image': True, 'has_extended_profile': False, 'default_profile': True, 'default_profile_image': False, 'following': False, 'follow_request_sent': False, 'notifications': False, 'translator_type': 'none', 'withheld_in_countries': []}",,,,,True,1.5887510184223252e+18,1.5887510184223252e+18,"{'created_at': 'Sat Nov 05 04:32:15 +0000 2022', 'id': 1588751018422325248, 'id_str': '1588751018422325248', 'text': '@elonmusk Elon Musk is single-handedly fixing Twitter bugs after laying off all employees! @elonmusk https://t.co/YGLGk0Yivq', 'truncated': False, 'entities': {'hashtags': [], 'symbols': [], 'user_mentions': [{'screen_name': 'elonmusk', 'name': 'Elon Musk', 'id': 44196397, 'id_str': '44196397', 'indices': [0, 9]}, {'screen_name': 'elonmusk', 'name': 'Elon Musk', 'id': 44196397, 'id_str': '44196397', 'indices': [91, 100]}], 'urls': [], 'media': [{'id': 1588751010692222976, 'id_str': '1588751010692222976', 'indices': [101, 124], 'media_url': 'http://pbs.twimg.com/media/FgxgoGzaUAAROgw.jpg', 'media_url_https': 'https://pbs.twimg.com/media/FgxgoGzaUAAROgw.jpg', 'url': 'https://t.co/YGLGk0Yivq', 'display_url': 'pic.twitter.com/YGLGk0Yivq', 'expanded_url': 'https://twitter.com/Lotus_indrajit/status/1588751018422325248/photo/1', 'type': 'photo', 'sizes': {'thumb': {'w': 150, 'h': 150, 'resize': 'crop'}, 'small': {'w': 680, 'h': 383, 'resize': 'fit'}, 'large': {'w': 720, 'h': 405, 'resize': 'fit'}, 'medium': {'w': 720, 'h': 405, 'resize': 'fit'}}}]}, 'extended_entities': {'media': [{'id': 1588751010692222976, 'id_str': '1588751010692222976', 'indices': [101, 124], 'media_url': 'http://pbs.twimg.com/media/FgxgoGzaUAAROgw.jpg', 'media_url_https': 'https://pbs.twimg.com/media/FgxgoGzaUAAROgw.jpg', 'url': 'https://t.co/YGLGk0Yivq', 'display_url': 'pic.twitter.com/YGLGk0Yivq', 'expanded_url': 'https://twitter.com/Lotus_indrajit/status/1588751018422325248/photo/1', 'type': 'photo', 'sizes': {'thumb': {'w': 150, 'h': 150, 'resize': 'crop'}, 'small': {'w': 680, 'h': 383, 'resize': 'fit'}, 'large': {'w': 720, 'h': 405, 'resize': 'fit'}, 'medium': {'w': 720, 'h': 405, 'resize': 'fit'}}}]}, 'source': '<a href=""http://twitter.com/download/iphone"" rel=""nofollow"">Twitter for iPhone</a>', 'in_reply_to_status_id': 1588750686006947840, 'in_reply_to_status_id_str': '1588750686006947840', 'in_reply_to_user_id': 44196397, 'in_reply_to_user_id_str': '44196397', 'in_reply_to_screen_name': 'elonmusk', 'user': {'id': 1568523229790093312, 'id_str': '1568523229790093312', 'name': 'Indrajit (Parody)', 'screen_name': 'Lotus_indrajit', 'location': 'अखंड भारत', 'description': '🚩 त्रेतायुगीन ▫️राष्ट्रवादी राक्षस वंशीय ▫️ ⚔जय श्रीराम🚩 Threads, Memes, Satire 💫', 'url': None, 'entities': {'description': {'urls': []}}, 'protected': False, 'followers_count': 3868, 'friends_count': 288, 'listed_count': 6, 'created_at': 'Sat Sep 10 08:54:28 +0000 2022', 'favourites_count': 8908, 'utc_offset': None, 'time_zone': None, 'geo_enabled': True, 'verified': False, 'statuses_count': 8524, 'lang': None, 'contributors_enabled': False, 'is_translator': False, 'is_translation_enabled': False, 'profile_background_color': 'F5F8FA', 'profile_background_image_url': None, 'profile_background_image_url_https': None, 'profile_background_tile': False, 'profile_image_url': 'http://pbs.twimg.com/profile_images/1580181932687728640/tM8AlRI-_normal.jpg', 'profile_image_url_https': 'https://pbs.twimg.com/profile_images/1580181932687728640/tM8AlRI-_normal.jpg', 'profile_banner_url': 'https://pbs.twimg.com/profile_banners/1568523229790093312/1662905545', 'profile_link_color': '1DA1F2', 'profile_sidebar_border_color': 'C0DEED', 'profile_sidebar_fill_color': 'DDEEF6', 'profile_text_color': '333333', 'profile_use_background_image': True, 'has_extended_profile': False, 'default_profile': True, 'default_profile_image': False, 'following': False, 'follow_request_sent': False, 'notifications': False, 'translator_type': 'none', 'withheld_in_countries': []}, 'geo': None, 'coordinates': None, 'place': None, 'contributors': None, 'is_quote_status': False, 'retweet_count': 174, 'favorite_count': 2725, 'favorited': False, 'retweeted': False, 'possibly_sensitive': False, 'lang': 'en'}",0,0,False,False,False,art,[],[],[],"[{'url': 'https://t.co/Pw2kb9dEam', 'expanded_url': 'https://twitter.com/Lotus_indrajit/status/1588751018422325248', 'display_url': 'twitter.com/Lotus_indrajit…', 'indices': [2, 25]}]",0,0,0,1,2664730894
1266703520205549568,human,Tue Oct 25 11:38:44 +0000 2022,1584872082978254848,1584872082978254848,@ScuderiaFerrari @Carlossainz55 Holy spirit activate,False,"{'hashtags': [], 'symbols': [], 'user_mentions': [{'screen_name': 'ScuderiaFerrari', 'name': 'Scuderia Ferrari', 'id': 108247668, 'id_str': '108247668', 'indices': [0, 16]}, {'screen_name': 'Carlossainz55', 'name': 'Carlos Sainz', 'id': 353786894, 'id_str': '353786894', 'indices': [17, 31]}], 'urls': []}","<a href=""http://twitter.com/download/iphone"" rel=""nofollow"">Twitter for iPhone</a>",1.584871955362349e+18,1.584871955362349e+18,108247668.0,108247668.0,ScuderiaFerrari,"{'id': 1266703520205549568, 'id_str': '1266703520205549568', 'name': 'penny\U0001fae2', 'screen_name': 'b_panagiota', 'location': '', 'description': '👽', 'url': None, 'entities': {'description': {'urls': []}}, 'protected': False, 'followers_count': 6, 'friends_count': 50, 'listed_count': 0, 'created_at': 'Sat May 30 12:10:45 +0000 2020', 'favourites_count': 1105, 'utc_offset': None, 'time_zone': None, 'geo_enabled': False, 'verified': False, 'statuses_count': 84, 'lang': None, 'contributors_enabled': False, 'is_translator': False, 'is_translation_enabled': False, 'profile_background_color': 'F5F8FA', 'profile_background_image_url': None, 'profile_background_image_url_https': None, 'profile_background_tile': False, 'profile_image_url': 'http://pbs.twimg.com/profile_images/1542298658913357825/zsDcrMnc_normal.jpg', 'profile_image_url_https': 'https://pbs.twimg.com/profile_images/1542298658913357825/zsDcrMnc_normal.jpg', 'profile_banner_url': 'https://pbs.twimg.com/profile_banners/1266703520205549568/1656547640', 'profile_link_color': '1DA1F2', 'profile_sidebar_border_color': 'C0DEED', 'profile_sidebar_fill_color': 'DDEEF6', 'profile_text_color': '333333', 'profile_use_background_image': True, 'has_extended_profile': False, 'default_profile': True, 'default_profile_image': False, 'following': False, 'follow_request_sent': False, 'notifications': False, 'translator_type': 'none', 'withheld_in_countries': []}",,,,,False,,,,0,1,False,False,,en,[],[],"[{'screen_name': 'ScuderiaFerrari', 'name': 'Scuderia Ferrari', 'id': 108247668, 'id_str': '108247668', 'indices': [0, 16]}, {'screen_name': 'Carlossainz55', 'name': 'Carlos Sainz', 'id': 353786894, 'id_str': '353786894', 'indices': [17, 31]}]",[],0,0,2,0,1266703520205549568
1089159225148882949,human,Fri Oct 21 14:46:49 +0000 2022,1583469864097746944,1583469864097746944,@DrEllenEaton @IDWeek2022 @asherjs @KinnaThakarar @dsolsMD @IDDoc1978 @serotavirus *massive FOMO sets in*,False,"{'hashtags': [], 'symbols': [], 'user_mentions': [{'screen_name': 'DrEllenEaton', 'name': 'Ellen Eaton', 'id': 1048333373314228224, 'id_str': '1048333373314228224', 'indices': [0, 13]}, {'screen_name': 'IDWeek2022', 'name': 'IDWeek', 'id': 472138534, 'id_str': '472138534', 'indices': [14, 25]}, {'screen_name': 'asherjs', 'name': 'asher schranz', 'id': 37371056, 'id_str': '37371056', 'indices': [26, 34]}, {'screen_name': 'KinnaThakarar', 'name': 'Kinna Thakarar (she/her)', 'id': 2789013655, 'id_str': '2789013655', 'indices': [35, 49]}, {'screen_name': 'dsolsMD', 'name': 'Daniel Solomon', 'id': 1124049362508812288, 'id_str': '1124049362508812288', 'indices': [50, 58]}, {'screen_name': 'IDDoc1978', 'name': 'Alysse Wurcel', 'id': 584956849, 'id_str': '584956849', 'indices': [59, 69]}, {'screen_name': 'serotavirus', 'name': 'David Serota', 'id': 20541111, 'id_str': '20541111', 'indices': [70, 82]}], 'urls': []}","<a href=""http://twitter.com/download/iphone"" rel=""nofollow"">Twitter for iPhone</a>",1.5834611835497595e+18,1.5834611835497595e+18,1.0483333733142282e+18,1.0483333733142282e+18,DrEllenEaton,"{'id': 1089159225148882949, 'id_str': '1089159225148882949', 'name': 'Jacqueline Hodges, MD MPH', 'screen_name': 'jachodges_md', 'location': 'Charlottesville, VA', 'description': 'mama to maya. ABIM research pathway fellow @UVA_ID. interests in mobile health, person-centered care, and implementation science. HIV/HCV, TB, substance use.', 'url': None, 'entities': {'description': {'urls': []}}, 'protected': False, 'followers_count': 453, 'friends_count': 734, 'listed_count': 1, 'created_at': 'Sat Jan 26 13:52:49 +0000 2019', 'favourites_count': 3816, 'utc_offset': None, 'time_zone': None, 'geo_enabled': True, 'verified': False, 'statuses_count': 324, 'lang': None, 'contributors_enabled': False, 'is_translator': False, 'is_translation_enabled': False, 'profile_background_color': 'F5F8FA', 'profile_background_image_url': None, 'profile_background_image_url_https': None, 'profile_background_tile': False, 'profile_image_url': 'http://pbs.twimg.com/profile_images/1583076872535023616/zF1OxN7R_normal.jpg', 'profile_image_url_https': 'https://pbs.twimg.com/profile_images/1583076872535023616/zF1OxN7R_normal.jpg', 'profile_banner_url': 'https://pbs.twimg.com/profile_banners/1089159225148882949/1617208539', 'profile_link_color': '1DA1F2', 'profile_sidebar_border_color': 'C0DEED', 'profile_sidebar_fill_color': 'DDEEF6', 'profile_text_color': '333333', 'profile_use_background_image': True, 'has_extended_profile': False, 'default_profile': True, 'default_profile_image': False, 'following': False, 'follow_request_sent': False, 'notifications': False, 'translator_type': 'none', 'withheld_in_countries': []}",,,,,False,,,,0,1,False,False,,pt,[],[],"[{'screen_name': 'DrEllenEaton', 'name': 'Ellen Eaton', 'id': 1048333373314228224, 'id_str': '1048333373314228224', 'indices': [0, 13]}, {'screen_name': 'IDWeek2022', 'name': 'IDWeek', 'id': 472138534, 'id_str': '472138534', 'indices': [14, 25]}, {'screen_name': 'asherjs', 'name': 'asher schranz', 'id': 37371056, 'id_str': '37371056', 'indices': [26, 34]}, {'screen_name': 'KinnaThakarar', 'name': 'Kinna Thakarar (she/her)', 'id': 2789013655, 'id_str': '2789013655', 'indices': [35, 49]}, {'screen_name': 'dsolsMD', 'name': 'Daniel Solomon', 'id': 1124049362508812288, 'id_str': '1124049362508812288', 'indices': [50, 58]}, {'screen_name': 'IDDoc1978', 'name': 'Alysse Wurcel', 'id': 584956849, 'id_str': '584956849', 'indices': [59, 69]}, {'screen_name': 'serotavirus', 'name': 'David Serota', 'id': 20541111, 'id_str': '20541111', 'indices': [70, 82]}]",[],0,0,7,0,1089159225148882949
1679822588,bot,Mon Nov 18 13:01:51 +0000 2019,1196413208053141508,1196413208053141508,@tookishheart It's live now! Sorry about the wait!,False,"{'hashtags': [], 'symbols': [], 'user_mentions': [{'screen_name': 'tookishheart', 'name': 'liss', 'id': 2286874259, 'id_str': '2286874259', 'indices': [0, 13]}], 'urls': []}","<a href=""https://mobile.twitter.com"" rel=""nofollow"">Twitter Web App</a>",1.1963775236864287e+18,1.1963775236864287e+18,2286874259.0,2286874259.0,tookishheart,"{'id': 1679822588, 'id_str': '1679822588', 'name': 'Grian', 'screen_name': 'GrianMC', 'location': '🇬🇧', 'description': '', 'url': 'https://t.co/V3FyRYAsvK', 'entities': {'url': {'urls': [{'url': 'https://t.co/V3FyRYAsvK', 'expanded_url': 'http://www.youtube.com/c/grian', 'display_url': 'youtube.com/c/grian', 'indices': [0, 23]}]}, 'description': {'urls': []}}, 'protected': False, 'followers_count': 279824, 'friends_count': 291, 'listed_count': 655, 'created_at': 'Sun Aug 18 04:21:48 +0000 2013', 'favourites_count': 1254, 'utc_offset': None, 'time_zone': None, 'geo_enabled': False, 'verified': False, 'statuses_count': 1398, 'lang': None, 'contributors_enabled': False, 'is_translator': False, 'is_translation_enabled': False, 'profile_background_color': 'B5E22A', 'profile_background_image_url': 'http://abs.twimg.com/images/themes/theme1/bg.png', 'profile_background_image_url_https': 'https://abs.twimg.com/images/themes/theme1/bg.png', 'profile_background_tile': False, 'profile_image_url': 'http://pbs.twimg.com/profile_images/1007734613630947330/rj3Jkwed_normal.jpg', 'profile_image_url_https': 'https://pbs.twimg.com/profile_images/1007734613630947330/rj3Jkwed_normal.jpg', 'profile_banner_url': 'https://pbs.twimg.com/profile_banners/1679822588/1538393948', 'profile_link_color': '00B3A4', 'profile_sidebar_border_color': 'FFFFFF', 'profile_sidebar_fill_color': 'DDEEF6', 'profile_text_color': '333333', 'profile_use_background_image': True, 'has_extended_profile': True, 'default_profile': False, 'default_profile_image': False, 'following': False, 'follow_request_sent': False, 'notifications': False, 'translator_type': 'none', 'withheld_in_countries': []}",,,,,False,,,,1,380,False,False,,en,[],[],"[{'screen_name': 'tookishheart', 'name': 'liss', 'id': 2286874259, 'id_str': '2286874259', 'indices': [0, 13]}]",[],0,0,1,0,1679822588
1519144464,human,Tue Oct 25 07:45:18 +0000 2022,1584813337380261890,1584813337380261890,@UberFacts Car guard,False,"{'hashtags': [], 'symbols': [], 'user_mentions': [{'screen_name': 'UberFacts', 'name': 'UberFacts', 'id': 95023423, 'id_str': '95023423', 'indices': [0, 10]}], 'urls': []}","<a href=""http://twitter.com/download/iphone"" rel=""nofollow"">Twitter for iPhone</a>",1.5845915401558671e+18,1.5845915401558671e+18,95023423.0,95023423.0,UberFacts,"{'id': 1519144464, 'id_str': '1519144464', 'name': 'Nikhil Sewdass', 'screen_name': 'NikhilSewdass', 'location': 'Cape Town, South Africa', 'description': 'The hottest brownboy in the game. UCT🏛', 'url': None, 'entities': {'description': {'urls': []}}, 'protected': False, 'followers_count': 160, 'friends_count': 311, 'listed_count': 2, 'created_at': 'Sat Jun 15 11:34:55 +0000 2013', 'favourites_count': 105400, 'utc_offset': None, 'time_zone': None, 'geo_enabled': True, 'verified': False, 'statuses_count': 1009, 'lang': None, 'contributors_enabled': False, 'is_translator': False, 'is_translation_enabled': False, 'profile_background_color': 'C0DEED', 'profile_background_image_url': 'http://abs.twimg.com/images/themes/theme1/bg.png', 'profile_background_image_url_https': 'https://abs.twimg.com/images/themes/theme1/bg.png', 'profile_background_tile': False, 'profile_image_url': 'http://pbs.twimg.com/profile_images/1463106911562354688/QmIbBIhm_normal.jpg', 'profile_image_url_https': 'https://pbs.twimg.com/profile_images/1463106911562354688/QmIbBIhm_normal.jpg', 'profile_banner_url': 'https://pbs.twimg.com/profile_banners/1519144464/1612631805', 'profile_link_color': '1DA1F2', 'profile_sidebar_border_color': 'C0DEED', 'profile_sidebar_fill_color': 'DDEEF6', 'profile_text_color': '333333', 'profile_use_background_image': True, 'has_extended_profile': True, 'default_profile': True, 'default_profile_image': False, 'following': False, 'follow_request_sent': False, 'notifications': False, 'translator_type': 'none', 'withheld_in_countries': []}",,,,,False,,,,0,0,False,False,,en,[],[],"[{'screen_name': 'UberFacts', 'name': 'UberFacts', 'id': 95023423, 'id_str': '95023423', 'indices': [0, 10]}]",[],0,0,1,0,1519144464
15211869,human,Fri Nov 11 02:28:11 +0000 2022,1590894126559793154,1590894126559793154,I guess @elonmusk is seeing these accounts. https://t.co/NdR9mR6WpP,False,"{'hashtags': [], 'symbols': [], 'user_mentions': [{'screen_name': 'elonmusk', 'name': 'Elon Musk', 'id': 44196397, 'id_str': '44196397', 'indices': [8, 17]}], 'urls': [{'url': 'https://t.co/NdR9mR6WpP', 'expanded_url': 'https://twitter.com/TesIaReal/status/1590864074157748224', 'display_url': 'twitter.com/TesIaReal/stat…', 'indices': [44, 67]}]}","<a href=""http://twitter.com/download/android"" rel=""nofollow"">Twitter for Android</a>",,,,,,"{'id': 15211869, 'id_str': '15211869', 'name': 'James Love', 'screen_name': 'jamie_love', 'location': 'ÜT: 38.911326,-77.04508', 'description': 'Director, Knowledge Ecology International, an NGO working on knowledge governance', 'url': 'https://t.co/p7pouDKtSh', 'entities': {'url': {'urls': [{'url': 'https://t.co/p7pouDKtSh', 'expanded_url': 'http://www.keionline.org/jamie', 'display_url': 'keionline.org/jamie', 'indices': [0, 23]}]}, 'description': {'urls': []}}, 'protected': False, 'followers_count': 10718, 'friends_count': 2272, 'listed_count': 381, 'created_at': 'Mon Jun 23 20:59:59 +0000 2008', 'favourites_count': 19402, 'utc_offset': None, 'time_zone': None, 'geo_enabled': True, 'verified': True, 'statuses_count': 60752, 'lang': None, 'contributors_enabled': False, 'is_translator': False, 'is_translation_enabled': False, 'profile_background_color': '969C9C', 'profile_background_image_url': 'http://abs.twimg.com/images/themes/theme1/bg.png', 'profile_background_image_url_https': 'https://abs.twimg.com/images/themes/theme1/bg.png', 'profile_background_tile': False, 'profile_image_url': 'http://pbs.twimg.com/profile_images/1573660324175269889/NIBZ4tB-_normal.jpg', 'profile_image_url_https': 'https://pbs.twimg.com/profile_images/1573660324175269889/NIBZ4tB-_normal.jpg', 'profile_banner_url': 'https://pbs.twimg.com/profile_banners/15211869/1469756147', 'profile_link_color': '0084B4', 'profile_sidebar_border_color': 'BDDCAD', 'profile_sidebar_fill_color': 'DDFFCC', 'profile_text_color': '333333', 'profile_use_background_image': False, 'has_extended_profile': True, 'default_profile': False, 'default_profile_image': False, 'following': False, 'follow_request_sent': False, 'notifications': False, 'translator_type': 'none', 'withheld_in_countries': []}",,,,,True,1.5908640741577482e+18,1.5908640741577482e+18,,0,0,False,False,False,en,[],[],"[{'screen_name': 'elonmusk', 'name': 'Elon Musk', 'id': 44196397, 'id_str': '44196397', 'indices': [8, 17]}]","[{'url': 'https://t.co/NdR9mR6WpP', 'expanded_url': 'https://twitter.com/TesIaReal/status/1590864074157748224', 'display_url': 'twitter.com/TesIaReal/stat…', 'indices': [44, 67]}]",0,0,1,1,15211869
1309034737756000256,human,Sat Mar 20 19:12:27 +0000 2021,1373351748987936777,1373351748987936777,"@AnnofAlba @Dougmcg1 Absolutely, taking a belt and braces approach. 😂😂",False,"{'hashtags': [], 'symbols': [], 'user_mentions': [{'screen_name': 'Dougmcg1', 'name': 'Doug McFerrari 🇮🇹', 'id': 2797972304, 'id_str': '2797972304', 'indices': [11, 20]}], 'urls': []}","<a href=""http://twitter.com/download/android"" rel=""nofollow"">Twitter for Android</a>",1.3733516368742277e+18,1.3733516368742277e+18,9.94871935568892e+17,9.948719355688919e+17,AlbanAnnH,"{'id': 1309034737756000256, 'id_str': '1309034737756000256', 'name': 'Michael Goves Coke Dealer', 'screen_name': 'CokeGoves', 'location': '', 'description': 'well busy', 'url': None, 'entities': {'description': {'urls': []}}, 'protected': False, 'followers_count': 199, 'friends_count': 220, 'listed_count': 0, 'created_at': 'Thu Sep 24 07:39:51 +0000 2020', 'favourites_count': 85, 'utc_offset': None, 'time_zone': None, 'geo_enabled': False, 'verified': False, 'statuses_count': 27, 'lang': None, 'contributors_enabled': False, 'is_translator': False, 'is_translation_enabled': False, 'profile_background_color': 'F5F8FA', 'profile_background_image_url': None, 'profile_background_image_url_https': None, 'profile_background_tile': False, 'profile_image_url': 'http://pbs.twimg.com/profile_images/1309035532287172611/KsSfMoo8_normal.jpg', 'profile_image_url_https': 'https://pbs.twimg.com/profile_images/1309035532287172611/KsSfMoo8_normal.jpg', 'profile_link_color': '1DA1F2', 'profile_sidebar_border_color': 'C0DEED', 'profile_sidebar_fill_color': 'DDEEF6', 'profile_text_color': '333333', 'profile_use_background_image': True, 'has_extended_profile': True, 'default_profile': True, 'default_profile_image': False, 'following': False, 'follow_request_sent': False, 'notifications': False, 'translator_type': 'none', 'withheld_in_countries': []}",,,,,False,,,,0,1,False,False,,en,[],[],"[{'screen_name': 'Dougmcg1', 'name': 'Doug McFerrari 🇮🇹', 'id': 2797972304, 'id_str': '2797972304', 'indices': [11, 20]}]",[],0,0,1,0,1309034737756000256
848975226,human,Tue Jul 05 06:25:56 +0000 2022,1544205923954167810,1544205923954167810,@Ernestou .,False,"{'hashtags': [], 'symbols': [], 'user_mentions': [{'screen_name': 'Ernestou', 'name': 'Ernesto Provitilo', 'id': 58612703, 'id_str': '58612703', 'indices': [0, 9]}], 'urls': []}","<a href=""http://twitter.com/download/android"" rel=""nofollow"">Twitter for Android</a>",1.544084382050181e+18,1.544084382050181e+18,58612703.0,58612703.0,Ernestou,"{'id': 848975226, 'id_str': '848975226', 'name': 'Javier Santiago-Arcos', 'screen_name': 'fjsantiagoarcos', 'location': '', 'description': 'PhD student in the heterogenous biocatalysis group at CIC biomaGUNE', 'url': None, 'entities': {'description': {'urls': []}}, 'protected': False, 'followers_count': 75, 'friends_count': 191, 'listed_count': 0, 'created_at': 'Thu Sep 27 09:49:18 +0000 2012', 'favourites_count': 684, 'utc_offset': None, 'time_zone': None, 'geo_enabled': False, 'verified': False, 'statuses_count': 652, 'lang': None, 'contributors_enabled': False, 'is_translator': False, 'is_translation_enabled': False, 'profile_background_color': 'C0DEED', 'profile_background_image_url': 'http://abs.twimg.com/images/themes/theme1/bg.png', 'profile_background_image_url_https': 'https://abs.twimg.com/images/themes/theme1/bg.png', 'profile_background_tile': False, 'profile_image_url': 'http://pbs.twimg.com/profile_images/1173937456615440384/CA7fg0uA_normal.jpg', 'profile_image_url_https': 'https://pbs.twimg.com/profile_images/1173937456615440384/CA7fg0uA_normal.jpg', 'profile_banner_url': 'https://pbs.twimg.com/profile_banners/848975226/1568723476', 'profile_link_color': '1DA1F2', 'profile_sidebar_border_color': 'C0DEED', 'profile_sidebar_fill_color': 'DDEEF6', 'profile_text_color': '333333', 'profile_use_background_image': True, 'has_extended_profile': False, 'default_profile': True, 'default_profile_image': False, 'following': False, 'follow_request_sent': False, 'notifications': False, 'translator_type': 'none', 'withheld_in_countries': []}",,,,,False,,,,0,0,False,False,,qam,[],[],"[{'screen_name': 'Ernestou', 'name': 'Ernesto Provitilo', 'id': 58612703, 'id_str': '58612703', 'indices': [0, 9]}]",[],0,0,1,0,848975226
1109809482656149504,human,Fri Mar 25 13:27:35 +0000 2022,1507348470914420736,1507348470914420736,@QuantumYakar @MKieferova Bullshit,False,"{'hashtags': [], 'symbols': [], 'user_mentions': [{'screen_name': 'QuantumYakar', 'name': '|Iftach Yakar⟩', 'id': 1493237360833835015, 'id_str': '1493237360833835015', 'indices': [0, 13]}, {'screen_name': 'MKieferova', 'name': 'Marika Kieferova', 'id': 1511333281, 'id_str': '1511333281', 'indices': [14, 25]}], 'urls': []}","<a href=""https://mobile.twitter.com"" rel=""nofollow"">Twitter Web App</a>",1.506683957357785e+18,1.506683957357785e+18,1.493237360833835e+18,1.493237360833835e+18,QuantumYakar,"{'id': 1109809482656149504, 'id_str': '1109809482656149504', 'name': 'Quantum Bullshit Detector', 'screen_name': 'BullshitQuantum', 'location': '', 'description': 'Often correct albeit not infallible\n-Scott Aaronson', 'url': None, 'entities': {'description': {'urls': []}}, 'protected': False, 'followers_count': 12936, 'friends_count': 389, 'listed_count': 118, 'created_at': 'Sun Mar 24 13:29:34 +0000 2019', 'favourites_count': 90, 'utc_offset': None, 'time_zone': None, 'geo_enabled': False, 'verified': False, 'statuses_count': 775, 'lang': None, 'contributors_enabled': False, 'is_translator': False, 'is_translation_enabled': False, 'profile_background_color': 'F5F8FA', 'profile_background_image_url': None, 'profile_background_image_url_https': None, 'profile_background_tile': False, 'profile_image_url': 'http://pbs.twimg.com/profile_images/1109811750382108672/uFNvFwnI_normal.png', 'profile_image_url_https': 'https://pbs.twimg.com/profile_images/1109811750382108672/uFNvFwnI_normal.png', 'profile_banner_url': 'https://pbs.twimg.com/profile_banners/1109809482656149504/1553435046', 'profile_link_color': '1DA1F2', 'profile_sidebar_border_color': 'C0DEED', 'profile_sidebar_fill_color': 'DDEEF6', 'profile_text_color': '333333', 'profile_use_background_image': True, 'has_extended_profile': False, 'default_profile': True, 'default_profile_image': False, 'following': False, 'follow_request_sent': False, 'notifications': False, 'translator_type': 'none', 'withheld_in_countries': []}",,,,,False,,,,0,3,False,False,,en,[],[],"[{'screen_name': 'QuantumYakar', 'name': '|Iftach Yakar⟩', 'id': 1493237360833835015, 'id_str': '1493237360833835015', 'indices': [0, 13]}, {'screen_name': 'MKieferova', 'name': 'Marika Kieferova', 'id': 1511333281, 'id_str': '1511333281', 'indices': [14, 25]}]",[],0,0,2,0,1109809482656149504
138814032,human,Thu Nov 10 11:00:00 +0000 2022,1590660542292803590,1590660542292803590,"Quiero compartir con ustedes el siguiente video. A raíz de los hechos que van a ver y escuchar, he instruido a mis… https://t.co/NnhYq346UW",True,"{'hashtags': [], 'symbols': [], 'user_mentions': [], 'urls': [{'url': 'https://t.co/NnhYq346UW', 'expanded_url': 'https://twitter.com/i/web/status/1590660542292803590', 'display_url': 'twitter.com/i/web/status/1…', 'indices': [116, 139]}]}","<a href=""https://studio.twitter.com"" rel=""nofollow"">Twitter Media Studio</a>",,,,,,"{'id': 138814032, 'id_str': '138814032', 'name': 'Cristina Kirchner', 'screen_name': 'CFKArgentina', 'location': 'Argentina', 'description': 'Militante peronista. Vicepresidenta de la República Argentina. 2 veces Presidenta mandato cumplido 🇦🇷', 'url': 'https://t.co/P8WemOJelF', 'entities': {'url': {'urls': [{'url': 'https://t.co/P8WemOJelF', 'expanded_url': 'https://www.cfkargentina.com', 'display_url': 'cfkargentina.com', 'indices': [0, 23]}]}, 'description': {'urls': []}}, 'protected': False, 'followers_count': 6119424, 'friends_count': 240, 'listed_count': 14459, 'created_at': 'Fri Apr 30 17:36:51 +0000 2010', 'favourites_count': 488, 'utc_offset': None, 'time_zone': None, 'geo_enabled': True, 'verified': True, 'statuses_count': 15745, 'lang': None, 'contributors_enabled': False, 'is_translator': False, 'is_translation_enabled': True, 'profile_background_color': 'AB48F2', 'profile_background_image_url': 'http://abs.twimg.com/images/themes/theme10/bg.gif', 'profile_background_image_url_https': 'https://abs.twimg.com/images/themes/theme10/bg.gif', 'profile_background_tile': False, 'profile_image_url': 'http://pbs.twimg.com/profile_images/1112014698/foto6-3.jpg_1__normal.jpg', 'profile_image_url_https': 'https://pbs.twimg.com/profile_images/1112014698/foto6-3.jpg_1__normal.jpg', 'profile_banner_url': 'https://pbs.twimg.com/profile_banners/138814032/1575985293', 'profile_link_color': '007BFF', 'profile_sidebar_border_color': 'FFFFFF', 'profile_sidebar_fill_color': 'E4EBF2', 'profile_text_color': 'BE14C7', 'profile_use_background_image': True, 'has_extended_profile': True, 'default_profile': False, 'default_profile_image': False, 'following': False, 'follow_request_sent': False, 'notifications': False, 'translator_type': 'regular', 'withheld_in_countries': []}",,,,,False,,,,19697,39951,False,False,False,es,[],[],[],"[{'url': 'https://t.co/NnhYq346UW', 'expanded_url': 'https://twitter.com/i/web/status/1590660542292803590', 'display_url': 'twitter.com/i/web/status/1…', 'indices': [116, 139]}]",0,0,0,1,138814032
457554412,human,Thu Nov 10 17:01:32 +0000 2022,1590751523696693248,1590751523696693248,"GLORIA ft @Jessiereyez, @originalkoffee, @kimpetras and @edsheeran!! 💛
https://t.co/pOxl6VGwdx #GLORIA https://t.co/Y0gPqoE8Bw",False,"{'hashtags': [{'text': 'GLORIA', 'indices': [95, 102]}], 'symbols': [], 'user_mentions': [{'screen_name': 'Jessiereyez', 'name': 'Doing great things bitch', 'id': 342292583, 'id_str': '342292583', 'indices': [10, 22]}, {'screen_name': 'originalkoffee', 'name': 'Koffee', 'id': 901535204107583490, 'id_str': '901535204107583490', 'indices': [24, 39]}, {'screen_name': 'kimpetras', 'name': 'KIM PETRAS 🕊', 'id': 31718004, 'id_str': '31718004', 'indices': [41, 51]}, {'screen_name': 'edsheeran', 'name': 'Ed Sheeran HQ', 'id': 85452649, 'id_str': '85452649', 'indices': [56, 66]}], 'urls': [{'url': 'https://t.co/pOxl6VGwdx', 'expanded_url': 'http://samsmith.world/Gloria', 'display_url': 'samsmith.world/Gloria', 'indices': [71, 94]}], 'media': [{'id': 1590751354275991552, 'id_str': '1590751354275991552', 'indices': [103, 126], 'media_url': 'http://pbs.twimg.com/ext_tw_video_thumb/1590751354275991552/pu/img/fAGq2wZfXvWUR5Wc.jpg', 'media_url_https': 'https://pbs.twimg.com/ext_tw_video_thumb/1590751354275991552/pu/img/fAGq2wZfXvWUR5Wc.jpg', 'url': 'https://t.co/Y0gPqoE8Bw', 'display_url': 'pic.twitter.com/Y0gPqoE8Bw', 'expanded_url': 'https://twitter.com/samsmith/status/1590751523696693248/video/1', 'type': 'photo', 'sizes': {'thumb': {'w': 150, 'h': 150, 'resize': 'crop'}, 'small': {'w': 383, 'h': 680, 'resize': 'fit'}, 'large': {'w': 720, 'h': 1280, 'resize': 'fit'}, 'medium': {'w': 675, 'h': 1200, 'resize': 'fit'}}}]}","<a href=""http://twitter.com/download/iphone"" rel=""nofollow"">Twitter for iPhone</a>",,,,,,"{'id': 457554412, 'id_str': '457554412', 'name': 'SAM SMITH', 'screen_name': 'samsmith', 'location': 'London, England', 'description': 'The new album GLORIA, January 27th ⚓️❤️\u200d🔥 Pre-order now', 'url': 'https://t.co/yBepq1bPWj', 'entities': {'url': {'urls': [{'url': 'https://t.co/yBepq1bPWj', 'expanded_url': 'http://samsmith.world/GloriaTW', 'display_url': 'samsmith.world/GloriaTW', 'indices': [0, 23]}]}, 'description': {'urls': []}}, 'protected': False, 'followers_count': 7893393, 'friends_count': 1290, 'listed_count': 4376, 'created_at': 'Sat Jan 07 15:05:53 +0000 2012', 'favourites_count': 37967, 'utc_offset': None, 'time_zone': None, 'geo_enabled': False, 'verified': True, 'statuses_count': 14806, 'lang': None, 'contributors_enabled': False, 'is_translator': False, 'is_translation_enabled': False, 'profile_background_color': '131516', 'profile_background_image_url': 'http://abs.twimg.com/images/themes/theme14/bg.gif', 'profile_background_image_url_https': 'https://abs.twimg.com/images/themes/theme14/bg.gif', 'profile_background_tile': False, 'profile_image_url': 'http://pbs.twimg.com/profile_images/1582061266507632642/2VEEppop_normal.jpg', 'profile_image_url_https': 'https://pbs.twimg.com/profile_images/1582061266507632642/2VEEppop_normal.jpg', 'profile_banner_url': 'https://pbs.twimg.com/profile_banners/457554412/1666027776', 'profile_link_color': 'ABB8C2', 'profile_sidebar_border_color': '000000', 'profile_sidebar_fill_color': 'F6F6F6', 'profile_text_color': '333333', 'profile_use_background_image': True, 'has_extended_profile': False, 'default_profile': False, 'default_profile_image': False, 'following': False, 'follow_request_sent': False, 'notifications': False, 'translator_type': 'none', 'withheld_in_countries': []}",,,,,False,,,,390,2306,False,False,False,en,"[{'text': 'GLORIA', 'indices': [95, 102]}]",[],"[{'screen_name': 'Jessiereyez', 'name': 'Doing great things bitch', 'id': 342292583, 'id_str': '342292583', 'indices': [10, 22]}, {'screen_name': 'originalkoffee', 'name': 'Koffee', 'id': 901535204107583490, 'id_str': '901535204107583490', 'indices': [24, 39]}, {'screen_name': 'kimpetras', 'name': 'KIM PETRAS 🕊', 'id': 31718004, 'id_str': '31718004', 'indices': [41, 51]}, {'screen_name': 'edsheeran', 'name': 'Ed Sheeran HQ', 'id': 85452649, 'id_str': '85452649', 'indices': [56, 66]}]","[{'url': 'https://t.co/pOxl6VGwdx', 'expanded_url': 'http://samsmith.world/Gloria', 'display_url': 'samsmith.world/Gloria', 'indices': [71, 94]}]",1,0,4,1,457554412
2465283662,bot,Fri Nov 11 16:17:26 +0000 2022,1591102810946666496,1591102810946666496,In Milan this weekend https://t.co/RiBgnilayS,False,"{'hashtags': [], 'symbols': [], 'user_mentions': [], 'urls': [], 'media': [{'id': 1591102771788271624, 'id_str': '1591102771788271624', 'indices': [22, 45], 'media_url': 'http://pbs.twimg.com/media/FhS7inmUUAgDKGB.jpg', 'media_url_https': 'https://pbs.twimg.com/media/FhS7inmUUAgDKGB.jpg', 'url': 'https://t.co/RiBgnilayS', 'display_url': 'pic.twitter.com/RiBgnilayS', 'expanded_url': 'https://twitter.com/_akhaliq/status/1591102810946666496/photo/1', 'type': 'photo', 'sizes': {'thumb': {'w': 150, 'h': 150, 'resize': 'crop'}, 'small': {'w': 680, 'h': 351, 'resize': 'fit'}, 'medium': {'w': 1200, 'h': 620, 'resize': 'fit'}, 'large': {'w': 2048, 'h': 1058, 'resize': 'fit'}}}]}","<a href=""http://twitter.com/download/iphone"" rel=""nofollow"">Twitter for iPhone</a>",,,,,,"{'id': 2465283662, 'id_str': '2465283662', 'name': 'AK', 'screen_name': '_akhaliq', 'location': '', 'description': 'paper tweets, dms are open, ML @Gradio (acq. by @HuggingFace 🤗)\n\npatreon: https://t.co/XVKhdjfORB', 'url': 'https://t.co/IwgCvcuxfU', 'entities': {'url': {'urls': [{'url': 'https://t.co/IwgCvcuxfU', 'expanded_url': 'http://linkedin.com/in/ahsenkhaliq', 'display_url': 'linkedin.com/in/ahsenkhaliq', 'indices': [0, 23]}]}, 'description': {'urls': [{'url': 'https://t.co/XVKhdjfORB', 'expanded_url': 'https://www.patreon.com/akhaliq', 'display_url': 'patreon.com/akhaliq', 'indices': [74, 97]}]}}, 'protected': False, 'followers_count': 91052, 'friends_count': 1662, 'listed_count': 1103, 'created_at': 'Sun Apr 27 00:20:12 +0000 2014', 'favourites_count': 21482, 'utc_offset': None, 'time_zone': None, 'geo_enabled': False, 'verified': False, 'statuses_count': 14137, 'lang': None, 'contributors_enabled': False, 'is_translator': False, 'is_translation_enabled': False, 'profile_background_color': 'C0DEED', 'profile_background_image_url': 'http://abs.twimg.com/images/themes/theme1/bg.png', 'profile_background_image_url_https': 'https://abs.twimg.com/images/themes/theme1/bg.png', 'profile_background_tile': False, 'profile_image_url': 'http://pbs.twimg.com/profile_images/1451191636810092553/kpM5Fe12_normal.jpg', 'profile_image_url_https': 'https://pbs.twimg.com/profile_images/1451191636810092553/kpM5Fe12_normal.jpg', 'profile_banner_url': 'https://pbs.twimg.com/profile_banners/2465283662/1610997549', 'profile_link_color': '1DA1F2', 'profile_sidebar_border_color': 'C0DEED', 'profile_sidebar_fill_color': 'DDEEF6', 'profile_text_color': '333333', 'profile_use_background_image': True, 'has_extended_profile': True, 'default_profile': True, 'default_profile_image': False, 'following': False, 'follow_request_sent': False, 'notifications': False, 'translator_type': 'none', 'withheld_in_countries': []}",,,,,False,,,,0,3,False,False,False,en,[],[],[],[],0,0,0,0,2465283662
1467973039883182090,human,Wed Jul 13 15:12:08 +0000 2022,1547237449063174146,1547237449063174146,مهم تر از بودن به موقع بودنه!,False,"{'hashtags': [], 'symbols': [], 'user_mentions': [], 'urls': []}","<a href=""http://twitter.com/download/android"" rel=""nofollow"">Twitter for Android</a>",,,,,,"{'id': 1467973039883182090, 'id_str': '1467973039883182090', 'name': 'زردک :)', 'screen_name': '_crwkmz_', 'location': '', 'description': 'https://t.co/Hmg5gBvd9A', 'url': None, 'entities': {'description': {'urls': [{'url': 'https://t.co/Hmg5gBvd9A', 'expanded_url': 'http://t.me/BiChatBot?start=sc-666704-UIL4XqR', 'display_url': 't.me/BiChatBot?star…', 'indices': [0, 23]}]}}, 'protected': False, 'followers_count': 2963, 'friends_count': 2972, 'listed_count': 0, 'created_at': 'Mon Dec 06 21:44:04 +0000 2021', 'favourites_count': 854, 'utc_offset': None, 'time_zone': None, 'geo_enabled': False, 'verified': False, 'statuses_count': 494, 'lang': None, 'contributors_enabled': False, 'is_translator': False, 'is_translation_enabled': False, 'profile_background_color': 'F5F8FA', 'profile_background_image_url': None, 'profile_background_image_url_https': None, 'profile_background_tile': False, 'profile_image_url': 'http://pbs.twimg.com/profile_images/1507042800893792256/_c2vUZr__normal.jpg', 'profile_image_url_https': 'https://pbs.twimg.com/profile_images/1507042800893792256/_c2vUZr__normal.jpg', 'profile_banner_url': 'https://pbs.twimg.com/profile_banners/1467973039883182090/1647713547', 'profile_link_color': '1DA1F2', 'profile_sidebar_border_color': 'C0DEED', 'profile_sidebar_fill_color': 'DDEEF6', 'profile_text_color': '333333', 'profile_use_background_image': True, 'has_extended_profile': True, 'default_profile': True, 'default_profile_image': False, 'following': False, 'follow_request_sent': False, 'notifications': False, 'translator_type': 'none', 'withheld_in_countries': []}",,,,,False,,,,0,25,False,False,,fa,[],[],[],[],0,0,0,0,1467973039883182090
234059290,human,Thu Nov 10 21:33:48 +0000 2022,1590820043117690880,1590820043117690880,@Carnage4Life https://t.co/itz0MtTZqj,False,"{'hashtags': [], 'symbols': [], 'user_mentions': [{'screen_name': 'Carnage4Life', 'name': 'Dare Obasanjo 🐀', 'id': 11336782, 'id_str': '11336782', 'indices': [0, 13]}], 'urls': [], 'media': [{'id': 1590820032333852672, 'id_str': '1590820032333852672', 'indices': [14, 37], 'media_url': 'http://pbs.twimg.com/tweet_video_thumb/FhO6ZBDVsAAVsQm.jpg', 'media_url_https': 'https://pbs.twimg.com/tweet_video_thumb/FhO6ZBDVsAAVsQm.jpg', 'url': 'https://t.co/itz0MtTZqj', 'display_url': 'pic.twitter.com/itz0MtTZqj', 'expanded_url': 'https://twitter.com/ProfBootyPhD/status/1590820043117690880/photo/1', 'type': 'photo', 'sizes': {'thumb': {'w': 150, 'h': 150, 'resize': 'crop'}, 'medium': {'w': 498, 'h': 280, 'resize': 'fit'}, 'small': {'w': 498, 'h': 280, 'resize': 'fit'}, 'large': {'w': 498, 'h': 280, 'resize': 'fit'}}}]}","<a href=""https://mobile.twitter.com"" rel=""nofollow"">Twitter Web App</a>",1.590819746542678e+18,1.590819746542678e+18,11336782.0,11336782.0,Carnage4Life,"{'id': 234059290, 'id_str': '234059290', 'name': 'Professor Booty PhD', 'screen_name': 'ProfBootyPhD', 'location': 'Salt Lake City,UT, USA', 'description': 'Come for the science (genetics & cell biology), stay for the social justice, parenting, comedy and random crap. #BlackLivesMatter #heynongman #GARABA', 'url': 'https://t.co/pKcvVO96Yk', 'entities': {'url': {'urls': [{'url': 'https://t.co/pKcvVO96Yk', 'expanded_url': 'https://profbootyphd.wordpress.com', 'display_url': 'profbootyphd.wordpress.com', 'indices': [0, 23]}]}, 'description': {'urls': []}}, 'protected': False, 'followers_count': 4780, 'friends_count': 4815, 'listed_count': 111, 'created_at': 'Tue Jan 04 19:11:39 +0000 2011', 'favourites_count': 252611, 'utc_offset': None, 'time_zone': None, 'geo_enabled': True, 'verified': False, 'statuses_count': 97352, 'lang': None, 'contributors_enabled': False, 'is_translator': False, 'is_translation_enabled': False, 'profile_background_color': '000000', 'profile_background_image_url': 'http://abs.twimg.com/images/themes/theme1/bg.png', 'profile_background_image_url_https': 'https://abs.twimg.com/images/themes/theme1/bg.png', 'profile_background_tile': False, 'profile_image_url': 'http://pbs.twimg.com/profile_images/551855299502411776/KWfPbWk5_normal.jpeg', 'profile_image_url_https': 'https://pbs.twimg.com/profile_images/551855299502411776/KWfPbWk5_normal.jpeg', 'profile_banner_url': 'https://pbs.twimg.com/profile_banners/234059290/1420407508', 'profile_link_color': '4A913C', 'profile_sidebar_border_color': '000000', 'profile_sidebar_fill_color': '000000', 'profile_text_color': '000000', 'profile_use_background_image': False, 'has_extended_profile': False, 'default_profile': False, 'default_profile_image': False, 'following': False, 'follow_request_sent': False, 'notifications': False, 'translator_type': 'none', 'withheld_in_countries': []}",,,,,False,,,,0,3,False,False,False,qme,[],[],"[{'screen_name': 'Carnage4Life', 'name': 'Dare Obasanjo 🐀', 'id': 11336782, 'id_str': '11336782', 'indices': [0, 13]}]",[],0,0,1,0,234059290
1142890104853106688,human,Thu Nov 10 20:07:58 +0000 2022,1590798442154307584,1590798442154307584,@intheOR ❤️,False,"{'hashtags': [], 'symbols': [], 'user_mentions': [{'screen_name': 'intheOR', 'name': 'Oscar Ruiz', 'id': 241162622, 'id_str': '241162622', 'indices': [0, 8]}], 'urls': []}","<a href=""http://itunes.apple.com/us/app/twitter/id409789998?mt=12"" rel=""nofollow"">Twitter for Mac</a>",1.5907870208965386e+18,1.5907870208965386e+18,241162622.0,241162622.0,intheOR,"{'id': 1142890104853106688, 'id_str': '1142890104853106688', 'name': 'wyomingwormboy', 'screen_name': 'wyomingwormboy', 'location': '', 'description': 'Quite likely the most eminent worm wrangler in the state of Wyoming named David. Professor, incurable class clown. He/Him/Jerk (if you know me well)', 'url': None, 'entities': {'description': {'urls': []}}, 'protected': False, 'followers_count': 3487, 'friends_count': 755, 'listed_count': 8, 'created_at': 'Sun Jun 23 20:20:09 +0000 2019', 'favourites_count': 33395, 'utc_offset': None, 'time_zone': None, 'geo_enabled': False, 'verified': False, 'statuses_count': 4585, 'lang': None, 'contributors_enabled': False, 'is_translator': False, 'is_translation_enabled': False, 'profile_background_color': 'F5F8FA', 'profile_background_image_url': None, 'profile_background_image_url_https': None, 'profile_background_tile': False, 'profile_image_url': 'http://pbs.twimg.com/profile_images/1328194800080744448/d6bKAsp0_normal.jpg', 'profile_image_url_https': 'https://pbs.twimg.com/profile_images/1328194800080744448/d6bKAsp0_normal.jpg', 'profile_banner_url': 'https://pbs.twimg.com/profile_banners/1142890104853106688/1605500677', 'profile_link_color': '1DA1F2', 'profile_sidebar_border_color': 'C0DEED', 'profile_sidebar_fill_color': 'DDEEF6', 'profile_text_color': '333333', 'profile_use_background_image': True, 'has_extended_profile': True, 'default_profile': True, 'default_profile_image': False, 'following': False, 'follow_request_sent': False, 'notifications': False, 'translator_type': 'none', 'withheld_in_countries': []}",,,,,False,,,,0,1,False,False,,und,[],[],"[{'screen_name': 'intheOR', 'name': 'Oscar Ruiz', 'id': 241162622, 'id_str': '241162622', 'indices': [0, 8]}]",[],0,0,1,0,1142890104853106688
779266494270173187,human,Wed Dec 01 07:06:09 +0000 2021,1465940265001046021,1465940265001046021,@safemoon Even website asking us to accept for cookies,False,"{'hashtags': [], 'symbols': [], 'user_mentions': [{'screen_name': 'safemoon', 'name': 'SafeMoon', 'id': 1366256262921523205, 'id_str': '1366256262921523205', 'indices': [0, 9]}], 'urls': []}","<a href=""https://mobile.twitter.com"" rel=""nofollow"">Twitter Web App</a>",1.465036064226263e+18,1.465036064226263e+18,1.3662562629215232e+18,1.3662562629215232e+18,safemoon,"{'id': 779266494270173187, 'id_str': '779266494270173187', 'name': 'Hitendra Khalasi', 'screen_name': 'Hitendrakhalasi', 'location': 'Surat, India', 'description': '', 'url': None, 'entities': {'description': {'urls': []}}, 'protected': False, 'followers_count': 15, 'friends_count': 159, 'listed_count': 1, 'created_at': 'Fri Sep 23 10:29:45 +0000 2016', 'favourites_count': 192, 'utc_offset': None, 'time_zone': None, 'geo_enabled': False, 'verified': False, 'statuses_count': 194, 'lang': None, 'contributors_enabled': False, 'is_translator': False, 'is_translation_enabled': False, 'profile_background_color': 'F5F8FA', 'profile_background_image_url': None, 'profile_background_image_url_https': None, 'profile_background_tile': False, 'profile_image_url': 'http://pbs.twimg.com/profile_images/1473649648342421509/P65_RdPl_normal.jpg', 'profile_image_url_https': 'https://pbs.twimg.com/profile_images/1473649648342421509/P65_RdPl_normal.jpg', 'profile_banner_url': 'https://pbs.twimg.com/profile_banners/779266494270173187/1485144413', 'profile_link_color': '1DA1F2', 'profile_sidebar_border_color': 'C0DEED', 'profile_sidebar_fill_color': 'DDEEF6', 'profile_text_color': '333333', 'profile_use_background_image': True, 'has_extended_profile': True, 'default_profile': True, 'default_profile_image': False, 'following': False, 'follow_request_sent': False, 'notifications': False, 'translator_type': 'none', 'withheld_in_countries': []}",,,,,False,,,,0,0,False,False,,en,[],[],"[{'screen_name': 'safemoon', 'name': 'SafeMoon', 'id': 1366256262921523205, 'id_str': '1366256262921523205', 'indices': [0, 9]}]",[],0,0,1,0,779266494270173187
284870222,human,Fri Nov 11 15:59:53 +0000 2022,1591098394252017667,1591098394252017667,"Anecdotally, again: the people going to Mastodon in my social circles are mostly middle-aged white people. That, co… https://t.co/6eWnHLJyU1",True,"{'hashtags': [], 'symbols': [], 'user_mentions': [], 'urls': [{'url': 'https://t.co/6eWnHLJyU1', 'expanded_url': 'https://twitter.com/i/web/status/1591098394252017667', 'display_url': 'twitter.com/i/web/status/1…', 'indices': [117, 140]}]}","<a href=""https://mobile.twitter.com"" rel=""nofollow"">Twitter Web App</a>",,,,,,"{'id': 284870222, 'id_str': '284870222', 'name': 'Anna Meier', 'screen_name': 'AnnaMeierPS', 'location': 'Nottingham, UK', 'description': 'Asst prof @NottsPolitics | institutional responses to white supremacist violence | @ISANortheast gov council | @UoNUCU 🏳️\u200d🌈 she/her | trans women are women', 'url': 'https://t.co/bnWgIr4Oyv', 'entities': {'url': {'urls': [{'url': 'https://t.co/bnWgIr4Oyv', 'expanded_url': 'http://annameier.net', 'display_url': 'annameier.net', 'indices': [0, 23]}]}, 'description': {'urls': []}}, 'protected': False, 'followers_count': 11524, 'friends_count': 2334, 'listed_count': 105, 'created_at': 'Wed Apr 20 03:30:01 +0000 2011', 'favourites_count': 16734, 'utc_offset': None, 'time_zone': None, 'geo_enabled': False, 'verified': False, 'statuses_count': 21753, 'lang': None, 'contributors_enabled': False, 'is_translator': False, 'is_translation_enabled': False, 'profile_background_color': '90BD9E', 'profile_background_image_url': 'http://abs.twimg.com/images/themes/theme1/bg.png', 'profile_background_image_url_https': 'https://abs.twimg.com/images/themes/theme1/bg.png', 'profile_background_tile': False, 'profile_image_url': 'http://pbs.twimg.com/profile_images/1513890808755326982/VLSvQYLp_normal.jpg', 'profile_image_url_https': 'https://pbs.twimg.com/profile_images/1513890808755326982/VLSvQYLp_normal.jpg', 'profile_banner_url': 'https://pbs.twimg.com/profile_banners/284870222/1638627193', 'profile_link_color': '4FA876', 'profile_sidebar_border_color': '000000', 'profile_sidebar_fill_color': '17402C', 'profile_text_color': 'DADEED', 'profile_use_background_image': False, 'has_extended_profile': False, 'default_profile': False, 'default_profile_image': False, 'following': False, 'follow_request_sent': False, 'notifications': False, 'translator_type': 'none', 'withheld_in_countries': []}",,,,,True,1.5904856684884337e+18,1.5904856684884337e+18,"{'created_at': 'Wed Nov 09 23:25:07 +0000 2022', 'id': 1590485668488433664, 'id_str': '1590485668488433664', 'text': 'Mastodon is manifesting as a platform for white people to “feel safe” from the discomfort of hearing about other pe… https://t.co/QPNZadZFio', 'truncated': True, 'entities': {'hashtags': [], 'symbols': [], 'user_mentions': [], 'urls': [{'url': 'https://t.co/QPNZadZFio', 'expanded_url': 'https://twitter.com/i/web/status/1590485668488433664', 'display_url': 'twitter.com/i/web/status/1…', 'indices': [117, 140]}]}, 'source': '<a href=""http://twitter.com/download/iphone"" rel=""nofollow"">Twitter for iPhone</a>', 'in_reply_to_status_id': 1590485665535643649, 'in_reply_to_status_id_str': '1590485665535643649', 'in_reply_to_user_id': 400882913, 'in_reply_to_user_id_str': '400882913', 'in_reply_to_screen_name': 'pati_gallardo', 'user': {'id': 400882913, 'id_str': '400882913', 'name': 'Patricia Aas 🐢🏳️\u200d🌈', 'screen_name': 'pati_gallardo', 'location': 'Oslo, Norge', 'description': 'C++ Programmer, Co-Founder of @turtlesec_no (ex-@opera ex-@Cisco ex-@vivaldibrowser), infosec, parent, bi 🏳️\u200d🌈, speaker, CoC required, NB, she/they @OsloCpp', 'url': 'https://t.co/UtsEUC1XvV', 'entities': {'url': {'urls': [{'url': 'https://t.co/UtsEUC1XvV', 'expanded_url': 'https://pleroma.patricia.no/@patricia', 'display_url': 'pleroma.patricia.no/@patricia', 'indices': [0, 23]}]}, 'description': {'urls': []}}, 'protected': False, 'followers_count': 18497, 'friends_count': 5349, 'listed_count': 315, 'created_at': 'Sat Oct 29 18:28:15 +0000 2011', 'favourites_count': 228887, 'utc_offset': None, 'time_zone': None, 'geo_enabled': False, 'verified': False, 'statuses_count': 88124, 'lang': None, 'contributors_enabled': False, 'is_translator': False, 'is_translation_enabled': False, 'profile_background_color': 'C0DEED', 'profile_background_image_url': 'http://abs.twimg.com/images/themes/theme1/bg.png', 'profile_background_image_url_https': 'https://abs.twimg.com/images/themes/theme1/bg.png', 'profile_background_tile': False, 'profile_image_url': 'http://pbs.twimg.com/profile_images/1163131847578148864/9tYy8vML_normal.jpg', 'profile_image_url_https': 'https://pbs.twimg.com/profile_images/1163131847578148864/9tYy8vML_normal.jpg', 'profile_banner_url': 'https://pbs.twimg.com/profile_banners/400882913/1505938017', 'profile_link_color': '1DA1F2', 'profile_sidebar_border_color': 'C0DEED', 'profile_sidebar_fill_color': 'DDEEF6', 'profile_text_color': '333333', 'profile_use_background_image': True, 'has_extended_profile': False, 'default_profile': True, 'default_profile_image': False, 'following': False, 'follow_request_sent': False, 'notifications': False, 'translator_type': 'none', 'withheld_in_countries': []}, 'geo': None, 'coordinates': None, 'place': None, 'contributors': None, 'is_quote_status': False, 'retweet_count': 808, 'favorite_count': 4556, 'favorited': False, 'retweeted': False, 'lang': 'en'}",0,8,False,False,False,en,[],[],[],"[{'url': 'https://t.co/6eWnHLJyU1', 'expanded_url': 'https://twitter.com/i/web/status/1591098394252017667', 'display_url': 'twitter.com/i/web/status/1…', 'indices': [117, 140]}]",0,0,0,1,284870222
2599121383,human,Fri Nov 04 16:16:34 +0000 2022,1588565878643228672,1588565878643228672,Just posted a photo @ Kolkata - The City of Joy https://t.co/iFF0WxoUG8,False,"{'hashtags': [], 'symbols': [], 'user_mentions': [], 'urls': [{'url': 'https://t.co/iFF0WxoUG8', 'expanded_url': 'https://www.instagram.com/p/Cki5_CDSzQv/?igshid=YTgzYjQ4ZTY=', 'display_url': 'instagram.com/p/Cki5_CDSzQv/…', 'indices': [48, 71]}]}","<a href=""http://instagram.com"" rel=""nofollow"">Instagram</a>",,,,,,"{'id': 2599121383, 'id_str': '2599121383', 'name': 'SSI Management', 'screen_name': 'SSIManagement', 'location': 'Parkstreet, Kolkata', 'description': 'SSI MANAGEMENT a Recruitment and Staffing firm of Talent Acquisition in various industry segments, has its Corporate Office in Kolkata with a PAN India presence', 'url': 'https://t.co/ojFneEp8KS', 'entities': {'url': {'urls': [{'url': 'https://t.co/ojFneEp8KS', 'expanded_url': 'http://www.ssimanagementconsultant.com', 'display_url': 'ssimanagementconsultant.com', 'indices': [0, 23]}]}, 'description': {'urls': []}}, 'protected': False, 'followers_count': 1254, 'friends_count': 126, 'listed_count': 0, 'created_at': 'Wed Jul 02 04:26:09 +0000 2014', 'favourites_count': 70, 'utc_offset': None, 'time_zone': None, 'geo_enabled': True, 'verified': False, 'statuses_count': 123, 'lang': None, 'contributors_enabled': False, 'is_translator': False, 'is_translation_enabled': False, 'profile_background_color': 'C0DEED', 'profile_background_image_url': 'http://abs.twimg.com/images/themes/theme1/bg.png', 'profile_background_image_url_https': 'https://abs.twimg.com/images/themes/theme1/bg.png', 'profile_background_tile': False, 'profile_image_url': 'http://pbs.twimg.com/profile_images/484198701074628609/JAfw3GtN_normal.jpeg', 'profile_image_url_https': 'https://pbs.twimg.com/profile_images/484198701074628609/JAfw3GtN_normal.jpeg', 'profile_banner_url': 'https://pbs.twimg.com/profile_banners/2599121383/1404276551', 'profile_link_color': '0018B3', 'profile_sidebar_border_color': 'C0DEED', 'profile_sidebar_fill_color': 'DDEEF6', 'profile_text_color': '333333', 'profile_use_background_image': True, 'has_extended_profile': True, 'default_profile': False, 'default_profile_image': False, 'following': False, 'follow_request_sent': False, 'notifications': False, 'translator_type': 'none', 'withheld_in_countries': []}","{'type': 'Point', 'coordinates': [22.57264571, 88.36372375]}","{'type': 'Point', 'coordinates': [88.36372375, 22.57264571]}","{'id': '70957ac3123b3249', 'url': 'https://api.twitter.com/1.1/geo/id/70957ac3123b3249.json', 'place_type': 'city', 'name': 'Kolkata', 'full_name': 'Kolkata, India', 'country_code': 'IN', 'country': 'India', 'contained_within': [], 'bounding_box': {'type': 'Polygon', 'coordinates': [[[88.094457, 22.269493], [88.610027, 22.269493], [88.610027, 22.955918], [88.094457, 22.955918]]]}, 'attributes': {}}",,False,,,,0,0,False,False,False,en,[],[],[],"[{'url': 'https://t.co/iFF0WxoUG8', 'expanded_url': 'https://www.instagram.com/p/Cki5_CDSzQv/?igshid=YTgzYjQ4ZTY=', 'display_url': 'instagram.com/p/Cki5_CDSzQv/…', 'indices': [48, 71]}]",0,0,0,1,2599121383
912974971370115072,human,Fri Nov 11 14:11:11 +0000 2022,1591071040176025603,1591071040176025603,"Familia, colegas de la ciencia, amigos...

Una foto para el recuerdo en el homenaje al profesor Enrique Ortí en su… https://t.co/9iVmxu50XE",True,"{'hashtags': [], 'symbols': [], 'user_mentions': [], 'urls': [{'url': 'https://t.co/9iVmxu50XE', 'expanded_url': 'https://twitter.com/i/web/status/1591071040176025603', 'display_url': 'twitter.com/i/web/status/1…', 'indices': [116, 139]}]}","<a href=""http://twitter.com/download/android"" rel=""nofollow"">Twitter for Android</a>",,,,,,"{'id': 912974971370115072, 'id_str': '912974971370115072', 'name': 'ICMol', 'screen_name': 'ICMol_UV', 'location': 'Valencia', 'description': 'Institute of Molecular Science, at @parccientificuv (Valencia). Materials science & nanoscience using a molecular approach. Unit of Excellence Maria de Maeztu.', 'url': 'https://t.co/GdQG0aBe8H', 'entities': {'url': {'urls': [{'url': 'https://t.co/GdQG0aBe8H', 'expanded_url': 'http://www.icmol.es', 'display_url': 'icmol.es', 'indices': [0, 23]}]}, 'description': {'urls': []}}, 'protected': False, 'followers_count': 2157, 'friends_count': 888, 'listed_count': 18, 'created_at': 'Wed Sep 27 09:39:30 +0000 2017', 'favourites_count': 2783, 'utc_offset': None, 'time_zone': None, 'geo_enabled': True, 'verified': True, 'statuses_count': 3069, 'lang': None, 'contributors_enabled': False, 'is_translator': False, 'is_translation_enabled': False, 'profile_background_color': 'F5F8FA', 'profile_background_image_url': None, 'profile_background_image_url_https': None, 'profile_background_tile': False, 'profile_image_url': 'http://pbs.twimg.com/profile_images/1406960364412153857/ZAUocf4__normal.jpg', 'profile_image_url_https': 'https://pbs.twimg.com/profile_images/1406960364412153857/ZAUocf4__normal.jpg', 'profile_banner_url': 'https://pbs.twimg.com/profile_banners/912974971370115072/1624280738', 'profile_link_color': '1DA1F2', 'profile_sidebar_border_color': 'C0DEED', 'profile_sidebar_fill_color': 'DDEEF6', 'profile_text_color': '333333', 'profile_use_background_image': True, 'has_extended_profile': True, 'default_profile': True, 'default_profile_image': False, 'following': False, 'follow_request_sent': False, 'notifications': False, 'translator_type': 'none', 'withheld_in_countries': []}",,,,,False,,,,1,4,False,False,False,es,[],[],[],"[{'url': 'https://t.co/9iVmxu50XE', 'expanded_url': 'https://twitter.com/i/web/status/1591071040176025603', 'display_url': 'twitter.com/i/web/status/1…', 'indices': [116, 139]}]",0,0,0,1,912974971370115072
1322906536029626368,human,Mon Jun 07 09:43:12 +0000 2021,1401837135544598530,1401837135544598530,@businessbarista In!,False,"{'hashtags': [], 'symbols': [], 'user_mentions': [{'screen_name': 'businessbarista', 'name': 'Alex Lieberman', 'id': 846417084192055296, 'id_str': '846417084192055296', 'indices': [0, 16]}], 'urls': []}","<a href=""http://twitter.com/download/iphone"" rel=""nofollow"">Twitter for iPhone</a>",1.401591091300909e+18,1.401591091300909e+18,8.464170841920553e+17,8.464170841920553e+17,businessbarista,"{'id': 1322906536029626368, 'id_str': '1322906536029626368', 'name': 'RosieGainez', 'screen_name': 'RosieGainez', 'location': '', 'description': '💫', 'url': None, 'entities': {'description': {'urls': []}}, 'protected': False, 'followers_count': 39, 'friends_count': 1535, 'listed_count': 2, 'created_at': 'Sun Nov 01 14:21:29 +0000 2020', 'favourites_count': 19, 'utc_offset': None, 'time_zone': None, 'geo_enabled': False, 'verified': False, 'statuses_count': 15, 'lang': None, 'contributors_enabled': False, 'is_translator': False, 'is_translation_enabled': False, 'profile_background_color': 'F5F8FA', 'profile_background_image_url': None, 'profile_background_image_url_https': None, 'profile_background_tile': False, 'profile_image_url': 'http://pbs.twimg.com/profile_images/1325188240438136836/0AbCOQue_normal.jpg', 'profile_image_url_https': 'https://pbs.twimg.com/profile_images/1325188240438136836/0AbCOQue_normal.jpg', 'profile_link_color': '1DA1F2', 'profile_sidebar_border_color': 'C0DEED', 'profile_sidebar_fill_color': 'DDEEF6', 'profile_text_color': '333333', 'profile_use_background_image': True, 'has_extended_profile': True, 'default_profile': True, 'default_profile_image': False, 'following': False, 'follow_request_sent': False, 'notifications': False, 'translator_type': 'none', 'withheld_in_countries': []}",,,,,False,,,,0,1,False,False,,und,[],[],"[{'screen_name': 'businessbarista', 'name': 'Alex Lieberman', 'id': 846417084192055296, 'id_str': '846417084192055296', 'indices': [0, 16]}]",[],0,0,1,0,1322906536029626368
83389771,human,Thu Nov 10 21:53:24 +0000 2022,1590824974520315904,1590824974520315904,@rbriaux @maxon Gonna heat the whole building with those renders 🔥,False,"{'hashtags': [], 'symbols': [], 'user_mentions': [{'screen_name': 'rbriaux', 'name': 'Romain Briaux', 'id': 85828063, 'id_str': '85828063', 'indices': [0, 8]}, {'screen_name': 'maxon', 'name': 'mase', 'id': 955627423676039168, 'id_str': '955627423676039168', 'indices': [9, 15]}], 'urls': []}","<a href=""https://tapbots.com/software/tweetbot/mac"" rel=""nofollow"">Tweetbot for Mac</a>",1.590806465152811e+18,1.590806465152811e+18,85828063.0,85828063.0,rbriaux,"{'id': 83389771, 'id_str': '83389771', 'name': 'Bruno Simon', 'screen_name': 'bruno_simon', 'location': 'Paris', 'description': 'Creative developer • Freelancer • Teacher • WebGL lover\nLearn how to create stunning 3D websites 👉 https://t.co/vAW4e3Er2Q', 'url': 'https://t.co/Sbkp89bn0m', 'entities': {'url': {'urls': [{'url': 'https://t.co/Sbkp89bn0m', 'expanded_url': 'https://bruno-simon.com', 'display_url': 'bruno-simon.com', 'indices': [0, 23]}]}, 'description': {'urls': [{'url': 'https://t.co/vAW4e3Er2Q', 'expanded_url': 'http://threejs-journey.com', 'display_url': 'threejs-journey.com', 'indices': [99, 122]}]}}, 'protected': False, 'followers_count': 47071, 'friends_count': 379, 'listed_count': 517, 'created_at': 'Sun Oct 18 16:06:58 +0000 2009', 'favourites_count': 9320, 'utc_offset': None, 'time_zone': None, 'geo_enabled': True, 'verified': False, 'statuses_count': 6152, 'lang': None, 'contributors_enabled': False, 'is_translator': False, 'is_translation_enabled': False, 'profile_background_color': '1A1819', 'profile_background_image_url': 'http://abs.twimg.com/images/themes/theme1/bg.png', 'profile_background_image_url_https': 'https://abs.twimg.com/images/themes/theme1/bg.png', 'profile_background_tile': False, 'profile_image_url': 'http://pbs.twimg.com/profile_images/1237999775905189889/YMC3U_UO_normal.jpg', 'profile_image_url_https': 'https://pbs.twimg.com/profile_images/1237999775905189889/YMC3U_UO_normal.jpg', 'profile_banner_url': 'https://pbs.twimg.com/profile_banners/83389771/1583696602', 'profile_link_color': 'FA743E', 'profile_sidebar_border_color': '000000', 'profile_sidebar_fill_color': 'F5F2DC', 'profile_text_color': '333333', 'profile_use_background_image': False, 'has_extended_profile': False, 'default_profile': False, 'default_profile_image': False, 'following': False, 'follow_request_sent': False, 'notifications': False, 'translator_type': 'none', 'withheld_in_countries': []}",,,,,False,,,,0,13,False,False,,en,[],[],"[{'screen_name': 'rbriaux', 'name': 'Romain Briaux', 'id': 85828063, 'id_str': '85828063', 'indices': [0, 8]}, {'screen_name': 'maxon', 'name': 'mase', 'id': 955627423676039168, 'id_str': '955627423676039168', 'indices': [9, 15]}]",[],0,0,2,0,83389771
129211757,human,Fri Mar 11 12:07:43 +0000 2022,1502254940944805892,1502254940944805892,@modex32 VAMO MODE!!,False,"{'hashtags': [], 'symbols': [], 'user_mentions': [{'screen_name': 'modex32', 'name': 'Modesto Arostegui', 'id': 140855254, 'id_str': '140855254', 'indices': [0, 8]}], 'urls': []}","<a href=""http://twitter.com/download/iphone"" rel=""nofollow"">Twitter for iPhone</a>",1.5021308103375135e+18,1.5021308103375135e+18,140855254.0,140855254.0,modex32,"{'id': 129211757, 'id_str': '129211757', 'name': 'Franz Emilio Badia', 'screen_name': 'franzBADIA', 'location': 'ÜT: 42.693655,-71.114062', 'description': 'Let’s chill', 'url': None, 'entities': {'description': {'urls': []}}, 'protected': False, 'followers_count': 389, 'friends_count': 361, 'listed_count': 0, 'created_at': 'Sat Apr 03 14:53:41 +0000 2010', 'favourites_count': 412, 'utc_offset': None, 'time_zone': None, 'geo_enabled': False, 'verified': False, 'statuses_count': 3319, 'lang': None, 'contributors_enabled': False, 'is_translator': False, 'is_translation_enabled': False, 'profile_background_color': 'C0DEED', 'profile_background_image_url': 'http://abs.twimg.com/images/themes/theme1/bg.png', 'profile_background_image_url_https': 'https://abs.twimg.com/images/themes/theme1/bg.png', 'profile_background_tile': False, 'profile_image_url': 'http://pbs.twimg.com/profile_images/1423379762618241024/4lwpJI3u_normal.jpg', 'profile_image_url_https': 'https://pbs.twimg.com/profile_images/1423379762618241024/4lwpJI3u_normal.jpg', 'profile_banner_url': 'https://pbs.twimg.com/profile_banners/129211757/1549338354', 'profile_link_color': '1DA1F2', 'profile_sidebar_border_color': 'C0DEED', 'profile_sidebar_fill_color': 'DDEEF6', 'profile_text_color': '333333', 'profile_use_background_image': True, 'has_extended_profile': False, 'default_profile': True, 'default_profile_image': False, 'following': False, 'follow_request_sent': False, 'notifications': False, 'translator_type': 'none', 'withheld_in_countries': []}",,,,,False,,,,0,0,False,False,,pt,[],[],"[{'screen_name': 'modex32', 'name': 'Modesto Arostegui', 'id': 140855254, 'id_str': '140855254', 'indices': [0, 8]}]",[],0,0,1,0,129211757
765845,human,Fri Nov 11 16:02:46 +0000 2022,1591099122337079299,1591099122337079299,Latest Signals of Innovation in Retail - https://t.co/bwsBH2MkrF,False,"{'hashtags': [], 'symbols': [], 'user_mentions': [], 'urls': [{'url': 'https://t.co/bwsBH2MkrF', 'expanded_url': 'http://eepurl.com/idvmAj', 'display_url': 'eepurl.com/idvmAj', 'indices': [41, 64]}]}","<a href=""http://www.mailchimp.com"" rel=""nofollow"">Mailchimp</a>",,,,,,"{'id': 765845, 'id_str': '765845', 'name': 'PSFK', 'screen_name': 'PSFK', 'location': 'Along the CX Journey', 'description': 'PSFK is the home of what’s next in Retail and CX. Unlock the freshest intel with reports, research and events from our globally recognized team.\n Visit https://t.co/mLthdacjzB', 'url': 'https://t.co/YfrdlTntR7', 'entities': {'url': {'urls': [{'url': 'https://t.co/YfrdlTntR7', 'expanded_url': 'http://www.psfk.com', 'display_url': 'psfk.com', 'indices': [0, 23]}]}, 'description': {'urls': [{'url': 'https://t.co/mLthdacjzB', 'expanded_url': 'http://PSFK.com', 'display_url': 'PSFK.com', 'indices': [152, 175]}]}}, 'protected': False, 'followers_count': 97778, 'friends_count': 807, 'listed_count': 5996, 'created_at': 'Sun Feb 11 23:14:46 +0000 2007', 'favourites_count': 4505, 'utc_offset': None, 'time_zone': None, 'geo_enabled': True, 'verified': True, 'statuses_count': 78657, 'lang': None, 'contributors_enabled': False, 'is_translator': False, 'is_translation_enabled': False, 'profile_background_color': '663399', 'profile_background_image_url': 'http://abs.twimg.com/images/themes/theme1/bg.png', 'profile_background_image_url_https': 'https://abs.twimg.com/images/themes/theme1/bg.png', 'profile_background_tile': True, 'profile_image_url': 'http://pbs.twimg.com/profile_images/23302582/PSFK_Logo_big_normal.jpg', 'profile_image_url_https': 'https://pbs.twimg.com/profile_images/23302582/PSFK_Logo_big_normal.jpg', 'profile_banner_url': 'https://pbs.twimg.com/profile_banners/765845/1649123822', 'profile_link_color': '663399', 'profile_sidebar_border_color': 'FFFFFF', 'profile_sidebar_fill_color': 'EDEDED', 'profile_text_color': '000000', 'profile_use_background_image': True, 'has_extended_profile': True, 'default_profile': False, 'default_profile_image': False, 'following': False, 'follow_request_sent': False, 'notifications': False, 'translator_type': 'regular', 'withheld_in_countries': []}",,,,,False,,,,0,0,False,False,False,en,[],[],[],"[{'url': 'https://t.co/bwsBH2MkrF', 'expanded_url': 'http://eepurl.com/idvmAj', 'display_url': 'eepurl.com/idvmAj', 'indices': [41, 64]}]",0,0,0,1,765845
804075344,human,Fri Nov 11 11:16:27 +0000 2022,1591027066363052032,1591027066363052032,@90sSophie Will stream both,False,"{'hashtags': [], 'symbols': [], 'user_mentions': [{'screen_name': '90sSophie', 'name': 'sophia', 'id': 719570209393156097, 'id_str': '719570209393156097', 'indices': [0, 10]}], 'urls': []}","<a href=""http://twitter.com/download/android"" rel=""nofollow"">Twitter for Android</a>",1.591026581941932e+18,1.591026581941932e+18,7.195702093931561e+17,7.195702093931561e+17,90sSophie,"{'id': 804075344, 'id_str': '804075344', 'name': 'SOLE PROMOTER', 'screen_name': 'chuksvila', 'location': 'Nigeria', 'description': 'Number 1 plug for promotion| DM open 24/7📩| Chelsea FC💙', 'url': None, 'entities': {'description': {'urls': []}}, 'protected': False, 'followers_count': 201104, 'friends_count': 131669, 'listed_count': 144, 'created_at': 'Wed Sep 05 07:30:32 +0000 2012', 'favourites_count': 13, 'utc_offset': None, 'time_zone': None, 'geo_enabled': False, 'verified': False, 'statuses_count': 682425, 'lang': None, 'contributors_enabled': False, 'is_translator': False, 'is_translation_enabled': False, 'profile_background_color': '642D8B', 'profile_background_image_url': 'http://abs.twimg.com/images/themes/theme10/bg.gif', 'profile_background_image_url_https': 'https://abs.twimg.com/images/themes/theme10/bg.gif', 'profile_background_tile': True, 'profile_image_url': 'http://pbs.twimg.com/profile_images/1390643362517106689/SfIpKE-h_normal.jpg', 'profile_image_url_https': 'https://pbs.twimg.com/profile_images/1390643362517106689/SfIpKE-h_normal.jpg', 'profile_banner_url': 'https://pbs.twimg.com/profile_banners/804075344/1667978814', 'profile_link_color': 'FF0000', 'profile_sidebar_border_color': 'C0DEED', 'profile_sidebar_fill_color': 'DDEEF6', 'profile_text_color': '333333', 'profile_use_background_image': True, 'has_extended_profile': False, 'default_profile': False, 'default_profile_image': False, 'following': False, 'follow_request_sent': False, 'notifications': False, 'translator_type': 'none', 'withheld_in_countries': []}",,,,,False,,,,0,1,False,False,,en,[],[],"[{'screen_name': '90sSophie', 'name': 'sophia', 'id': 719570209393156097, 'id_str': '719570209393156097', 'indices': [0, 10]}]",[],0,0,1,0,804075344
935031277,human,Thu Nov 10 09:55:03 +0000 2022,1590644195739324417,1590644195739324417,@PreusslerBerlin @Aidan_vii @Zhuinden @PreusslerBerlin maybe you thought I was disagreeing with you because I repli… https://t.co/lakgp5nzO5,True,"{'hashtags': [], 'symbols': [], 'user_mentions': [{'screen_name': 'PreusslerBerlin', 'name': 'Danny Preussler, @ ADS London, 🇺🇦', 'id': 2613731759, 'id_str': '2613731759', 'indices': [0, 16]}, {'screen_name': 'Aidan_vii', 'name': 'Aidan McWilliams', 'id': 312735793, 'id_str': '312735793', 'indices': [17, 27]}, {'screen_name': 'Zhuinden', 'name': 'Gabor Varadi', 'id': 1238979476, 'id_str': '1238979476', 'indices': [28, 37]}, {'screen_name': 'PreusslerBerlin', 'name': 'Danny Preussler, @ ADS London, 🇺🇦', 'id': 2613731759, 'id_str': '2613731759', 'indices': [38, 54]}], 'urls': [{'url': 'https://t.co/lakgp5nzO5', 'expanded_url': 'https://twitter.com/i/web/status/1590644195739324417', 'display_url': 'twitter.com/i/web/status/1…', 'indices': [117, 140]}]}","<a href=""http://twitter.com/download/iphone"" rel=""nofollow"">Twitter for iPhone</a>",1.5904754305824563e+18,1.5904754305824563e+18,2613731759.0,2613731759.0,PreusslerBerlin,"{'id': 935031277, 'id_str': '935031277', 'name': 'Rafael Costa', 'screen_name': 'raamcosta', 'location': 'Leiria, Portugal', 'description': '👨\u200d💻 Android Principle Engineer https://t.co/gQNAnxWx8L ❤️ Clean code and architecture 🚀 Kotlin / Jetpack Compose / KMM enthusiast', 'url': 'https://t.co/xsGnJ8dzCd', 'entities': {'url': {'urls': [{'url': 'https://t.co/xsGnJ8dzCd', 'expanded_url': 'https://github.com/raamcosta', 'display_url': 'github.com/raamcosta', 'indices': [0, 23]}]}, 'description': {'urls': [{'url': 'https://t.co/gQNAnxWx8L', 'expanded_url': 'http://SaltPay.co', 'display_url': 'SaltPay.co', 'indices': [31, 54]}]}}, 'protected': False, 'followers_count': 1493, 'friends_count': 384, 'listed_count': 18, 'created_at': 'Thu Nov 08 17:36:48 +0000 2012', 'favourites_count': 1903, 'utc_offset': None, 'time_zone': None, 'geo_enabled': False, 'verified': False, 'statuses_count': 1098, 'lang': None, 'contributors_enabled': False, 'is_translator': False, 'is_translation_enabled': False, 'profile_background_color': 'C0DEED', 'profile_background_image_url': 'http://abs.twimg.com/images/themes/theme1/bg.png', 'profile_background_image_url_https': 'https://abs.twimg.com/images/themes/theme1/bg.png', 'profile_background_tile': False, 'profile_image_url': 'http://pbs.twimg.com/profile_images/1478636545334722562/xjOoMbMu_normal.jpg', 'profile_image_url_https': 'https://pbs.twimg.com/profile_images/1478636545334722562/xjOoMbMu_normal.jpg', 'profile_banner_url': 'https://pbs.twimg.com/profile_banners/935031277/1650297343', 'profile_link_color': '1DA1F2', 'profile_sidebar_border_color': 'C0DEED', 'profile_sidebar_fill_color': 'DDEEF6', 'profile_text_color': '333333', 'profile_use_background_image': True, 'has_extended_profile': True, 'default_profile': True, 'default_profile_image': False, 'following': False, 'follow_request_sent': False, 'notifications': False, 'translator_type': 'none', 'withheld_in_countries': []}",,,,,False,,,,0,0,False,False,,en,[],[],"[{'screen_name': 'PreusslerBerlin', 'name': 'Danny Preussler, @ ADS London, 🇺🇦', 'id': 2613731759, 'id_str': '2613731759', 'indices': [0, 16]}, {'screen_name': 'Aidan_vii', 'name': 'Aidan McWilliams', 'id': 312735793, 'id_str': '312735793', 'indices': [17, 27]}, {'screen_name': 'Zhuinden', 'name': 'Gabor Varadi', 'id': 1238979476, 'id_str': '1238979476', 'indices': [28, 37]}, {'screen_name': 'PreusslerBerlin', 'name': 'Danny Preussler, @ ADS London, 🇺🇦', 'id': 2613731759, 'id_str': '2613731759', 'indices': [38, 54]}]","[{'url': 'https://t.co/lakgp5nzO5', 'expanded_url': 'https://twitter.com/i/web/status/1590644195739324417', 'display_url': 'twitter.com/i/web/status/1…', 'indices': [117, 140]}]",0,0,4,1,935031277
14788268,human,Fri Nov 11 14:30:15 +0000 2022,1591075837255684096,1591075837255684096,"Who wants to do Press and Research Comms? Great manager, nice job:

https://t.co/ySj6DDcsmS",False,"{'hashtags': [], 'symbols': [], 'user_mentions': [], 'urls': [{'url': 'https://t.co/ySj6DDcsmS', 'expanded_url': 'https://jobs.sgul.ac.uk/Vacancy.aspx?ref=920-22-R-R', 'display_url': 'jobs.sgul.ac.uk/Vacancy.aspx?r…', 'indices': [68, 91]}]}","<a href=""http://twitter.com/download/android"" rel=""nofollow"">Twitter for Android</a>",,,,,,"{'id': 14788268, 'id_str': '14788268', 'name': 'Steve Cross', 'screen_name': 'steve_x', 'location': 'London', 'description': 'Trainer, consultant, producer, comedian, podcaster, photographer. I help experts to be interesting, effective and public. Founder: @ScienceShowoff he/him', 'url': 'https://t.co/XXvwhJPrzH', 'entities': {'url': {'urls': [{'url': 'https://t.co/XXvwhJPrzH', 'expanded_url': 'http://drstevecross.com', 'display_url': 'drstevecross.com', 'indices': [0, 23]}]}, 'description': {'urls': []}}, 'protected': False, 'followers_count': 6659, 'friends_count': 2071, 'listed_count': 156, 'created_at': 'Thu May 15 16:35:31 +0000 2008', 'favourites_count': 1516, 'utc_offset': None, 'time_zone': None, 'geo_enabled': False, 'verified': False, 'statuses_count': 18492, 'lang': None, 'contributors_enabled': False, 'is_translator': False, 'is_translation_enabled': False, 'profile_background_color': 'C0DEED', 'profile_background_image_url': 'http://abs.twimg.com/images/themes/theme1/bg.png', 'profile_background_image_url_https': 'https://abs.twimg.com/images/themes/theme1/bg.png', 'profile_background_tile': False, 'profile_image_url': 'http://pbs.twimg.com/profile_images/859896815138873345/eQOQl7HP_normal.jpg', 'profile_image_url_https': 'https://pbs.twimg.com/profile_images/859896815138873345/eQOQl7HP_normal.jpg', 'profile_banner_url': 'https://pbs.twimg.com/profile_banners/14788268/1559569176', 'profile_link_color': '1DA1F2', 'profile_sidebar_border_color': 'C0DEED', 'profile_sidebar_fill_color': 'DDEEF6', 'profile_text_color': '333333', 'profile_use_background_image': True, 'has_extended_profile': False, 'default_profile': True, 'default_profile_image': False, 'following': False, 'follow_request_sent': False, 'notifications': False, 'translator_type': 'none', 'withheld_in_countries': []}",,,,,False,,,,0,0,False,False,False,en,[],[],[],"[{'url': 'https://t.co/ySj6DDcsmS', 'expanded_url': 'https://jobs.sgul.ac.uk/Vacancy.aspx?ref=920-22-R-R', 'display_url': 'jobs.sgul.ac.uk/Vacancy.aspx?r…', 'indices': [68, 91]}]",0,0,0,1,14788268
3212706501,human,Wed May 18 14:55:27 +0000 2022,1526939526970675206,1526939526970675206,@TheAwayFansVids @Colleenduncanx,False,"{'hashtags': [], 'symbols': [], 'user_mentions': [{'screen_name': 'TheAwayFansVids', 'name': 'The Away Fans Videos', 'id': 748509340479422464, 'id_str': '748509340479422464', 'indices': [0, 16]}, {'screen_name': 'Colleenduncanx', 'name': 'colleen', 'id': 2443952019, 'id_str': '2443952019', 'indices': [17, 32]}], 'urls': []}","<a href=""http://twitter.com/download/iphone"" rel=""nofollow"">Twitter for iPhone</a>",1.5269099715684106e+18,1.5269099715684106e+18,7.485093404794225e+17,7.485093404794225e+17,TheAwayFansVids,"{'id': 3212706501, 'id_str': '3212706501', 'name': 'Liam Livingston', 'screen_name': 'liamlivingston_', 'location': '', 'description': '', 'url': None, 'entities': {'description': {'urls': []}}, 'protected': False, 'followers_count': 169, 'friends_count': 308, 'listed_count': 2, 'created_at': 'Mon Apr 27 12:13:20 +0000 2015', 'favourites_count': 4993, 'utc_offset': None, 'time_zone': None, 'geo_enabled': True, 'verified': False, 'statuses_count': 337, 'lang': None, 'contributors_enabled': False, 'is_translator': False, 'is_translation_enabled': False, 'profile_background_color': 'C0DEED', 'profile_background_image_url': 'http://abs.twimg.com/images/themes/theme1/bg.png', 'profile_background_image_url_https': 'https://abs.twimg.com/images/themes/theme1/bg.png', 'profile_background_tile': False, 'profile_image_url': 'http://pbs.twimg.com/profile_images/1246949450595131395/9ie5-1hI_normal.jpg', 'profile_image_url_https': 'https://pbs.twimg.com/profile_images/1246949450595131395/9ie5-1hI_normal.jpg', 'profile_banner_url': 'https://pbs.twimg.com/profile_banners/3212706501/1556130210', 'profile_link_color': '1DA1F2', 'profile_sidebar_border_color': 'C0DEED', 'profile_sidebar_fill_color': 'DDEEF6', 'profile_text_color': '333333', 'profile_use_background_image': True, 'has_extended_profile': True, 'default_profile': True, 'default_profile_image': False, 'following': False, 'follow_request_sent': False, 'notifications': False, 'translator_type': 'none', 'withheld_in_countries': []}",,,,,False,,,,0,1,False,False,,qam,[],[],"[{'screen_name': 'TheAwayFansVids', 'name': 'The Away Fans Videos', 'id': 748509340479422464, 'id_str': '748509340479422464', 'indices': [0, 16]}, {'screen_name': 'Colleenduncanx', 'name': 'colleen', 'id': 2443952019, 'id_str': '2443952019', 'indices': [17, 32]}]",[],0,0,2,0,3212706501
2496941382,human,Fri Nov 11 08:49:08 +0000 2022,1590989995695017984,1590989995695017984,https://t.co/EbUIyj8ySX,False,"{'hashtags': [], 'symbols': [], 'user_mentions': [], 'urls': [], 'media': [{'id': 1590989965021921281, 'id_str': '1590989965021921281', 'indices': [0, 23], 'media_url': 'http://pbs.twimg.com/media/FhRU8ZpXwAEloLw.jpg', 'media_url_https': 'https://pbs.twimg.com/media/FhRU8ZpXwAEloLw.jpg', 'url': 'https://t.co/EbUIyj8ySX', 'display_url': 'pic.twitter.com/EbUIyj8ySX', 'expanded_url': 'https://twitter.com/ImtaBrendan/status/1590989995695017984/photo/1', 'type': 'photo', 'sizes': {'thumb': {'w': 150, 'h': 150, 'resize': 'crop'}, 'medium': {'w': 845, 'h': 1200, 'resize': 'fit'}, 'large': {'w': 858, 'h': 1218, 'resize': 'fit'}, 'small': {'w': 479, 'h': 680, 'resize': 'fit'}}}]}","<a href=""https://mobile.twitter.com"" rel=""nofollow"">Twitter Web App</a>",,,,,,"{'id': 2496941382, 'id_str': '2496941382', 'name': ""Brendan O'Sullivan 🇮🇪🇪🇺"", 'screen_name': 'ImtaBrendan', 'location': 'Cork', 'description': 'Maths teacher @davismallow |HoD|NQT Mentor|T&L coach|PhD from @DCUMaths|Past Chair @Imtanational| Facilitat @cork_cesc @NiptIreland #edutwitter #education #FBPE', 'url': 'https://t.co/A95r0B6apL', 'entities': {'url': {'urls': [{'url': 'https://t.co/A95r0B6apL', 'expanded_url': 'https://www.amazon.co.uk/What-They-Didnt-Teach-PGCE/dp/1999422449/ref=cm_cr_arp_d_pl_foot_top?ie=UTF', 'display_url': 'amazon.co.uk/What-They-Didn…', 'indices': [0, 23]}]}, 'description': {'urls': []}}, 'protected': False, 'followers_count': 38154, 'friends_count': 33970, 'listed_count': 66, 'created_at': 'Thu May 15 18:58:35 +0000 2014', 'favourites_count': 56536, 'utc_offset': None, 'time_zone': None, 'geo_enabled': False, 'verified': False, 'statuses_count': 6553, 'lang': None, 'contributors_enabled': False, 'is_translator': False, 'is_translation_enabled': False, 'profile_background_color': 'C0DEED', 'profile_background_image_url': 'http://abs.twimg.com/images/themes/theme1/bg.png', 'profile_background_image_url_https': 'https://abs.twimg.com/images/themes/theme1/bg.png', 'profile_background_tile': False, 'profile_image_url': 'http://pbs.twimg.com/profile_images/467029907466244096/vUSKAQ1I_normal.jpeg', 'profile_image_url_https': 'https://pbs.twimg.com/profile_images/467029907466244096/vUSKAQ1I_normal.jpeg', 'profile_banner_url': 'https://pbs.twimg.com/profile_banners/2496941382/1588450333', 'profile_link_color': '1DA1F2', 'profile_sidebar_border_color': 'C0DEED', 'profile_sidebar_fill_color': 'DDEEF6', 'profile_text_color': '333333', 'profile_use_background_image': True, 'has_extended_profile': True, 'default_profile': True, 'default_profile_image': False, 'following': False, 'follow_request_sent': False, 'notifications': False, 'translator_type': 'none', 'withheld_in_countries': []}",,,,,False,,,,12,42,False,False,False,zxx,[],[],[],[],0,0,0,0,2496941382
213809534,human,Fri Mar 04 14:17:33 +0000 2022,1499750900822429701,1499750900822429701,Electric Motorized Treadmill 2-IN-1 Folding Running Machine Walking Pad https://t.co/RHeKGaDPSk,False,"{'hashtags': [], 'symbols': [], 'user_mentions': [], 'urls': [{'url': 'https://t.co/RHeKGaDPSk', 'expanded_url': 'https://thedailycrossfit.com/products/electric-motorized-treadmill-2-in-1-folding-running-machine-walking-pad', 'display_url': 'thedailycrossfit.com/products/elect…', 'indices': [72, 95]}]}","<a href=""https://mobile.twitter.com"" rel=""nofollow"">Twitter Web App</a>",,,,,,"{'id': 213809534, 'id_str': '213809534', 'name': 'Tasha M. Hawkins', 'screen_name': 'DailyCrossfit1', 'location': 'Elmsford, NY', 'description': '#Crossfit #Fitness #Health #Beauty', 'url': 'https://t.co/NVRdScIBgV', 'entities': {'url': {'urls': [{'url': 'https://t.co/NVRdScIBgV', 'expanded_url': 'https://TheDailyCrossFit.com', 'display_url': 'TheDailyCrossFit.com', 'indices': [0, 23]}]}, 'description': {'urls': []}}, 'protected': False, 'followers_count': 1426, 'friends_count': 1451, 'listed_count': 3, 'created_at': 'Tue Nov 09 21:17:38 +0000 2010', 'favourites_count': 2, 'utc_offset': None, 'time_zone': None, 'geo_enabled': False, 'verified': False, 'statuses_count': 205, 'lang': None, 'contributors_enabled': False, 'is_translator': False, 'is_translation_enabled': False, 'profile_background_color': '8B542B', 'profile_background_image_url': 'http://abs.twimg.com/images/themes/theme8/bg.gif', 'profile_background_image_url_https': 'https://abs.twimg.com/images/themes/theme8/bg.gif', 'profile_background_tile': False, 'profile_image_url': 'http://pbs.twimg.com/profile_images/1319660495801110528/hJikVjMc_normal.jpg', 'profile_image_url_https': 'https://pbs.twimg.com/profile_images/1319660495801110528/hJikVjMc_normal.jpg', 'profile_banner_url': 'https://pbs.twimg.com/profile_banners/213809534/1603470041', 'profile_link_color': '9D582E', 'profile_sidebar_border_color': 'D9B17E', 'profile_sidebar_fill_color': 'EADEAA', 'profile_text_color': '333333', 'profile_use_background_image': True, 'has_extended_profile': False, 'default_profile': False, 'default_profile_image': False, 'following': False, 'follow_request_sent': False, 'notifications': False, 'translator_type': 'none', 'withheld_in_countries': []}",,,,,False,,,,0,0,False,False,False,en,[],[],[],"[{'url': 'https://t.co/RHeKGaDPSk', 'expanded_url': 'https://thedailycrossfit.com/products/electric-motorized-treadmill-2-in-1-folding-running-machine-walking-pad', 'display_url': 'thedailycrossfit.com/products/elect…', 'indices': [72, 95]}]",0,0,0,1,213809534
2196860159,human,Fri Nov 11 00:28:39 +0000 2022,1590864043094728705,1590864043094728705,"The world needs More Love, Less Ego 💜",False,"{'hashtags': [], 'symbols': [], 'user_mentions': [], 'urls': []}","<a href=""http://twitter.com/download/iphone"" rel=""nofollow"">Twitter for iPhone</a>",,,,,,"{'id': 2196860159, 'id_str': '2196860159', 'name': 'JB', 'screen_name': 'JM_Bassey', 'location': 'Berlin, Germany 🇩🇪', 'description': 'Be Kind 🤍 . Hope 🙏. Engineer 👨\u200d💻.', 'url': None, 'entities': {'description': {'urls': []}}, 'protected': False, 'followers_count': 2206, 'friends_count': 4566, 'listed_count': 5, 'created_at': 'Tue Nov 26 13:26:49 +0000 2013', 'favourites_count': 7740, 'utc_offset': None, 'time_zone': None, 'geo_enabled': True, 'verified': False, 'statuses_count': 11766, 'lang': None, 'contributors_enabled': False, 'is_translator': False, 'is_translation_enabled': False, 'profile_background_color': '000000', 'profile_background_image_url': 'http://abs.twimg.com/images/themes/theme1/bg.png', 'profile_background_image_url_https': 'https://abs.twimg.com/images/themes/theme1/bg.png', 'profile_background_tile': False, 'profile_image_url': 'http://pbs.twimg.com/profile_images/1586139867905507330/_nE-4N4K_normal.jpg', 'profile_image_url_https': 'https://pbs.twimg.com/profile_images/1586139867905507330/_nE-4N4K_normal.jpg', 'profile_banner_url': 'https://pbs.twimg.com/profile_banners/2196860159/1667423016', 'profile_link_color': '981CEB', 'profile_sidebar_border_color': '000000', 'profile_sidebar_fill_color': '000000', 'profile_text_color': '000000', 'profile_use_background_image': False, 'has_extended_profile': True, 'default_profile': False, 'default_profile_image': False, 'following': False, 'follow_request_sent': False, 'notifications': False, 'translator_type': 'none', 'withheld_in_countries': []}",,,,,False,,,,0,1,False,False,,en,[],[],[],[],0,0,0,0,2196860159
1213172638790512642,human,Thu Jan 20 14:10:27 +0000 2022,1484166438109822983,1484166438109822983,"دیت چه عنیه حاجی
قرار ما بچه های پایین میگیم قرار",False,"{'hashtags': [], 'symbols': [], 'user_mentions': [], 'urls': []}","<a href=""http://twitter.com/download/iphone"" rel=""nofollow"">Twitter for iPhone</a>",,,,,,"{'id': 1213172638790512642, 'id_str': '1213172638790512642', 'name': 'typing...', 'screen_name': 'ehsunagh', 'location': 'Tehran', 'description': 'وقتی همه چیز مجازیه توضیح واقعیت بی\u200cاهمیتِ.!!', 'url': 'https://t.co/u68Nxi0xhc', 'entities': {'url': {'urls': [{'url': 'https://t.co/u68Nxi0xhc', 'expanded_url': 'https://t.me/BiChatBot?start=sc-6634-zeOAunj', 'display_url': 't.me/BiChatBot?star…', 'indices': [0, 23]}]}, 'description': {'urls': []}}, 'protected': False, 'followers_count': 608, 'friends_count': 606, 'listed_count': 0, 'created_at': 'Fri Jan 03 18:58:08 +0000 2020', 'favourites_count': 13659, 'utc_offset': None, 'time_zone': None, 'geo_enabled': False, 'verified': False, 'statuses_count': 1189, 'lang': None, 'contributors_enabled': False, 'is_translator': False, 'is_translation_enabled': False, 'profile_background_color': 'F5F8FA', 'profile_background_image_url': None, 'profile_background_image_url_https': None, 'profile_background_tile': False, 'profile_image_url': 'http://pbs.twimg.com/profile_images/1458043826669604864/4Wyh16mS_normal.jpg', 'profile_image_url_https': 'https://pbs.twimg.com/profile_images/1458043826669604864/4Wyh16mS_normal.jpg', 'profile_banner_url': 'https://pbs.twimg.com/profile_banners/1213172638790512642/1631397075', 'profile_link_color': '1DA1F2', 'profile_sidebar_border_color': 'C0DEED', 'profile_sidebar_fill_color': 'DDEEF6', 'profile_text_color': '333333', 'profile_use_background_image': True, 'has_extended_profile': False, 'default_profile': True, 'default_profile_image': False, 'following': False, 'follow_request_sent': False, 'notifications': False, 'translator_type': 'none', 'withheld_in_countries': []}",,,,,False,,,,0,0,False,False,,fa,[],[],[],[],0,0,0,0,1213172638790512642
10129132,human,Mon Nov 15 10:21:52 +0000 2021,1460191310829158401,1460191310829158401,メタデータ管理について調べてるとAcryl DataやMetaphor DataなどDataHubベースのプラットフォームが複数出てるが流行ってるのだろうか,False,"{'hashtags': [], 'symbols': [], 'user_mentions': [], 'urls': []}","<a href=""https://mobile.twitter.com"" rel=""nofollow"">Twitter Web App</a>",,,,,,"{'id': 10129132, 'id_str': '10129132', 'name': 'sigmalist', 'screen_name': 'sigmalist', 'location': '', 'description': 'ディープラーニングを完全に理解した', 'url': None, 'entities': {'description': {'urls': []}}, 'protected': False, 'followers_count': 55, 'friends_count': 768, 'listed_count': 0, 'created_at': 'Sat Nov 10 16:02:02 +0000 2007', 'favourites_count': 141, 'utc_offset': None, 'time_zone': None, 'geo_enabled': False, 'verified': False, 'statuses_count': 94, 'lang': None, 'contributors_enabled': False, 'is_translator': False, 'is_translation_enabled': False, 'profile_background_color': '000000', 'profile_background_image_url': 'http://abs.twimg.com/images/themes/theme6/bg.gif', 'profile_background_image_url_https': 'https://abs.twimg.com/images/themes/theme6/bg.gif', 'profile_background_tile': False, 'profile_image_url': 'http://pbs.twimg.com/profile_images/1043405103481274368/IBzqojQH_normal.jpg', 'profile_image_url_https': 'https://pbs.twimg.com/profile_images/1043405103481274368/IBzqojQH_normal.jpg', 'profile_banner_url': 'https://pbs.twimg.com/profile_banners/10129132/1537602932', 'profile_link_color': '9266CC', 'profile_sidebar_border_color': '000000', 'profile_sidebar_fill_color': '000000', 'profile_text_color': '000000', 'profile_use_background_image': False, 'has_extended_profile': False, 'default_profile': False, 'default_profile_image': False, 'following': False, 'follow_request_sent': False, 'notifications': False, 'translator_type': 'none', 'withheld_in_countries': []}",,,,,False,,,,0,1,False,False,,ja,[],[],[],[],0,0,0,0,10129132
1478784043105894403,human,Fri Jan 07 17:43:26 +0000 2022,1479508993471131648,1479508993471131648,@Marshmalw_ فقط دعا کن براش😂😂,False,"{'hashtags': [], 'symbols': [], 'user_mentions': [{'screen_name': 'Marshmalw_', 'name': '﮼مارشمالو', 'id': 1411616120361172995, 'id_str': '1411616120361172995', 'indices': [0, 11]}], 'urls': []}","<a href=""http://twitter.com/download/android"" rel=""nofollow"">Twitter for Android</a>",1.479507542329987e+18,1.479507542329987e+18,1.411616120361173e+18,1.411616120361173e+18,Marshmalw_,"{'id': 1478784043105894403, 'id_str': '1478784043105894403', 'name': 'مَمد', 'screen_name': 'Taheri4859', 'location': '', 'description': '', 'url': None, 'entities': {'description': {'urls': []}}, 'protected': False, 'followers_count': 72, 'friends_count': 115, 'listed_count': 0, 'created_at': 'Wed Jan 05 17:42:56 +0000 2022', 'favourites_count': 122, 'utc_offset': None, 'time_zone': None, 'geo_enabled': False, 'verified': False, 'statuses_count': 6, 'lang': None, 'contributors_enabled': False, 'is_translator': False, 'is_translation_enabled': False, 'profile_background_color': 'F5F8FA', 'profile_background_image_url': None, 'profile_background_image_url_https': None, 'profile_background_tile': False, 'profile_image_url': 'http://pbs.twimg.com/profile_images/1478798105122385924/5oVTsV-K_normal.jpg', 'profile_image_url_https': 'https://pbs.twimg.com/profile_images/1478798105122385924/5oVTsV-K_normal.jpg', 'profile_banner_url': 'https://pbs.twimg.com/profile_banners/1478784043105894403/1641576850', 'profile_link_color': '1DA1F2', 'profile_sidebar_border_color': 'C0DEED', 'profile_sidebar_fill_color': 'DDEEF6', 'profile_text_color': '333333', 'profile_use_background_image': True, 'has_extended_profile': True, 'default_profile': True, 'default_profile_image': False, 'following': False, 'follow_request_sent': False, 'notifications': False, 'translator_type': 'none', 'withheld_in_countries': []}",,,,,False,,,,0,0,False,False,,fa,[],[],"[{'screen_name': 'Marshmalw_', 'name': '﮼مارشمالو', 'id': 1411616120361172995, 'id_str': '1411616120361172995', 'indices': [0, 11]}]",[],0,0,1,0,1478784043105894403
1141322718559666176,human,Fri Jul 22 17:22:08 +0000 2022,1550531656150183937,1550531656150183937,@mokshkant7 @PizzaHutIN @PizzaHutIN,False,"{'hashtags': [], 'symbols': [], 'user_mentions': [{'screen_name': 'mokshkant7', 'name': 'Moksh Kant', 'id': 755674616673296388, 'id_str': '755674616673296388', 'indices': [0, 11]}, {'screen_name': 'PizzaHutIN', 'name': 'Pizza Hut India', 'id': 1635310159, 'id_str': '1635310159', 'indices': [12, 23]}, {'screen_name': 'PizzaHutIN', 'name': 'Pizza Hut India', 'id': 1635310159, 'id_str': '1635310159', 'indices': [24, 35]}], 'urls': []}","<a href=""http://twitter.com/download/iphone"" rel=""nofollow"">Twitter for iPhone</a>",1.550528537886888e+18,1.550528537886888e+18,7.556746166732964e+17,7.556746166732964e+17,mokshkant7,"{'id': 1141322718559666176, 'id_str': '1141322718559666176', 'name': 'Dhruv Bhargava', 'screen_name': 'DhruvBhargava16', 'location': '', 'description': 'Torschlusspanik', 'url': None, 'entities': {'description': {'urls': []}}, 'protected': False, 'followers_count': 36, 'friends_count': 72, 'listed_count': 0, 'created_at': 'Wed Jun 19 12:31:55 +0000 2019', 'favourites_count': 123, 'utc_offset': None, 'time_zone': None, 'geo_enabled': False, 'verified': False, 'statuses_count': 41, 'lang': None, 'contributors_enabled': False, 'is_translator': False, 'is_translation_enabled': False, 'profile_background_color': 'F5F8FA', 'profile_background_image_url': None, 'profile_background_image_url_https': None, 'profile_background_tile': False, 'profile_image_url': 'http://pbs.twimg.com/profile_images/1481732969085960193/azXQMJ4e_normal.jpg', 'profile_image_url_https': 'https://pbs.twimg.com/profile_images/1481732969085960193/azXQMJ4e_normal.jpg', 'profile_link_color': '1DA1F2', 'profile_sidebar_border_color': 'C0DEED', 'profile_sidebar_fill_color': 'DDEEF6', 'profile_text_color': '333333', 'profile_use_background_image': True, 'has_extended_profile': False, 'default_profile': True, 'default_profile_image': False, 'following': False, 'follow_request_sent': False, 'notifications': False, 'translator_type': 'none', 'withheld_in_countries': []}",,,,,False,,,,0,0,False,False,,qam,[],[],"[{'screen_name': 'mokshkant7', 'name': 'Moksh Kant', 'id': 755674616673296388, 'id_str': '755674616673296388', 'indices': [0, 11]}, {'screen_name': 'PizzaHutIN', 'name': 'Pizza Hut India', 'id': 1635310159, 'id_str': '1635310159', 'indices': [12, 23]}, {'screen_name': 'PizzaHutIN', 'name': 'Pizza Hut India', 'id': 1635310159, 'id_str': '1635310159', 'indices': [24, 35]}]",[],0,0,3,0,1141322718559666176
29458079,human,Thu Nov 10 22:40:37 +0000 2022,1590836854214909952,1590836854214909952,Everything they’re doing is destroying the rights of crime victims in this country and promoting criminals. #TheFive https://t.co/rlN81aH8WK,False,"{'hashtags': [{'text': 'TheFive', 'indices': [108, 116]}], 'symbols': [], 'user_mentions': [], 'urls': [], 'media': [{'id': 1590836763752374273, 'id_str': '1590836763752374273', 'indices': [117, 140], 'media_url': 'http://pbs.twimg.com/ext_tw_video_thumb/1590836763752374273/pu/img/f73SallqG_Jv390n.jpg', 'media_url_https': 'https://pbs.twimg.com/ext_tw_video_thumb/1590836763752374273/pu/img/f73SallqG_Jv390n.jpg', 'url': 'https://t.co/rlN81aH8WK', 'display_url': 'pic.twitter.com/rlN81aH8WK', 'expanded_url': 'https://twitter.com/JudgeJeanine/status/1590836854214909952/video/1', 'type': 'photo', 'sizes': {'thumb': {'w': 150, 'h': 150, 'resize': 'crop'}, 'medium': {'w': 1200, 'h': 675, 'resize': 'fit'}, 'small': {'w': 680, 'h': 383, 'resize': 'fit'}, 'large': {'w': 1280, 'h': 720, 'resize': 'fit'}}}]}","<a href=""http://twitter.com/download/iphone"" rel=""nofollow"">Twitter for iPhone</a>",,,,,,"{'id': 29458079, 'id_str': '29458079', 'name': 'Jeanine Pirro', 'screen_name': 'JudgeJeanine', 'location': 'New York, NY', 'description': 'Judge Pirro is a highly respected District Attorney, Judge, author & renowned champion of the underdog. She Co-hosts the #1 Fox News Show “The Five”', 'url': 'https://t.co/qNOxzSG8dM', 'entities': {'url': {'urls': [{'url': 'https://t.co/qNOxzSG8dM', 'expanded_url': 'http://www.cameo.com/judgejeanine', 'display_url': 'cameo.com/judgejeanine', 'indices': [0, 23]}]}, 'description': {'urls': []}}, 'protected': False, 'followers_count': 2904627, 'friends_count': 483, 'listed_count': 6491, 'created_at': 'Tue Apr 07 14:27:06 +0000 2009', 'favourites_count': 463, 'utc_offset': None, 'time_zone': None, 'geo_enabled': True, 'verified': True, 'statuses_count': 19158, 'lang': None, 'contributors_enabled': False, 'is_translator': False, 'is_translation_enabled': False, 'profile_background_color': 'FFFFFF', 'profile_background_image_url': 'http://abs.twimg.com/images/themes/theme1/bg.png', 'profile_background_image_url_https': 'https://abs.twimg.com/images/themes/theme1/bg.png', 'profile_background_tile': False, 'profile_image_url': 'http://pbs.twimg.com/profile_images/850023968484368386/jBcIv7W1_normal.jpg', 'profile_image_url_https': 'https://pbs.twimg.com/profile_images/850023968484368386/jBcIv7W1_normal.jpg', 'profile_banner_url': 'https://pbs.twimg.com/profile_banners/29458079/1600827530', 'profile_link_color': '0084B4', 'profile_sidebar_border_color': '187CAB', 'profile_sidebar_fill_color': '92CEE0', 'profile_text_color': '333333', 'profile_use_background_image': False, 'has_extended_profile': False, 'default_profile': False, 'default_profile_image': False, 'following': False, 'follow_request_sent': False, 'notifications': False, 'translator_type': 'none', 'withheld_in_countries': []}",,,,,False,,,,326,2101,False,False,False,en,"[{'text': 'TheFive', 'indices': [108, 116]}]",[],[],[],1,0,0,0,29458079
3304925983,human,Wed Nov 09 11:33:33 +0000 2022,1590306597070573569,1590306597070573569,Congratulations Pakistan Great Team effort well done boys. Alhamdulellah https://t.co/xgQjGYTRTZ,False,"{'hashtags': [], 'symbols': [], 'user_mentions': [], 'urls': [], 'media': [{'id': 1590306591294648321, 'id_str': '1590306591294648321', 'indices': [73, 96], 'media_url': 'http://pbs.twimg.com/media/FhHna0IUcAE2EXj.jpg', 'media_url_https': 'https://pbs.twimg.com/media/FhHna0IUcAE2EXj.jpg', 'url': 'https://t.co/xgQjGYTRTZ', 'display_url': 'pic.twitter.com/xgQjGYTRTZ', 'expanded_url': 'https://twitter.com/FakharZamanLive/status/1590306597070573569/photo/1', 'type': 'photo', 'sizes': {'thumb': {'w': 150, 'h': 150, 'resize': 'crop'}, 'large': {'w': 947, 'h': 2048, 'resize': 'fit'}, 'medium': {'w': 555, 'h': 1200, 'resize': 'fit'}, 'small': {'w': 314, 'h': 680, 'resize': 'fit'}}}]}","<a href=""http://twitter.com/download/iphone"" rel=""nofollow"">Twitter for iPhone</a>",,,,,,"{'id': 3304925983, 'id_str': '3304925983', 'name': 'Fakhar Zaman', 'screen_name': 'FakharZamanLive', 'location': 'پاکستان', 'description': 'PAKISTAN 🇵🇰', 'url': 'https://t.co/IhGeb44GST', 'entities': {'url': {'urls': [{'url': 'https://t.co/IhGeb44GST', 'expanded_url': 'https://www.pcb.com.pk/player/fakhar-zaman-25536', 'display_url': 'pcb.com.pk/player/fakhar-…', 'indices': [0, 23]}]}, 'description': {'urls': []}}, 'protected': False, 'followers_count': 1253516, 'friends_count': 261, 'listed_count': 390, 'created_at': 'Mon Aug 03 06:31:58 +0000 2015', 'favourites_count': 3435, 'utc_offset': None, 'time_zone': None, 'geo_enabled': True, 'verified': True, 'statuses_count': 988, 'lang': None, 'contributors_enabled': False, 'is_translator': False, 'is_translation_enabled': False, 'profile_background_color': '000000', 'profile_background_image_url': 'http://abs.twimg.com/images/themes/theme1/bg.png', 'profile_background_image_url_https': 'https://abs.twimg.com/images/themes/theme1/bg.png', 'profile_background_tile': False, 'profile_image_url': 'http://pbs.twimg.com/profile_images/1566729923317874690/adegJmMK_normal.jpg', 'profile_image_url_https': 'https://pbs.twimg.com/profile_images/1566729923317874690/adegJmMK_normal.jpg', 'profile_banner_url': 'https://pbs.twimg.com/profile_banners/3304925983/1642923802', 'profile_link_color': '1B95E0', 'profile_sidebar_border_color': '000000', 'profile_sidebar_fill_color': '000000', 'profile_text_color': '000000', 'profile_use_background_image': False, 'has_extended_profile': True, 'default_profile': False, 'default_profile_image': False, 'following': False, 'follow_request_sent': False, 'notifications': False, 'translator_type': 'none', 'withheld_in_countries': []}",,,,,False,,,,3368,60283,False,False,False,en,[],[],[],[],0,0,0,0,3304925983
229389391,human,Fri Nov 11 15:10:09 +0000 2022,1591085881984696323,1591085881984696323,@baydar84 😂 Blok ciğerim sana blok!,False,"{'hashtags': [], 'symbols': [], 'user_mentions': [{'screen_name': 'baydar84', 'name': 'Tuğrul', 'id': 1072805840153964544, 'id_str': '1072805840153964544', 'indices': [0, 9]}], 'urls': []}","<a href=""http://twitter.com/download/iphone"" rel=""nofollow"">Twitter for iPhone</a>",1.5910618240444252e+18,1.5910618240444252e+18,1.0728058401539644e+18,1.0728058401539645e+18,baydar84,"{'id': 229389391, 'id_str': '229389391', 'name': 'Devrim Akyıl Laplace’s Demon', 'screen_name': 'laplace2011', 'location': '', 'description': '#DevrimAkyil #Trader #currency #commodity #stocks #indices #PreciousMetals Bogazici University & TAC crossfit,Celtics,Patriots, GS', 'url': 'https://t.co/rZKfWKWksA', 'entities': {'url': {'urls': [{'url': 'https://t.co/rZKfWKWksA', 'expanded_url': 'http://www.devrimakyilakademi.com', 'display_url': 'devrimakyilakademi.com', 'indices': [0, 23]}]}, 'description': {'urls': []}}, 'protected': False, 'followers_count': 163815, 'friends_count': 769, 'listed_count': 795, 'created_at': 'Wed Dec 22 08:23:27 +0000 2010', 'favourites_count': 29642, 'utc_offset': None, 'time_zone': None, 'geo_enabled': False, 'verified': False, 'statuses_count': 29260, 'lang': None, 'contributors_enabled': False, 'is_translator': False, 'is_translation_enabled': False, 'profile_background_color': 'C0DEED', 'profile_background_image_url': 'http://abs.twimg.com/images/themes/theme1/bg.png', 'profile_background_image_url_https': 'https://abs.twimg.com/images/themes/theme1/bg.png', 'profile_background_tile': False, 'profile_image_url': 'http://pbs.twimg.com/profile_images/1143436884905005056/4jGa9MVy_normal.jpg', 'profile_image_url_https': 'https://pbs.twimg.com/profile_images/1143436884905005056/4jGa9MVy_normal.jpg', 'profile_banner_url': 'https://pbs.twimg.com/profile_banners/229389391/1599978568', 'profile_link_color': '1DA1F2', 'profile_sidebar_border_color': 'C0DEED', 'profile_sidebar_fill_color': 'DDEEF6', 'profile_text_color': '333333', 'profile_use_background_image': True, 'has_extended_profile': False, 'default_profile': True, 'default_profile_image': False, 'following': False, 'follow_request_sent': False, 'notifications': False, 'translator_type': 'none', 'withheld_in_countries': []}",,,,,False,,,,0,1,False,False,,tr,[],[],"[{'screen_name': 'baydar84', 'name': 'Tuğrul', 'id': 1072805840153964544, 'id_str': '1072805840153964544', 'indices': [0, 9]}]",[],0,0,1,0,229389391
1475101296520830982,human,Mon Oct 03 16:43:24 +0000 2022,1576976218968031237,1576976218968031237,"@elonmusk Did you visit Ukrainian cities, suffered during RU orcs occupation: Irpin, Bucha, Izum, and many others?… https://t.co/0P95vZqXQE",True,"{'hashtags': [], 'symbols': [], 'user_mentions': [{'screen_name': 'elonmusk', 'name': 'Elon Musk', 'id': 44196397, 'id_str': '44196397', 'indices': [0, 9]}], 'urls': [{'url': 'https://t.co/0P95vZqXQE', 'expanded_url': 'https://twitter.com/i/web/status/1576976218968031237', 'display_url': 'twitter.com/i/web/status/1…', 'indices': [116, 139]}]}","<a href=""http://twitter.com/download/iphone"" rel=""nofollow"">Twitter for iPhone</a>",1.576969255031296e+18,1.576969255031296e+18,44196397.0,44196397.0,elonmusk,"{'id': 1475101296520830982, 'id_str': '1475101296520830982', 'name': 'Vyacheslav Masalitin', 'screen_name': 'data_optimist', 'location': '', 'description': 'Eager to learn and apply', 'url': None, 'entities': {'description': {'urls': []}}, 'protected': False, 'followers_count': 24, 'friends_count': 370, 'listed_count': 6, 'created_at': 'Sun Dec 26 13:49:42 +0000 2021', 'favourites_count': 782, 'utc_offset': None, 'time_zone': None, 'geo_enabled': False, 'verified': False, 'statuses_count': 237, 'lang': None, 'contributors_enabled': False, 'is_translator': False, 'is_translation_enabled': False, 'profile_background_color': 'F5F8FA', 'profile_background_image_url': None, 'profile_background_image_url_https': None, 'profile_background_tile': False, 'profile_image_url': 'http://pbs.twimg.com/profile_images/1475141656601112588/6gll8Oxz_normal.jpg', 'profile_image_url_https': 'https://pbs.twimg.com/profile_images/1475141656601112588/6gll8Oxz_normal.jpg', 'profile_link_color': '1DA1F2', 'profile_sidebar_border_color': 'C0DEED', 'profile_sidebar_fill_color': 'DDEEF6', 'profile_text_color': '333333', 'profile_use_background_image': True, 'has_extended_profile': True, 'default_profile': True, 'default_profile_image': False, 'following': False, 'follow_request_sent': False, 'notifications': False, 'translator_type': 'none', 'withheld_in_countries': []}",,,,,False,,,,0,0,False,False,,en,[],[],"[{'screen_name': 'elonmusk', 'name': 'Elon Musk', 'id': 44196397, 'id_str': '44196397', 'indices': [0, 9]}]","[{'url': 'https://t.co/0P95vZqXQE', 'expanded_url': 'https://twitter.com/i/web/status/1576976218968031237', 'display_url': 'twitter.com/i/web/status/1…', 'indices': [116, 139]}]",0,0,1,1,1475101296520830982
871016931213619200,human,Tue Nov 01 12:21:25 +0000 2022,1587419539096182790,1587419539096182790,Mit @EdingerSchons habe ich zum #Sustainability #Transformation Monitor #STM gesprochen.Wir arbeiten an einer hochw… https://t.co/1anYqE1mvb,True,"{'hashtags': [{'text': 'Sustainability', 'indices': [32, 47]}, {'text': 'Transformation', 'indices': [48, 63]}, {'text': 'STM', 'indices': [72, 76]}], 'symbols': [], 'user_mentions': [{'screen_name': 'EdingerSchons', 'name': 'Laura Marie Edinger-Schons', 'id': 1067588358468263936, 'id_str': '1067588358468263936', 'indices': [4, 18]}], 'urls': [{'url': 'https://t.co/1anYqE1mvb', 'expanded_url': 'https://twitter.com/i/web/status/1587419539096182790', 'display_url': 'twitter.com/i/web/status/1…', 'indices': [117, 140]}]}","<a href=""http://twitter.com/download/iphone"" rel=""nofollow"">Twitter for iPhone</a>",,,,,,"{'id': 871016931213619200, 'id_str': '871016931213619200', 'name': 'Kristina Jeromin', 'screen_name': 'KristinaJeromin', 'location': '', 'description': 'Managing Director @ Green & Sustainable Finance Cluster Germany #SustainableFinance #ClimateAction Views are my own', 'url': 'https://t.co/nHr74csN84', 'entities': {'url': {'urls': [{'url': 'https://t.co/nHr74csN84', 'expanded_url': 'http://www.kristina-jeromin.de', 'display_url': 'kristina-jeromin.de', 'indices': [0, 23]}]}, 'description': {'urls': []}}, 'protected': False, 'followers_count': 1750, 'friends_count': 1252, 'listed_count': 37, 'created_at': 'Sat Jun 03 14:53:13 +0000 2017', 'favourites_count': 1523, 'utc_offset': None, 'time_zone': None, 'geo_enabled': False, 'verified': False, 'statuses_count': 670, 'lang': None, 'contributors_enabled': False, 'is_translator': False, 'is_translation_enabled': False, 'profile_background_color': 'F5F8FA', 'profile_background_image_url': None, 'profile_background_image_url_https': None, 'profile_background_tile': False, 'profile_image_url': 'http://pbs.twimg.com/profile_images/1551607413198954497/zO827l9T_normal.jpg', 'profile_image_url_https': 'https://pbs.twimg.com/profile_images/1551607413198954497/zO827l9T_normal.jpg', 'profile_banner_url': 'https://pbs.twimg.com/profile_banners/871016931213619200/1617033370', 'profile_link_color': '1DA1F2', 'profile_sidebar_border_color': 'C0DEED', 'profile_sidebar_fill_color': 'DDEEF6', 'profile_text_color': '333333', 'profile_use_background_image': True, 'has_extended_profile': False, 'default_profile': True, 'default_profile_image': False, 'following': False, 'follow_request_sent': False, 'notifications': False, 'translator_type': 'none', 'withheld_in_countries': []}",,,,,False,,,,4,11,False,False,False,de,"[{'text': 'Sustainability', 'indices': [32, 47]}, {'text': 'Transformation', 'indices': [48, 63]}, {'text': 'STM', 'indices': [72, 76]}]",[],"[{'screen_name': 'EdingerSchons', 'name': 'Laura Marie Edinger-Schons', 'id': 1067588358468263936, 'id_str': '1067588358468263936', 'indices': [4, 18]}]","[{'url': 'https://t.co/1anYqE1mvb', 'expanded_url': 'https://twitter.com/i/web/status/1587419539096182790', 'display_url': 'twitter.com/i/web/status/1…', 'indices': [117, 140]}]",3,0,1,1,871016931213619200
771758047412748288,human,Mon Nov 07 17:45:30 +0000 2022,1589675425298796544,1589675425298796544,@fahaddsalsabah @YouTube أحبكم الله اخي وحفظكم وإني احبكم في الله و إن شاء الله نلتقي أخي لعزيز بإذن الله تعالى,False,"{'hashtags': [], 'symbols': [], 'user_mentions': [{'screen_name': 'fahaddsalsabah', 'name': 'فهد دعيج السلمان حمود الصباح', 'id': 805081306384257024, 'id_str': '805081306384257024', 'indices': [0, 15]}, {'screen_name': 'YouTube', 'name': 'YouTube', 'id': 10228272, 'id_str': '10228272', 'indices': [16, 24]}], 'urls': []}","<a href=""http://twitter.com/download/android"" rel=""nofollow"">Twitter for Android</a>",1.5893085980895846e+18,1.5893085980895846e+18,8.05081306384257e+17,8.05081306384257e+17,fahaddsalsabah,"{'id': 771758047412748288, 'id_str': '771758047412748288', 'name': 'د. عبد الواحد وجيه', 'screen_name': 'Wajihabdelwahd0', 'location': '', 'description': 'اللهم صل وسلم على سيدنا وحبيبنا ونبينا محمد وعلى آله وصحبه أجمعين 📿', 'url': 'https://t.co/zKetRwueia', 'entities': {'url': {'urls': [{'url': 'https://t.co/zKetRwueia', 'expanded_url': 'https://www.youtube.com/channel/UCATRlZ3GXzH13S2QxIrwm6A', 'display_url': 'youtube.com/channel/UCATRl…', 'indices': [0, 23]}]}, 'description': {'urls': []}}, 'protected': False, 'followers_count': 2653, 'friends_count': 299, 'listed_count': 3, 'created_at': 'Fri Sep 02 17:13:51 +0000 2016', 'favourites_count': 745, 'utc_offset': None, 'time_zone': None, 'geo_enabled': False, 'verified': False, 'statuses_count': 125, 'lang': None, 'contributors_enabled': False, 'is_translator': False, 'is_translation_enabled': False, 'profile_background_color': '000000', 'profile_background_image_url': 'http://abs.twimg.com/images/themes/theme1/bg.png', 'profile_background_image_url_https': 'https://abs.twimg.com/images/themes/theme1/bg.png', 'profile_background_tile': False, 'profile_image_url': 'http://pbs.twimg.com/profile_images/1576805208725798914/z7O6skfc_normal.jpg', 'profile_image_url_https': 'https://pbs.twimg.com/profile_images/1576805208725798914/z7O6skfc_normal.jpg', 'profile_banner_url': 'https://pbs.twimg.com/profile_banners/771758047412748288/1664774636', 'profile_link_color': 'FF691F', 'profile_sidebar_border_color': '000000', 'profile_sidebar_fill_color': '000000', 'profile_text_color': '000000', 'profile_use_background_image': False, 'has_extended_profile': True, 'default_profile': False, 'default_profile_image': False, 'following': False, 'follow_request_sent': False, 'notifications': False, 'translator_type': 'none', 'withheld_in_countries': []}",,,,,False,,,,0,1,False,False,,ar,[],[],"[{'screen_name': 'fahaddsalsabah', 'name': 'فهد دعيج السلمان حمود الصباح', 'id': 805081306384257024, 'id_str': '805081306384257024', 'indices': [0, 15]}, {'screen_name': 'YouTube', 'name': 'YouTube', 'id': 10228272, 'id_str': '10228272', 'indices': [16, 24]}]",[],0,0,2,0,771758047412748288
1482043516620525579,human,Mon Apr 04 12:40:23 +0000 2022,1510960472656392193,1510960472656392193,#NewProfilePic https://t.co/Tu0nqCPbQC,False,"{'hashtags': [{'text': 'NewProfilePic', 'indices': [0, 14]}], 'symbols': [], 'user_mentions': [], 'urls': [], 'media': [{'id': 1510960467501633545, 'id_str': '1510960467501633545', 'indices': [15, 38], 'media_url': 'http://pbs.twimg.com/media/FPgCii8X0AkRtue.jpg', 'media_url_https': 'https://pbs.twimg.com/media/FPgCii8X0AkRtue.jpg', 'url': 'https://t.co/Tu0nqCPbQC', 'display_url': 'pic.twitter.com/Tu0nqCPbQC', 'expanded_url': 'https://twitter.com/pharmcologygeek/status/1510960472656392193/photo/1', 'type': 'photo', 'sizes': {'thumb': {'w': 150, 'h': 150, 'resize': 'crop'}, 'small': {'w': 400, 'h': 400, 'resize': 'fit'}, 'medium': {'w': 400, 'h': 400, 'resize': 'fit'}, 'large': {'w': 400, 'h': 400, 'resize': 'fit'}}}]}","<a href=""http://twitter.com/download/iphone"" rel=""nofollow"">Twitter for iPhone</a>",,,,,,"{'id': 1482043516620525579, 'id_str': '1482043516620525579', 'name': 'geek girl', 'screen_name': 'pharmcologygeek', 'location': '', 'description': '', 'url': 'https://t.co/SgniLbNoFP', 'entities': {'url': {'urls': [{'url': 'https://t.co/SgniLbNoFP', 'expanded_url': 'http://cygnusdigitalstudio.etsy.com', 'display_url': 'cygnusdigitalstudio.etsy.com', 'indices': [0, 23]}]}, 'description': {'urls': []}}, 'protected': False, 'followers_count': 1, 'friends_count': 23, 'listed_count': 0, 'created_at': 'Fri Jan 14 17:35:04 +0000 2022', 'favourites_count': 4, 'utc_offset': None, 'time_zone': None, 'geo_enabled': False, 'verified': False, 'statuses_count': 3, 'lang': None, 'contributors_enabled': False, 'is_translator': False, 'is_translation_enabled': False, 'profile_background_color': 'F5F8FA', 'profile_background_image_url': None, 'profile_background_image_url_https': None, 'profile_background_tile': False, 'profile_image_url': 'http://pbs.twimg.com/profile_images/1510960907991531526/N2VcTVek_normal.jpg', 'profile_image_url_https': 'https://pbs.twimg.com/profile_images/1510960907991531526/N2VcTVek_normal.jpg', 'profile_link_color': '1DA1F2', 'profile_sidebar_border_color': 'C0DEED', 'profile_sidebar_fill_color': 'DDEEF6', 'profile_text_color': '333333', 'profile_use_background_image': True, 'has_extended_profile': True, 'default_profile': True, 'default_profile_image': False, 'following': False, 'follow_request_sent': False, 'notifications': False, 'translator_type': 'none', 'withheld_in_countries': []}",,,,,False,,,,0,0,False,False,False,qme,"[{'text': 'NewProfilePic', 'indices': [0, 14]}]",[],[],[],1,0,0,0,1482043516620525579
933227158398386182,human,Wed Aug 31 17:23:17 +0000 2022,1565027456436011008,1565027456436011008,@Cheikh_shilli @TwitterSupport Goddamnnn and all these spam comments on this post.,False,"{'hashtags': [], 'symbols': [], 'user_mentions': [{'screen_name': 'Cheikh_shilli', 'name': 'Shikhar Rajput', 'id': 997883128818683916, 'id_str': '997883128818683916', 'indices': [0, 14]}, {'screen_name': 'TwitterSupport', 'name': 'Twitter Support', 'id': 17874544, 'id_str': '17874544', 'indices': [15, 30]}], 'urls': []}","<a href=""https://mobile.twitter.com"" rel=""nofollow"">Twitter Web App</a>",1.5649833348322875e+18,1.5649833348322877e+18,9.97883128818684e+17,9.978831288186839e+17,Cheikh_shilli,"{'id': 933227158398386182, 'id_str': '933227158398386182', 'name': 'Ekansh Verma', 'screen_name': 'EkanshVerma12', 'location': 'Bengaluru, India', 'description': 'Data Science @Walmart | Busy Multitasking and failing at it', 'url': None, 'entities': {'description': {'urls': []}}, 'protected': False, 'followers_count': 78, 'friends_count': 838, 'listed_count': 0, 'created_at': 'Wed Nov 22 06:54:27 +0000 2017', 'favourites_count': 5314, 'utc_offset': None, 'time_zone': None, 'geo_enabled': False, 'verified': False, 'statuses_count': 293, 'lang': None, 'contributors_enabled': False, 'is_translator': False, 'is_translation_enabled': False, 'profile_background_color': 'F5F8FA', 'profile_background_image_url': None, 'profile_background_image_url_https': None, 'profile_background_tile': False, 'profile_image_url': 'http://pbs.twimg.com/profile_images/1336262286256685058/eIqzF1UV_normal.jpg', 'profile_image_url_https': 'https://pbs.twimg.com/profile_images/1336262286256685058/eIqzF1UV_normal.jpg', 'profile_link_color': '1DA1F2', 'profile_sidebar_border_color': 'C0DEED', 'profile_sidebar_fill_color': 'DDEEF6', 'profile_text_color': '333333', 'profile_use_background_image': True, 'has_extended_profile': False, 'default_profile': True, 'default_profile_image': False, 'following': False, 'follow_request_sent': False, 'notifications': False, 'translator_type': 'none', 'withheld_in_countries': []}",,,,,False,,,,0,1,False,False,,en,[],[],"[{'screen_name': 'Cheikh_shilli', 'name': 'Shikhar Rajput', 'id': 997883128818683916, 'id_str': '997883128818683916', 'indices': [0, 14]}, {'screen_name': 'TwitterSupport', 'name': 'Twitter Support', 'id': 17874544, 'id_str': '17874544', 'indices': [15, 30]}]",[],0,0,2,0,933227158398386182
49009937,human,Fri Nov 11 12:37:17 +0000 2022,1591047409958019072,1591047409958019072,"@TeslaOwnersofMA @elonmusk The big problem is... he forgo the due diligence in the contract to buy Twitter. So, it is totally his fault.",False,"{'hashtags': [], 'symbols': [], 'user_mentions': [{'screen_name': 'TeslaOwnersofMA', 'name': '🔋 TeslaOwnersofMA 🔋', 'id': 1108027439589007360, 'id_str': '1108027439589007360', 'indices': [0, 16]}, {'screen_name': 'elonmusk', 'name': 'Elon Musk', 'id': 44196397, 'id_str': '44196397', 'indices': [17, 26]}], 'urls': []}","<a href=""http://twitter.com/download/android"" rel=""nofollow"">Twitter for Android</a>",1.5910320595935642e+18,1.5910320595935642e+18,1.1080274395890074e+18,1.1080274395890074e+18,TeslaOwnersofMA,"{'id': 49009937, 'id_str': '49009937', 'name': 'Andres Plaza 🇨🇱', 'screen_name': 'AndresPlazaR', 'location': 'USA', 'description': 'Site Reliability Engineer @ Twitter.\nTransplanted from Chile to the US.  Por La Razón o La Fuerza.\nRotten to the core.\nPronouns: he/him', 'url': 'https://t.co/zQIQ1pcfXN', 'entities': {'url': {'urls': [{'url': 'https://t.co/zQIQ1pcfXN', 'expanded_url': 'https://vintagecomputers.code.blog/', 'display_url': 'vintagecomputers.code.blog', 'indices': [0, 23]}]}, 'description': {'urls': []}}, 'protected': False, 'followers_count': 984, 'friends_count': 1024, 'listed_count': 45, 'created_at': 'Sat Jun 20 13:48:35 +0000 2009', 'favourites_count': 105378, 'utc_offset': None, 'time_zone': None, 'geo_enabled': True, 'verified': False, 'statuses_count': 34853, 'lang': None, 'contributors_enabled': False, 'is_translator': False, 'is_translation_enabled': False, 'profile_background_color': 'C0DEED', 'profile_background_image_url': 'http://abs.twimg.com/images/themes/theme1/bg.png', 'profile_background_image_url_https': 'https://abs.twimg.com/images/themes/theme1/bg.png', 'profile_background_tile': False, 'profile_image_url': 'http://pbs.twimg.com/profile_images/1354597466625241097/ezaDo539_normal.jpg', 'profile_image_url_https': 'https://pbs.twimg.com/profile_images/1354597466625241097/ezaDo539_normal.jpg', 'profile_banner_url': 'https://pbs.twimg.com/profile_banners/49009937/1382623563', 'profile_link_color': '1DA1F2', 'profile_sidebar_border_color': 'C0DEED', 'profile_sidebar_fill_color': 'DDEEF6', 'profile_text_color': '333333', 'profile_use_background_image': True, 'has_extended_profile': True, 'default_profile': True, 'default_profile_image': False, 'following': False, 'follow_request_sent': False, 'notifications': False, 'translator_type': 'regular', 'withheld_in_countries': []}",,,,,False,,,,0,1,False,False,,en,[],[],"[{'screen_name': 'TeslaOwnersofMA', 'name': '🔋 TeslaOwnersofMA 🔋', 'id': 1108027439589007360, 'id_str': '1108027439589007360', 'indices': [0, 16]}, {'screen_name': 'elonmusk', 'name': 'Elon Musk', 'id': 44196397, 'id_str': '44196397', 'indices': [17, 26]}]",[],0,0,2,0,49009937
1360303708777635844,human,Fri Nov 11 16:23:01 +0000 2022,1591104219519406084,1591104219519406084,@FedericoArreola @lopezobrador_ No mames entenao!!!,False,"{'hashtags': [], 'symbols': [], 'user_mentions': [{'screen_name': 'FedericoArreola', 'name': 'Federico Arreola', 'id': 74153376, 'id_str': '74153376', 'indices': [0, 16]}, {'screen_name': 'lopezobrador_', 'name': 'Andrés Manuel', 'id': 82119937, 'id_str': '82119937', 'indices': [17, 31]}], 'urls': []}","<a href=""http://twitter.com/download/iphone"" rel=""nofollow"">Twitter for iPhone</a>",1.5908908849793966e+18,1.5908908849793966e+18,74153376.0,74153376.0,FedericoArreola,"{'id': 1360303708777635844, 'id_str': '1360303708777635844', 'name': 'IT', 'screen_name': 'itorres75101909', 'location': '', 'description': 'VIVA MEXICO #SOMOSFAMILIA', 'url': None, 'entities': {'description': {'urls': []}}, 'protected': False, 'followers_count': 61, 'friends_count': 785, 'listed_count': 0, 'created_at': 'Fri Feb 12 19:07:13 +0000 2021', 'favourites_count': 22, 'utc_offset': None, 'time_zone': None, 'geo_enabled': False, 'verified': False, 'statuses_count': 12886, 'lang': None, 'contributors_enabled': False, 'is_translator': False, 'is_translation_enabled': False, 'profile_background_color': 'F5F8FA', 'profile_background_image_url': None, 'profile_background_image_url_https': None, 'profile_background_tile': False, 'profile_image_url': 'http://pbs.twimg.com/profile_images/1465016224618885126/LIpwTHZO_normal.jpg', 'profile_image_url_https': 'https://pbs.twimg.com/profile_images/1465016224618885126/LIpwTHZO_normal.jpg', 'profile_banner_url': 'https://pbs.twimg.com/profile_banners/1360303708777635844/1638122048', 'profile_link_color': '1DA1F2', 'profile_sidebar_border_color': 'C0DEED', 'profile_sidebar_fill_color': 'DDEEF6', 'profile_text_color': '333333', 'profile_use_background_image': True, 'has_extended_profile': True, 'default_profile': True, 'default_profile_image': False, 'following': False, 'follow_request_sent': False, 'notifications': False, 'translator_type': 'none', 'withheld_in_countries': []}",,,,,False,,,,0,0,False,False,,pt,[],[],"[{'screen_name': 'FedericoArreola', 'name': 'Federico Arreola', 'id': 74153376, 'id_str': '74153376', 'indices': [0, 16]}, {'screen_name': 'lopezobrador_', 'name': 'Andrés Manuel', 'id': 82119937, 'id_str': '82119937', 'indices': [17, 31]}]",[],0,0,2,0,1360303708777635844
1433818532215730176,human,Fri Nov 11 15:02:29 +0000 2022,1591083953116835842,1591083953116835842,"Yes, this is just the beginning of a wonderful collaboration with @malcolmmaciver! We're just scratching the surfac… https://t.co/pz2wUG7NLD",True,"{'hashtags': [], 'symbols': [], 'user_mentions': [{'screen_name': 'malcolmmaciver', 'name': 'Malcolm MacIver', 'id': 394680613, 'id_str': '394680613', 'indices': [66, 81]}], 'urls': [{'url': 'https://t.co/pz2wUG7NLD', 'expanded_url': 'https://twitter.com/i/web/status/1591083953116835842', 'display_url': 'twitter.com/i/web/status/1…', 'indices': [117, 140]}]}","<a href=""https://mobile.twitter.com"" rel=""nofollow"">Twitter Web App</a>",,,,,,"{'id': 1433818532215730176, 'id_str': '1433818532215730176', 'name': 'Daniel A Dombeck', 'screen_name': 'DanielDombeck', 'location': '', 'description': 'Physicist and neuroscientist using optics and virtual reality to understand neurons, the brain and behavior.', 'url': 'https://t.co/C6BTdwBJhb', 'entities': {'url': {'urls': [{'url': 'https://t.co/C6BTdwBJhb', 'expanded_url': 'http://www.dombecklab.org/', 'display_url': 'dombecklab.org', 'indices': [0, 23]}]}, 'description': {'urls': []}}, 'protected': False, 'followers_count': 817, 'friends_count': 202, 'listed_count': 8, 'created_at': 'Fri Sep 03 15:48:00 +0000 2021', 'favourites_count': 195, 'utc_offset': None, 'time_zone': None, 'geo_enabled': False, 'verified': False, 'statuses_count': 80, 'lang': None, 'contributors_enabled': False, 'is_translator': False, 'is_translation_enabled': False, 'profile_background_color': 'F5F8FA', 'profile_background_image_url': None, 'profile_background_image_url_https': None, 'profile_background_tile': False, 'profile_image_url': 'http://pbs.twimg.com/profile_images/1433819831007055874/Y2pjzudG_normal.jpg', 'profile_image_url_https': 'https://pbs.twimg.com/profile_images/1433819831007055874/Y2pjzudG_normal.jpg', 'profile_banner_url': 'https://pbs.twimg.com/profile_banners/1433818532215730176/1630686103', 'profile_link_color': '1DA1F2', 'profile_sidebar_border_color': 'C0DEED', 'profile_sidebar_fill_color': 'DDEEF6', 'profile_text_color': '333333', 'profile_use_background_image': True, 'has_extended_profile': True, 'default_profile': True, 'default_profile_image': False, 'following': False, 'follow_request_sent': False, 'notifications': False, 'translator_type': 'none', 'withheld_in_countries': []}",,,,,True,1.5908130135479132e+18,1.5908130135479132e+18,"{'created_at': 'Thu Nov 10 21:05:52 +0000 2022', 'id': 1590813013547913219, 'id_str': '1590813013547913219', 'text': 'Preprint on real-time planning https://t.co/31BiZPBkqK! First of many to come with @DanielDombeck. We developed an… https://t.co/ocdLS5Ig1m', 'truncated': True, 'entities': {'hashtags': [], 'symbols': [], 'user_mentions': [{'screen_name': 'DanielDombeck', 'name': 'Daniel A Dombeck', 'id': 1433818532215730176, 'id_str': '1433818532215730176', 'indices': [83, 97]}], 'urls': [{'url': 'https://t.co/31BiZPBkqK', 'expanded_url': 'https://arxiv.org/abs/2211.02700', 'display_url': 'arxiv.org/abs/2211.02700', 'indices': [31, 54]}, {'url': 'https://t.co/ocdLS5Ig1m', 'expanded_url': 'https://twitter.com/i/web/status/1590813013547913219', 'display_url': 'twitter.com/i/web/status/1…', 'indices': [116, 139]}]}, 'source': '<a href=""https://mobile.twitter.com"" rel=""nofollow"">Twitter Web App</a>', 'in_reply_to_status_id': None, 'in_reply_to_status_id_str': None, 'in_reply_to_user_id': None, 'in_reply_to_user_id_str': None, 'in_reply_to_screen_name': None, 'user': {'id': 394680613, 'id_str': '394680613', 'name': 'Malcolm MacIver', 'screen_name': 'malcolmmaciver', 'location': 'Chicago', 'description': 'Computational neuroethology, robotics, evolution, paleobiology, philosophy.', 'url': 'https://t.co/0DxoGkDIQD', 'entities': {'url': {'urls': [{'url': 'https://t.co/0DxoGkDIQD', 'expanded_url': 'https://robotics.northwestern.edu/people/profiles/faculty/maciver-malcolm.html', 'display_url': 'robotics.northwestern.edu/people/profile…', 'indices': [0, 23]}]}, 'description': {'urls': []}}, 'protected': False, 'followers_count': 772, 'friends_count': 365, 'listed_count': 13, 'created_at': 'Thu Oct 20 13:21:57 +0000 2011', 'favourites_count': 1029, 'utc_offset': None, 'time_zone': None, 'geo_enabled': False, 'verified': False, 'statuses_count': 607, 'lang': None, 'contributors_enabled': False, 'is_translator': False, 'is_translation_enabled': False, 'profile_background_color': 'C0DEED', 'profile_background_image_url': 'http://abs.twimg.com/images/themes/theme1/bg.png', 'profile_background_image_url_https': 'https://abs.twimg.com/images/themes/theme1/bg.png', 'profile_background_tile': False, 'profile_image_url': 'http://pbs.twimg.com/profile_images/887400006721863681/Eus-4vzW_normal.jpg', 'profile_image_url_https': 'https://pbs.twimg.com/profile_images/887400006721863681/Eus-4vzW_normal.jpg', 'profile_banner_url': 'https://pbs.twimg.com/profile_banners/394680613/1505831185', 'profile_link_color': '1DA1F2', 'profile_sidebar_border_color': 'C0DEED', 'profile_sidebar_fill_color': 'DDEEF6', 'profile_text_color': '333333', 'profile_use_background_image': True, 'has_extended_profile': False, 'default_profile': True, 'default_profile_image': False, 'following': False, 'follow_request_sent': False, 'notifications': False, 'translator_type': 'none', 'withheld_in_countries': []}, 'geo': None, 'coordinates': None, 'place': None, 'contributors': None, 'is_quote_status': False, 'retweet_count': 2, 'favorite_count': 7, 'favorited': False, 'retweeted': False, 'possibly_sensitive': False, 'lang': 'en'}",0,0,False,False,False,en,[],[],"[{'screen_name': 'malcolmmaciver', 'name': 'Malcolm MacIver', 'id': 394680613, 'id_str': '394680613', 'indices': [66, 81]}]","[{'url': 'https://t.co/pz2wUG7NLD', 'expanded_url': 'https://twitter.com/i/web/status/1591083953116835842', 'display_url': 'twitter.com/i/web/status/1…', 'indices': [117, 140]}]",0,0,1,1,1433818532215730176
196278935,human,Tue Nov 08 17:47:15 +0000 2022,1590038251318177795,1590038251318177795,"Join @googledevgroups in #Asheville, #ChapelHill &amp; #Charlotte for North Carolina #DevFest - a community-run confere… https://t.co/v87qUltAxE",True,"{'hashtags': [{'text': 'Asheville', 'indices': [25, 35]}, {'text': 'ChapelHill', 'indices': [37, 48]}, {'text': 'Charlotte', 'indices': [55, 65]}, {'text': 'DevFest', 'indices': [85, 93]}], 'symbols': [], 'user_mentions': [{'screen_name': 'googledevgroups', 'name': 'Google Developer Groups', 'id': 443290756, 'id_str': '443290756', 'indices': [5, 21]}], 'urls': [{'url': 'https://t.co/v87qUltAxE', 'expanded_url': 'https://twitter.com/i/web/status/1590038251318177795', 'display_url': 'twitter.com/i/web/status/1…', 'indices': [121, 144]}]}","<a href=""https://mobile.twitter.com"" rel=""nofollow"">Twitter Web App</a>",,,,,,"{'id': 196278935, 'id_str': '196278935', 'name': 'Aniedi', 'screen_name': 'aniediudo', 'location': '', 'description': 'Global Developer Programs @ Google. Passionate about newbies, developers & startups. Opinions are entirely mine', 'url': 'https://t.co/tIQOhY0YRJ', 'entities': {'url': {'urls': [{'url': 'https://t.co/tIQOhY0YRJ', 'expanded_url': 'http://about.me/aniediudo', 'display_url': 'about.me/aniediudo', 'indices': [0, 23]}]}, 'description': {'urls': []}}, 'protected': False, 'followers_count': 24226, 'friends_count': 2712, 'listed_count': 209, 'created_at': 'Tue Sep 28 19:11:40 +0000 2010', 'favourites_count': 28991, 'utc_offset': None, 'time_zone': None, 'geo_enabled': True, 'verified': False, 'statuses_count': 12857, 'lang': None, 'contributors_enabled': False, 'is_translator': False, 'is_translation_enabled': False, 'profile_background_color': '0099B9', 'profile_background_image_url': 'http://abs.twimg.com/images/themes/theme4/bg.gif', 'profile_background_image_url_https': 'https://abs.twimg.com/images/themes/theme4/bg.gif', 'profile_background_tile': False, 'profile_image_url': 'http://pbs.twimg.com/profile_images/1569753773664501760/RD9PRUoM_normal.jpg', 'profile_image_url_https': 'https://pbs.twimg.com/profile_images/1569753773664501760/RD9PRUoM_normal.jpg', 'profile_banner_url': 'https://pbs.twimg.com/profile_banners/196278935/1665061837', 'profile_link_color': '0099B9', 'profile_sidebar_border_color': '5ED4DC', 'profile_sidebar_fill_color': '95E8EC', 'profile_text_color': '3C3940', 'profile_use_background_image': True, 'has_extended_profile': True, 'default_profile': False, 'default_profile_image': False, 'following': False, 'follow_request_sent': False, 'notifications': False, 'translator_type': 'none', 'withheld_in_countries': []}",,,,,False,,,,3,8,False,False,False,en,"[{'text': 'Asheville', 'indices': [25, 35]}, {'text': 'ChapelHill', 'indices': [37, 48]}, {'text': 'Charlotte', 'indices': [55, 65]}, {'text': 'DevFest', 'indices': [85, 93]}]",[],"[{'screen_name': 'googledevgroups', 'name': 'Google Developer Groups', 'id': 443290756, 'id_str': '443290756', 'indices': [5, 21]}]","[{'url': 'https://t.co/v87qUltAxE', 'expanded_url': 'https://twitter.com/i/web/status/1590038251318177795', 'display_url': 'twitter.com/i/web/status/1…', 'indices': [121, 144]}]",4,0,1,1,196278935
731478516181565440,human,Fri Nov 11 04:16:16 +0000 2022,1590921323760717825,1590921323760717825,"#S4SN
We have a poster presentation tomorrow at the meeting of Society for Social Neuroscience @S4SNeuro 

A5. Wojc… https://t.co/JaxsAVarDA",True,"{'hashtags': [{'text': 'S4SN', 'indices': [0, 5]}], 'symbols': [], 'user_mentions': [{'screen_name': 'S4SNeuro', 'name': 'Society for Social Neuroscience', 'id': 394381284, 'id_str': '394381284', 'indices': [95, 104]}], 'urls': [{'url': 'https://t.co/JaxsAVarDA', 'expanded_url': 'https://twitter.com/i/web/status/1590921323760717825', 'display_url': 'twitter.com/i/web/status/1…', 'indices': [117, 140]}]}","<a href=""http://twitter.com/download/iphone"" rel=""nofollow"">Twitter for iPhone</a>",,,,,,"{'id': 731478516181565440, 'id_str': '731478516181565440', 'name': 'Rei Akaishi', 'screen_name': 'rei_akaishi', 'location': 'Earth', 'description': 'Decision (neuro)scientist, interested in system views of brain, society, tech, wellbeing (opinions are my own) @rei_akaishi@mstdn.social', 'url': 'https://t.co/Ok5Pdibbw8', 'entities': {'url': {'urls': [{'url': 'https://t.co/Ok5Pdibbw8', 'expanded_url': 'https://akaishidecisionscience.yolasite.com', 'display_url': 'akaishidecisionscience.yolasite.com', 'indices': [0, 23]}]}, 'description': {'urls': []}}, 'protected': False, 'followers_count': 2754, 'friends_count': 2742, 'listed_count': 35, 'created_at': 'Sat May 14 13:37:23 +0000 2016', 'favourites_count': 14311, 'utc_offset': None, 'time_zone': None, 'geo_enabled': False, 'verified': False, 'statuses_count': 12551, 'lang': None, 'contributors_enabled': False, 'is_translator': False, 'is_translation_enabled': False, 'profile_background_color': 'F5F8FA', 'profile_background_image_url': None, 'profile_background_image_url_https': None, 'profile_background_tile': False, 'profile_image_url': 'http://pbs.twimg.com/profile_images/747971601036021760/sTmNnMbJ_normal.jpg', 'profile_image_url_https': 'https://pbs.twimg.com/profile_images/747971601036021760/sTmNnMbJ_normal.jpg', 'profile_banner_url': 'https://pbs.twimg.com/profile_banners/731478516181565440/1667561800', 'profile_link_color': '1DA1F2', 'profile_sidebar_border_color': 'C0DEED', 'profile_sidebar_fill_color': 'DDEEF6', 'profile_text_color': '333333', 'profile_use_background_image': True, 'has_extended_profile': False, 'default_profile': True, 'default_profile_image': False, 'following': False, 'follow_request_sent': False, 'notifications': False, 'translator_type': 'none', 'withheld_in_countries': []}",,,,,False,,,,3,6,False,False,False,en,"[{'text': 'S4SN', 'indices': [0, 5]}]",[],"[{'screen_name': 'S4SNeuro', 'name': 'Society for Social Neuroscience', 'id': 394381284, 'id_str': '394381284', 'indices': [95, 104]}]","[{'url': 'https://t.co/JaxsAVarDA', 'expanded_url': 'https://twitter.com/i/web/status/1590921323760717825', 'display_url': 'twitter.com/i/web/status/1…', 'indices': [117, 140]}]",1,0,1,1,731478516181565440
383950602,human,Sat Jun 12 00:18:51 +0000 2021,1403507049397252098,1403507049397252098,@valeinallcaps Happy Birthday!!!!!!,False,"{'hashtags': [], 'symbols': [], 'user_mentions': [{'screen_name': 'valeinallcaps', 'name': 'VALÉ', 'id': 786674513262047232, 'id_str': '786674513262047232', 'indices': [0, 14]}], 'urls': []}","<a href=""http://twitter.com/download/iphone"" rel=""nofollow"">Twitter for iPhone</a>",1.4026478549093622e+18,1.4026478549093622e+18,7.866745132620472e+17,7.866745132620472e+17,valeinallcaps,"{'id': 383950602, 'id_str': '383950602', 'name': 'Livia Tortella', 'screen_name': 'liviatortella', 'location': 'Los Angeles, CA', 'description': 'Founder & CEO of @BlackBoxLA', 'url': 'https://t.co/soE7ihS07Q', 'entities': {'url': {'urls': [{'url': 'https://t.co/soE7ihS07Q', 'expanded_url': 'http://blackbox.la', 'display_url': 'blackbox.la', 'indices': [0, 23]}]}, 'description': {'urls': []}}, 'protected': False, 'followers_count': 2006, 'friends_count': 998, 'listed_count': 38, 'created_at': 'Sun Oct 02 20:08:27 +0000 2011', 'favourites_count': 54, 'utc_offset': None, 'time_zone': None, 'geo_enabled': True, 'verified': False, 'statuses_count': 1095, 'lang': None, 'contributors_enabled': False, 'is_translator': False, 'is_translation_enabled': False, 'profile_background_color': '000005', 'profile_background_image_url': 'http://abs.twimg.com/images/themes/theme1/bg.png', 'profile_background_image_url_https': 'https://abs.twimg.com/images/themes/theme1/bg.png', 'profile_background_tile': True, 'profile_image_url': 'http://pbs.twimg.com/profile_images/963514024087445504/K8k1bNAr_normal.jpg', 'profile_image_url_https': 'https://pbs.twimg.com/profile_images/963514024087445504/K8k1bNAr_normal.jpg', 'profile_banner_url': 'https://pbs.twimg.com/profile_banners/383950602/1442944066', 'profile_link_color': '000005', 'profile_sidebar_border_color': '89B5A2', 'profile_sidebar_fill_color': '24210E', 'profile_text_color': '89B5A2', 'profile_use_background_image': True, 'has_extended_profile': False, 'default_profile': False, 'default_profile_image': False, 'following': False, 'follow_request_sent': False, 'notifications': False, 'translator_type': 'none', 'withheld_in_countries': []}",,,,,False,,,,0,0,False,False,,en,[],[],"[{'screen_name': 'valeinallcaps', 'name': 'VALÉ', 'id': 786674513262047232, 'id_str': '786674513262047232', 'indices': [0, 14]}]",[],0,0,1,0,383950602
1009495181882773506,human,Tue Nov 08 18:56:37 +0000 2022,1590055709840113664,1590055709840113664,"[Happening now] We will have our mentorship session about ""Applying for a PhD in #NLProc"" 
- Get the Zoom link from… https://t.co/zFzlEri1Hw",True,"{'hashtags': [{'text': 'NLProc', 'indices': [81, 88]}], 'symbols': [], 'user_mentions': [], 'urls': [{'url': 'https://t.co/zFzlEri1Hw', 'expanded_url': 'https://twitter.com/i/web/status/1590055709840113664', 'display_url': 'twitter.com/i/web/status/1…', 'indices': [117, 140]}]}","<a href=""https://mobile.twitter.com"" rel=""nofollow"">Twitter Web App</a>",,,,,,"{'id': 1009495181882773506, 'id_str': '1009495181882773506', 'name': 'Zhijing Jin (@ZhijingJin@mastodon.world)', 'screen_name': 'ZhijingJin', 'location': 'Zurich, Switzerland', 'description': 'PhD @MPI_IS & @ETH_en @ETH_AI_Center w/ Prof Bernhard Schoelkopf. Working on (1) @CausalNLP and (2) NLP4SocialGood @nlp4sg. Mentee and mentor @aclmentorship.', 'url': 'https://t.co/EsseOLDxfb', 'entities': {'url': {'urls': [{'url': 'https://t.co/EsseOLDxfb', 'expanded_url': 'http://zhijing-jin.com', 'display_url': 'zhijing-jin.com', 'indices': [0, 23]}]}, 'description': {'urls': []}}, 'protected': False, 'followers_count': 1646, 'friends_count': 807, 'listed_count': 20, 'created_at': 'Wed Jun 20 17:56:21 +0000 2018', 'favourites_count': 328, 'utc_offset': None, 'time_zone': None, 'geo_enabled': False, 'verified': False, 'statuses_count': 187, 'lang': None, 'contributors_enabled': False, 'is_translator': False, 'is_translation_enabled': False, 'profile_background_color': 'F5F8FA', 'profile_background_image_url': None, 'profile_background_image_url_https': None, 'profile_background_tile': False, 'profile_image_url': 'http://pbs.twimg.com/profile_images/1422992118390435850/Hy_TdZ1N_normal.jpg', 'profile_image_url_https': 'https://pbs.twimg.com/profile_images/1422992118390435850/Hy_TdZ1N_normal.jpg', 'profile_banner_url': 'https://pbs.twimg.com/profile_banners/1009495181882773506/1628102671', 'profile_link_color': '1DA1F2', 'profile_sidebar_border_color': 'C0DEED', 'profile_sidebar_fill_color': 'DDEEF6', 'profile_text_color': '333333', 'profile_use_background_image': True, 'has_extended_profile': False, 'default_profile': True, 'default_profile_image': False, 'following': False, 'follow_request_sent': False, 'notifications': False, 'translator_type': 'none', 'withheld_in_countries': []}",,,,,True,1.5887081570185052e+18,1.5887081570185052e+18,"{'created_at': 'Sat Nov 05 01:41:56 +0000 2022', 'id': 1588708157018505216, 'id_str': '1588708157018505216', 'text': '📢Join us for the next ACL mentorship session: Applying for a PhD in NLP\n\n⏲️Tuesday November 8, 7-8 pm UTC/2-3pm EST… https://t.co/m5XgkdpyJr', 'truncated': True, 'entities': {'hashtags': [], 'symbols': [], 'user_mentions': [], 'urls': [{'url': 'https://t.co/m5XgkdpyJr', 'expanded_url': 'https://twitter.com/i/web/status/1588708157018505216', 'display_url': 'twitter.com/i/web/status/1…', 'indices': [117, 140]}]}, 'source': '<a href=""https://mobile.twitter.com"" rel=""nofollow"">Twitter Web App</a>', 'in_reply_to_status_id': None, 'in_reply_to_status_id_str': None, 'in_reply_to_user_id': None, 'in_reply_to_user_id_str': None, 'in_reply_to_screen_name': None, 'user': {'id': 1413545724978122753, 'id_str': '1413545724978122753', 'name': 'ACL Mentorship', 'screen_name': 'aclmentorship', 'location': '', 'description': 'ACL Year-Round Mentorship Program: https://t.co/F3rgnwIKUG', 'url': 'https://t.co/F3rgnwIKUG', 'entities': {'url': {'urls': [{'url': 'https://t.co/F3rgnwIKUG', 'expanded_url': 'http://mentorship.aclweb.org', 'display_url': 'mentorship.aclweb.org', 'indices': [0, 23]}]}, 'description': {'urls': [{'url': 'https://t.co/F3rgnwIKUG', 'expanded_url': 'http://mentorship.aclweb.org', 'display_url': 'mentorship.aclweb.org', 'indices': [35, 58]}]}}, 'protected': False, 'followers_count': 1562, 'friends_count': 29, 'listed_count': 20, 'created_at': 'Fri Jul 09 17:09:50 +0000 2021', 'favourites_count': 14, 'utc_offset': None, 'time_zone': None, 'geo_enabled': False, 'verified': False, 'statuses_count': 70, 'lang': None, 'contributors_enabled': False, 'is_translator': False, 'is_translation_enabled': False, 'profile_background_color': 'F5F8FA', 'profile_background_image_url': None, 'profile_background_image_url_https': None, 'profile_background_tile': False, 'profile_image_url': 'http://pbs.twimg.com/profile_images/1439912858771406849/YnAnHmHk_normal.jpg', 'profile_image_url_https': 'https://pbs.twimg.com/profile_images/1439912858771406849/YnAnHmHk_normal.jpg', 'profile_link_color': '1DA1F2', 'profile_sidebar_border_color': 'C0DEED', 'profile_sidebar_fill_color': 'DDEEF6', 'profile_text_color': '333333', 'profile_use_background_image': True, 'has_extended_profile': True, 'default_profile': True, 'default_profile_image': False, 'following': False, 'follow_request_sent': False, 'notifications': False, 'translator_type': 'none', 'withheld_in_countries': []}, 'geo': None, 'coordinates': None, 'place': None, 'contributors': None, 'is_quote_status': False, 'retweet_count': 13, 'favorite_count': 57, 'favorited': False, 'retweeted': False, 'lang': 'en'}",0,3,False,False,False,en,"[{'text': 'NLProc', 'indices': [81, 88]}]",[],[],"[{'url': 'https://t.co/zFzlEri1Hw', 'expanded_url': 'https://twitter.com/i/web/status/1590055709840113664', 'display_url': 'twitter.com/i/web/status/1…', 'indices': [117, 140]}]",1,0,0,1,1009495181882773506
73710441,human,Mon Oct 31 03:11:22 +0000 2022,1586918725042589697,1586918725042589697,There’s something about David Bowie’s songs that always send me into full on karaoke mode.,False,"{'hashtags': [], 'symbols': [], 'user_mentions': [], 'urls': []}","<a href=""http://twitter.com/download/iphone"" rel=""nofollow"">Twitter for iPhone</a>",,,,,,"{'id': 73710441, 'id_str': '73710441', 'name': 'sPam Rucinque', 'screen_name': 'PamRucinque', 'location': 'Melbourne, VIC', 'description': 'oh deer. Dev @thoughtworks - Tweets in English and Spanish. Some about tech, some not.', 'url': 'https://t.co/Y3pn76S4Pd', 'entities': {'url': {'urls': [{'url': 'https://t.co/Y3pn76S4Pd', 'expanded_url': 'https://pamrucinque.com', 'display_url': 'pamrucinque.com', 'indices': [0, 23]}]}, 'description': {'urls': []}}, 'protected': False, 'followers_count': 584, 'friends_count': 1009, 'listed_count': 25, 'created_at': 'Sat Sep 12 19:04:33 +0000 2009', 'favourites_count': 6063, 'utc_offset': None, 'time_zone': None, 'geo_enabled': True, 'verified': False, 'statuses_count': 4135, 'lang': None, 'contributors_enabled': False, 'is_translator': False, 'is_translation_enabled': False, 'profile_background_color': '000000', 'profile_background_image_url': 'http://abs.twimg.com/images/themes/theme1/bg.png', 'profile_background_image_url_https': 'https://abs.twimg.com/images/themes/theme1/bg.png', 'profile_background_tile': False, 'profile_image_url': 'http://pbs.twimg.com/profile_images/744771258785505280/ARV9d1Dc_normal.jpg', 'profile_image_url_https': 'https://pbs.twimg.com/profile_images/744771258785505280/ARV9d1Dc_normal.jpg', 'profile_banner_url': 'https://pbs.twimg.com/profile_banners/73710441/1367934592', 'profile_link_color': '4A913C', 'profile_sidebar_border_color': '000000', 'profile_sidebar_fill_color': '000000', 'profile_text_color': '000000', 'profile_use_background_image': False, 'has_extended_profile': True, 'default_profile': False, 'default_profile_image': False, 'following': False, 'follow_request_sent': False, 'notifications': False, 'translator_type': 'none', 'withheld_in_countries': []}",,,,,False,,,,0,0,False,False,,en,[],[],[],[],0,0,0,0,73710441
542721191,human,Sun Oct 30 17:03:42 +0000 2022,1586765800043528193,1586765800043528193,Absolutely loved getting to play around in Yosemite with @brookeclimbs this weekend 😍👯‍♀️!!! No we didn’t plan to b… https://t.co/EiFS943ad2,True,"{'hashtags': [], 'symbols': [], 'user_mentions': [], 'urls': [{'url': 'https://t.co/EiFS943ad2', 'expanded_url': 'https://twitter.com/i/web/status/1586765800043528193', 'display_url': 'twitter.com/i/web/status/1…', 'indices': [117, 140]}]}","<a href=""http://instagram.com"" rel=""nofollow"">Instagram</a>",,,,,,"{'id': 542721191, 'id_str': '542721191', 'name': 'Meagan Martin', 'screen_name': 'MeaganMartin89', 'location': '', 'description': 'Meagan Martin is a professional Rock Climber and American Ninja Warrior who lives in Boulder, CO. #mightymeagan https://t.co/YPXioHUptE', 'url': 'https://t.co/zGThxIncsP', 'entities': {'url': {'urls': [{'url': 'https://t.co/zGThxIncsP', 'expanded_url': 'http://meaganmartinclimbing.com', 'display_url': 'meaganmartinclimbing.com', 'indices': [0, 23]}]}, 'description': {'urls': [{'url': 'https://t.co/YPXioHUptE', 'expanded_url': 'https://m.youtube.com/watch?v=c_H90k9eALw', 'display_url': 'm.youtube.com/watch?v=c_H90k…', 'indices': [112, 135]}]}}, 'protected': False, 'followers_count': 20652, 'friends_count': 158, 'listed_count': 120, 'created_at': 'Sun Apr 01 17:45:46 +0000 2012', 'favourites_count': 4632, 'utc_offset': None, 'time_zone': None, 'geo_enabled': True, 'verified': True, 'statuses_count': 2362, 'lang': None, 'contributors_enabled': False, 'is_translator': False, 'is_translation_enabled': False, 'profile_background_color': 'C0DEED', 'profile_background_image_url': 'http://abs.twimg.com/images/themes/theme1/bg.png', 'profile_background_image_url_https': 'https://abs.twimg.com/images/themes/theme1/bg.png', 'profile_background_tile': False, 'profile_image_url': 'http://pbs.twimg.com/profile_images/619340537074708480/1S9U-RZg_normal.jpg', 'profile_image_url_https': 'https://pbs.twimg.com/profile_images/619340537074708480/1S9U-RZg_normal.jpg', 'profile_banner_url': 'https://pbs.twimg.com/profile_banners/542721191/1439227472', 'profile_link_color': '1DA1F2', 'profile_sidebar_border_color': 'C0DEED', 'profile_sidebar_fill_color': 'DDEEF6', 'profile_text_color': '333333', 'profile_use_background_image': True, 'has_extended_profile': True, 'default_profile': True, 'default_profile_image': False, 'following': False, 'follow_request_sent': False, 'notifications': False, 'translator_type': 'none', 'withheld_in_countries': []}",,,,,False,,,,1,3,False,False,False,en,[],[],[],"[{'url': 'https://t.co/EiFS943ad2', 'expanded_url': 'https://twitter.com/i/web/status/1586765800043528193', 'display_url': 'twitter.com/i/web/status/1…', 'indices': [117, 140]}]",0,0,0,1,542721191
820367095120547841,human,Fri Nov 04 14:04:45 +0000 2022,1588532707327344640,1588532707327344640,"Ashley Williams (@ag_dubs) shares about her time at Node.js, Rust, and her new company Axo (https://t.co/uDyyIyb1BK… https://t.co/sx8gLVKJvY",True,"{'hashtags': [], 'symbols': [], 'user_mentions': [{'screen_name': 'ag_dubs', 'name': 'ashley williams', 'id': 304067888, 'id_str': '304067888', 'indices': [17, 25]}], 'urls': [{'url': 'https://t.co/uDyyIyb1BK', 'expanded_url': 'https://www.axo.dev/', 'display_url': 'axo.dev', 'indices': [92, 115]}, {'url': 'https://t.co/sx8gLVKJvY', 'expanded_url': 'https://twitter.com/i/web/status/1588532707327344640', 'display_url': 'twitter.com/i/web/status/1…', 'indices': [117, 140]}]}","<a href=""https://socialbee.io/"" rel=""nofollow"">SocialBee.io v2</a>",,,,,,"{'id': 820367095120547841, 'id_str': '820367095120547841', 'name': 'Sustain Open Source', 'screen_name': 'SustainOSS', 'location': 'Earth', 'description': 'Events brought to you by #OpenSource sustainers. Join the conversation: https://t.co/JIUAGHbrwr', 'url': 'https://t.co/Q2meUiLTxC', 'entities': {'url': {'urls': [{'url': 'https://t.co/Q2meUiLTxC', 'expanded_url': 'https://sustainoss.org', 'display_url': 'sustainoss.org', 'indices': [0, 23]}]}, 'description': {'urls': [{'url': 'https://t.co/JIUAGHbrwr', 'expanded_url': 'https://discourse.sustainoss.org', 'display_url': 'discourse.sustainoss.org', 'indices': [72, 95]}]}}, 'protected': False, 'followers_count': 2438, 'friends_count': 190, 'listed_count': 58, 'created_at': 'Sat Jan 14 20:28:51 +0000 2017', 'favourites_count': 842, 'utc_offset': None, 'time_zone': None, 'geo_enabled': False, 'verified': False, 'statuses_count': 1297, 'lang': None, 'contributors_enabled': False, 'is_translator': False, 'is_translation_enabled': False, 'profile_background_color': '000000', 'profile_background_image_url': 'http://abs.twimg.com/images/themes/theme1/bg.png', 'profile_background_image_url_https': 'https://abs.twimg.com/images/themes/theme1/bg.png', 'profile_background_tile': False, 'profile_image_url': 'http://pbs.twimg.com/profile_images/1026548903900995584/IzfNbvt5_normal.jpg', 'profile_image_url_https': 'https://pbs.twimg.com/profile_images/1026548903900995584/IzfNbvt5_normal.jpg', 'profile_banner_url': 'https://pbs.twimg.com/profile_banners/820367095120547841/1542825071', 'profile_link_color': '00BAA4', 'profile_sidebar_border_color': '000000', 'profile_sidebar_fill_color': '000000', 'profile_text_color': '000000', 'profile_use_background_image': False, 'has_extended_profile': False, 'default_profile': False, 'default_profile_image': False, 'following': False, 'follow_request_sent': False, 'notifications': False, 'translator_type': 'none', 'withheld_in_countries': []}",,,,,False,,,,0,3,False,False,False,en,[],[],"[{'screen_name': 'ag_dubs', 'name': 'ashley williams', 'id': 304067888, 'id_str': '304067888', 'indices': [17, 25]}]","[{'url': 'https://t.co/uDyyIyb1BK', 'expanded_url': 'https://www.axo.dev/', 'display_url': 'axo.dev', 'indices': [92, 115]}, {'url': 'https://t.co/sx8gLVKJvY', 'expanded_url': 'https://twitter.com/i/web/status/1588532707327344640', 'display_url': 'twitter.com/i/web/status/1…', 'indices': [117, 140]}]",0,0,1,2,820367095120547841
1074322006445883392,human,Wed Nov 09 12:15:56 +0000 2022,1590317263189524481,1590317263189524481,@Chrissie_Jide Omo. I just want to take pictures and move all this pose matter no concern me 😐,False,"{'hashtags': [], 'symbols': [], 'user_mentions': [{'screen_name': 'Chrissie_Jide', 'name': 'Christina', 'id': 1513225661003055114, 'id_str': '1513225661003055114', 'indices': [0, 14]}], 'urls': []}","<a href=""http://twitter.com/download/iphone"" rel=""nofollow"">Twitter for iPhone</a>",1.5902504705931387e+18,1.5902504705931387e+18,1.513225661003055e+18,1.513225661003055e+18,Chrissie_Jide,"{'id': 1074322006445883392, 'id_str': '1074322006445883392', 'name': 'SynapseTheGreat', 'screen_name': 'Synapsethegreat', 'location': '', 'description': 'Music | Tech | Agriculture', 'url': 'https://t.co/CisQnwsQue', 'entities': {'url': {'urls': [{'url': 'https://t.co/CisQnwsQue', 'expanded_url': 'http://Streamlink.to/be', 'display_url': 'Streamlink.to/be', 'indices': [0, 23]}]}, 'description': {'urls': []}}, 'protected': False, 'followers_count': 5212, 'friends_count': 731, 'listed_count': 0, 'created_at': 'Sun Dec 16 15:15:01 +0000 2018', 'favourites_count': 3912, 'utc_offset': None, 'time_zone': None, 'geo_enabled': True, 'verified': False, 'statuses_count': 6484, 'lang': None, 'contributors_enabled': False, 'is_translator': False, 'is_translation_enabled': False, 'profile_background_color': 'F5F8FA', 'profile_background_image_url': None, 'profile_background_image_url_https': None, 'profile_background_tile': False, 'profile_image_url': 'http://pbs.twimg.com/profile_images/1433727279436345344/zb-1mc99_normal.jpg', 'profile_image_url_https': 'https://pbs.twimg.com/profile_images/1433727279436345344/zb-1mc99_normal.jpg', 'profile_link_color': '1DA1F2', 'profile_sidebar_border_color': 'C0DEED', 'profile_sidebar_fill_color': 'DDEEF6', 'profile_text_color': '333333', 'profile_use_background_image': True, 'has_extended_profile': False, 'default_profile': True, 'default_profile_image': False, 'following': False, 'follow_request_sent': False, 'notifications': False, 'translator_type': 'none', 'withheld_in_countries': []}",,,,,False,,,,0,0,False,False,,en,[],[],"[{'screen_name': 'Chrissie_Jide', 'name': 'Christina', 'id': 1513225661003055114, 'id_str': '1513225661003055114', 'indices': [0, 14]}]",[],0,0,1,0,1074322006445883392
73125667,human,Mon Oct 24 14:45:08 +0000 2022,1584556602681597955,1584556602681597955,This week we're looking forward to co-hosting the New Venture Competition Kick-Off event with @HBSSEI! Come learn m… https://t.co/8gjLYbNpeS,True,"{'hashtags': [], 'symbols': [], 'user_mentions': [{'screen_name': 'HBSSEI', 'name': 'HBS SocialEnterprise', 'id': 177593483, 'id_str': '177593483', 'indices': [94, 101]}], 'urls': [{'url': 'https://t.co/8gjLYbNpeS', 'expanded_url': 'https://twitter.com/i/web/status/1584556602681597955', 'display_url': 'twitter.com/i/web/status/1…', 'indices': [117, 140]}]}","<a href=""https://sproutsocial.com"" rel=""nofollow"">Sprout Social</a>",,,,,,"{'id': 73125667, 'id_str': '73125667', 'name': 'HBS Rock Center for Entrepreneurship', 'screen_name': 'HBSRock', 'location': 'Boston, MA', 'description': 'Leading entrepreneurship thought-leadership and educating the next generation of world-changing startup leaders at Harvard Business School.', 'url': 'https://t.co/JfeNn8uIIP', 'entities': {'url': {'urls': [{'url': 'https://t.co/JfeNn8uIIP', 'expanded_url': 'http://entrepreneurship.hbs.edu', 'display_url': 'entrepreneurship.hbs.edu', 'indices': [0, 23]}]}, 'description': {'urls': []}}, 'protected': False, 'followers_count': 9713, 'friends_count': 1091, 'listed_count': 283, 'created_at': 'Thu Sep 10 14:16:18 +0000 2009', 'favourites_count': 1751, 'utc_offset': None, 'time_zone': None, 'geo_enabled': True, 'verified': False, 'statuses_count': 3135, 'lang': None, 'contributors_enabled': False, 'is_translator': False, 'is_translation_enabled': False, 'profile_background_color': 'FFFFFF', 'profile_background_image_url': 'http://abs.twimg.com/images/themes/theme1/bg.png', 'profile_background_image_url_https': 'https://abs.twimg.com/images/themes/theme1/bg.png', 'profile_background_tile': False, 'profile_image_url': 'http://pbs.twimg.com/profile_images/1478032613562626052/ErdgG9Ob_normal.jpg', 'profile_image_url_https': 'https://pbs.twimg.com/profile_images/1478032613562626052/ErdgG9Ob_normal.jpg', 'profile_banner_url': 'https://pbs.twimg.com/profile_banners/73125667/1525729284', 'profile_link_color': '900029', 'profile_sidebar_border_color': 'FFFFFF', 'profile_sidebar_fill_color': 'FFFFFF', 'profile_text_color': '333333', 'profile_use_background_image': True, 'has_extended_profile': False, 'default_profile': False, 'default_profile_image': False, 'following': False, 'follow_request_sent': False, 'notifications': False, 'translator_type': 'none', 'withheld_in_countries': []}",,,,,False,,,,0,0,False,False,False,en,[],[],"[{'screen_name': 'HBSSEI', 'name': 'HBS SocialEnterprise', 'id': 177593483, 'id_str': '177593483', 'indices': [94, 101]}]","[{'url': 'https://t.co/8gjLYbNpeS', 'expanded_url': 'https://twitter.com/i/web/status/1584556602681597955', 'display_url': 'twitter.com/i/web/status/1…', 'indices': [117, 140]}]",0,0,1,1,73125667
374208504,human,Thu Nov 10 04:34:54 +0000 2022,1590563628549562368,1590563628549562368,"Welcome Seattle area friends to our @THSEA event on Monday 11/14--discussing how to create healthy, equitable, sust… https://t.co/d0jRYQS5FB",True,"{'hashtags': [], 'symbols': [], 'user_mentions': [{'screen_name': 'THSEA', 'name': 'Town Hall Seattle', 'id': 46236831, 'id_str': '46236831', 'indices': [36, 42]}], 'urls': [{'url': 'https://t.co/d0jRYQS5FB', 'expanded_url': 'https://twitter.com/i/web/status/1590563628549562368', 'display_url': 'twitter.com/i/web/status/1…', 'indices': [117, 140]}]}","<a href=""https://mobile.twitter.com"" rel=""nofollow"">Twitter Web App</a>",,,,,,"{'id': 374208504, 'id_str': '374208504', 'name': 'Howard Frumkin', 'screen_name': 'howardfrumkin', 'location': 'Seattle', 'description': 'Senior VP, @TPL_org.  Professor Emeritus, U of Washington School of Public Health.  Working for health, equity, climate action, community.', 'url': None, 'entities': {'description': {'urls': []}}, 'protected': False, 'followers_count': 2261, 'friends_count': 234, 'listed_count': 58, 'created_at': 'Thu Sep 15 22:13:33 +0000 2011', 'favourites_count': 379, 'utc_offset': None, 'time_zone': None, 'geo_enabled': False, 'verified': False, 'statuses_count': 625, 'lang': None, 'contributors_enabled': False, 'is_translator': False, 'is_translation_enabled': False, 'profile_background_color': 'C0DEED', 'profile_background_image_url': 'http://abs.twimg.com/images/themes/theme1/bg.png', 'profile_background_image_url_https': 'https://abs.twimg.com/images/themes/theme1/bg.png', 'profile_background_tile': True, 'profile_image_url': 'http://pbs.twimg.com/profile_images/1616008209/Frumkin_Howard_normal.jpg', 'profile_image_url_https': 'https://pbs.twimg.com/profile_images/1616008209/Frumkin_Howard_normal.jpg', 'profile_banner_url': 'https://pbs.twimg.com/profile_banners/374208504/1631129878', 'profile_link_color': '0084B4', 'profile_sidebar_border_color': 'C0DEED', 'profile_sidebar_fill_color': 'DDEEF6', 'profile_text_color': '333333', 'profile_use_background_image': True, 'has_extended_profile': False, 'default_profile': False, 'default_profile_image': False, 'following': False, 'follow_request_sent': False, 'notifications': False, 'translator_type': 'none', 'withheld_in_countries': []}",,,,,False,,,,0,3,False,False,False,en,[],[],"[{'screen_name': 'THSEA', 'name': 'Town Hall Seattle', 'id': 46236831, 'id_str': '46236831', 'indices': [36, 42]}]","[{'url': 'https://t.co/d0jRYQS5FB', 'expanded_url': 'https://twitter.com/i/web/status/1590563628549562368', 'display_url': 'twitter.com/i/web/status/1…', 'indices': [117, 140]}]",0,0,1,1,374208504
1484088723730055170,human,Sat Sep 17 20:02:26 +0000 2022,1571228104995094531,1571228104995094531,@Kirabo18827460 U are looking very beautiful,False,"{'hashtags': [], 'symbols': [], 'user_mentions': [{'screen_name': 'Kirabo18827460', 'name': 'Jowani', 'id': 1571011219812663296, 'id_str': '1571011219812663296', 'indices': [0, 15]}], 'urls': []}","<a href=""http://twitter.com/download/android"" rel=""nofollow"">Twitter for Android</a>",1.5710122076302336e+18,1.5710122076302336e+18,1.5710112198126633e+18,1.5710112198126633e+18,Kirabo18827460,"{'id': 1484088723730055170, 'id_str': '1484088723730055170', 'name': 'Soji Alaga', 'screen_name': 'AlagaSoji', 'location': 'Lagos, Nigeria', 'description': ""I'm an easy going and simple person I do trader for living ,I buy car and I sell car for living ask me about car's 🚗🚘🚔🏎🚓"", 'url': None, 'entities': {'description': {'urls': []}}, 'protected': False, 'followers_count': 192, 'friends_count': 695, 'listed_count': 0, 'created_at': 'Thu Jan 20 09:02:56 +0000 2022', 'favourites_count': 3, 'utc_offset': None, 'time_zone': None, 'geo_enabled': False, 'verified': False, 'statuses_count': 10, 'lang': None, 'contributors_enabled': False, 'is_translator': False, 'is_translation_enabled': False, 'profile_background_color': 'F5F8FA', 'profile_background_image_url': None, 'profile_background_image_url_https': None, 'profile_background_tile': False, 'profile_image_url': 'http://pbs.twimg.com/profile_images/1487338549125038085/jm-Anfgf_normal.jpg', 'profile_image_url_https': 'https://pbs.twimg.com/profile_images/1487338549125038085/jm-Anfgf_normal.jpg', 'profile_banner_url': 'https://pbs.twimg.com/profile_banners/1484088723730055170/1642678269', 'profile_link_color': '1DA1F2', 'profile_sidebar_border_color': 'C0DEED', 'profile_sidebar_fill_color': 'DDEEF6', 'profile_text_color': '333333', 'profile_use_background_image': True, 'has_extended_profile': True, 'default_profile': True, 'default_profile_image': False, 'following': False, 'follow_request_sent': False, 'notifications': False, 'translator_type': 'none', 'withheld_in_countries': []}",,,,,False,,,,0,0,False,False,,en,[],[],"[{'screen_name': 'Kirabo18827460', 'name': 'Jowani', 'id': 1571011219812663296, 'id_str': '1571011219812663296', 'indices': [0, 15]}]",[],0,0,1,0,1484088723730055170
1331028521649537025,human,Tue Nov 24 00:40:30 +0000 2020,1331034927819677696,1331034927819677696,"Top 3 Electric Cars Available On The Market⚡🏎️

➡ Nissan LEAF
➡ Mercedes Benz B Class
➡ BMW i3

#Cars #electriccars https://t.co/kZuM2tYeAD",False,"{'hashtags': [{'text': 'Cars', 'indices': [96, 101]}, {'text': 'electriccars', 'indices': [102, 115]}], 'symbols': [], 'user_mentions': [], 'urls': [], 'media': [{'id': 1331034862677938177, 'id_str': '1331034862677938177', 'indices': [116, 139], 'media_url': 'http://pbs.twimg.com/media/EnjJJ82UUAEg-2R.jpg', 'media_url_https': 'https://pbs.twimg.com/media/EnjJJ82UUAEg-2R.jpg', 'url': 'https://t.co/kZuM2tYeAD', 'display_url': 'pic.twitter.com/kZuM2tYeAD', 'expanded_url': 'https://twitter.com/101Eclectric/status/1331034927819677696/photo/1', 'type': 'photo', 'sizes': {'thumb': {'w': 150, 'h': 150, 'resize': 'crop'}, 'large': {'w': 1920, 'h': 1080, 'resize': 'fit'}, 'small': {'w': 680, 'h': 383, 'resize': 'fit'}, 'medium': {'w': 1200, 'h': 675, 'resize': 'fit'}}}]}","<a href=""https://mobile.twitter.com"" rel=""nofollow"">Twitter Web App</a>",,,,,,"{'id': 1331028521649537025, 'id_str': '1331028521649537025', 'name': '101 eclectric cars', 'screen_name': '101EclectriCars', 'location': '', 'description': 'All About Hybrids\n🚗 Hybrid Maintenance\n🔩 Give your car an upgrade\n🚙 The perfect car for your lifestyle\n💬 Learn more about hybrid cars', 'url': 'https://t.co/YUyyD0rly3', 'entities': {'url': {'urls': [{'url': 'https://t.co/YUyyD0rly3', 'expanded_url': 'http://101electriccars.com', 'display_url': '101electriccars.com', 'indices': [0, 23]}]}, 'description': {'urls': []}}, 'protected': False, 'followers_count': 5, 'friends_count': 114, 'listed_count': 0, 'created_at': 'Tue Nov 24 00:15:17 +0000 2020', 'favourites_count': 0, 'utc_offset': None, 'time_zone': None, 'geo_enabled': False, 'verified': False, 'statuses_count': 5, 'lang': None, 'contributors_enabled': False, 'is_translator': False, 'is_translation_enabled': False, 'profile_background_color': 'F5F8FA', 'profile_background_image_url': None, 'profile_background_image_url_https': None, 'profile_background_tile': False, 'profile_image_url': 'http://pbs.twimg.com/profile_images/1331029216373084161/ofM5jCJK_normal.jpg', 'profile_image_url_https': 'https://pbs.twimg.com/profile_images/1331029216373084161/ofM5jCJK_normal.jpg', 'profile_banner_url': 'https://pbs.twimg.com/profile_banners/1331028521649537025/1606177243', 'profile_link_color': '1DA1F2', 'profile_sidebar_border_color': 'C0DEED', 'profile_sidebar_fill_color': 'DDEEF6', 'profile_text_color': '333333', 'profile_use_background_image': True, 'has_extended_profile': True, 'default_profile': True, 'default_profile_image': False, 'following': False, 'follow_request_sent': False, 'notifications': False, 'translator_type': 'none', 'withheld_in_countries': []}",,,,,False,,,,0,1,False,False,False,en,"[{'text': 'Cars', 'indices': [96, 101]}, {'text': 'electriccars', 'indices': [102, 115]}]",[],[],[],2,0,0,0,1331028521649537025
1031077915188846594,human,Sat Sep 10 06:19:48 +0000 2022,1568484365424021504,1568484365424021504,"Update : @nothingsupport Thanks to from your team Ashwni Saraf &amp; neha from F1 Branch Dadar , The Issue Has Been Res… https://t.co/bFpI1ku8ND",True,"{'hashtags': [], 'symbols': [], 'user_mentions': [{'screen_name': 'nothingsupport', 'name': 'Nothing Support', 'id': 1445351421772242950, 'id_str': '1445351421772242950', 'indices': [9, 24]}], 'urls': [{'url': 'https://t.co/bFpI1ku8ND', 'expanded_url': 'https://twitter.com/i/web/status/1568484365424021504', 'display_url': 'twitter.com/i/web/status/1…', 'indices': [121, 144]}]}","<a href=""http://twitter.com/download/android"" rel=""nofollow"">Twitter for Android</a>",,,,,,"{'id': 1031077915188846594, 'id_str': '1031077915188846594', 'name': 'Jeetu Makhija', 'screen_name': 'JeetuMakhija6', 'location': 'Mumbai, India', 'description': 'Fashion and Portrait Photographer Based Mumbai, India.\nDM For work. \nhttps://t.co/xW53BTk8PX', 'url': 'https://t.co/OXYcqOHivq', 'entities': {'url': {'urls': [{'url': 'https://t.co/OXYcqOHivq', 'expanded_url': 'http://www.jeetumakhija.myportfolio.com', 'display_url': 'jeetumakhija.myportfolio.com', 'indices': [0, 23]}]}, 'description': {'urls': [{'url': 'https://t.co/xW53BTk8PX', 'expanded_url': 'http://Www.instagram.co/humantouchbyshutterbratt', 'display_url': 'instagram.co/humantouchbysh…', 'indices': [69, 92]}]}}, 'protected': False, 'followers_count': 83, 'friends_count': 244, 'listed_count': 0, 'created_at': 'Sun Aug 19 07:18:26 +0000 2018', 'favourites_count': 5925, 'utc_offset': None, 'time_zone': None, 'geo_enabled': True, 'verified': False, 'statuses_count': 453, 'lang': None, 'contributors_enabled': False, 'is_translator': False, 'is_translation_enabled': False, 'profile_background_color': 'F5F8FA', 'profile_background_image_url': None, 'profile_background_image_url_https': None, 'profile_background_tile': False, 'profile_image_url': 'http://pbs.twimg.com/profile_images/1510447567468859400/uzGWwgI0_normal.jpg', 'profile_image_url_https': 'https://pbs.twimg.com/profile_images/1510447567468859400/uzGWwgI0_normal.jpg', 'profile_banner_url': 'https://pbs.twimg.com/profile_banners/1031077915188846594/1560447461', 'profile_link_color': '1DA1F2', 'profile_sidebar_border_color': 'C0DEED', 'profile_sidebar_fill_color': 'DDEEF6', 'profile_text_color': '333333', 'profile_use_background_image': True, 'has_extended_profile': True, 'default_profile': True, 'default_profile_image': False, 'following': False, 'follow_request_sent': False, 'notifications': False, 'translator_type': 'none', 'withheld_in_countries': []}",,,,,True,1.56796269833975e+18,1.56796269833975e+18,"{'created_at': 'Thu Sep 08 19:46:53 +0000 2022', 'id': 1567962698339749888, 'id_str': '1567962698339749888', 'text': ""Hi, @nothing I didn't plan on doing this, but @nothingsupport has left me with no choice but this, after waiting fo… https://t.co/2qSvnMc36d"", 'truncated': True, 'entities': {'hashtags': [], 'symbols': [], 'user_mentions': [{'screen_name': 'nothing', 'name': 'Nothing', 'id': 1348211074429030400, 'id_str': '1348211074429030400', 'indices': [4, 12]}, {'screen_name': 'nothingsupport', 'name': 'Nothing Support', 'id': 1445351421772242950, 'id_str': '1445351421772242950', 'indices': [46, 61]}], 'urls': [{'url': 'https://t.co/2qSvnMc36d', 'expanded_url': 'https://twitter.com/i/web/status/1567962698339749888', 'display_url': 'twitter.com/i/web/status/1…', 'indices': [117, 140]}]}, 'source': '<a href=""http://twitter.com/download/android"" rel=""nofollow"">Twitter for Android</a>', 'in_reply_to_status_id': None, 'in_reply_to_status_id_str': None, 'in_reply_to_user_id': None, 'in_reply_to_user_id_str': None, 'in_reply_to_screen_name': None, 'user': {'id': 1031077915188846594, 'id_str': '1031077915188846594', 'name': 'Jeetu Makhija', 'screen_name': 'JeetuMakhija6', 'location': 'Mumbai, India', 'description': 'Fashion and Portrait Photographer Based Mumbai, India.\nDM For work. \nhttps://t.co/xW53BTk8PX', 'url': 'https://t.co/OXYcqOHivq', 'entities': {'url': {'urls': [{'url': 'https://t.co/OXYcqOHivq', 'expanded_url': 'http://www.jeetumakhija.myportfolio.com', 'display_url': 'jeetumakhija.myportfolio.com', 'indices': [0, 23]}]}, 'description': {'urls': [{'url': 'https://t.co/xW53BTk8PX', 'expanded_url': 'http://Www.instagram.co/humantouchbyshutterbratt', 'display_url': 'instagram.co/humantouchbysh…', 'indices': [69, 92]}]}}, 'protected': False, 'followers_count': 83, 'friends_count': 244, 'listed_count': 0, 'created_at': 'Sun Aug 19 07:18:26 +0000 2018', 'favourites_count': 5925, 'utc_offset': None, 'time_zone': None, 'geo_enabled': True, 'verified': False, 'statuses_count': 453, 'lang': None, 'contributors_enabled': False, 'is_translator': False, 'is_translation_enabled': False, 'profile_background_color': 'F5F8FA', 'profile_background_image_url': None, 'profile_background_image_url_https': None, 'profile_background_tile': False, 'profile_image_url': 'http://pbs.twimg.com/profile_images/1510447567468859400/uzGWwgI0_normal.jpg', 'profile_image_url_https': 'https://pbs.twimg.com/profile_images/1510447567468859400/uzGWwgI0_normal.jpg', 'profile_banner_url': 'https://pbs.twimg.com/profile_banners/1031077915188846594/1560447461', 'profile_link_color': '1DA1F2', 'profile_sidebar_border_color': 'C0DEED', 'profile_sidebar_fill_color': 'DDEEF6', 'profile_text_color': '333333', 'profile_use_background_image': True, 'has_extended_profile': True, 'default_profile': True, 'default_profile_image': False, 'following': False, 'follow_request_sent': False, 'notifications': False, 'translator_type': 'none', 'withheld_in_countries': []}, 'geo': None, 'coordinates': None, 'place': None, 'contributors': None, 'is_quote_status': False, 'retweet_count': 0, 'favorite_count': 2, 'favorited': False, 'retweeted': False, 'possibly_sensitive': False, 'lang': 'en'}",0,0,False,False,False,en,[],[],"[{'screen_name': 'nothingsupport', 'name': 'Nothing Support', 'id': 1445351421772242950, 'id_str': '1445351421772242950', 'indices': [9, 24]}]","[{'url': 'https://t.co/bFpI1ku8ND', 'expanded_url': 'https://twitter.com/i/web/status/1568484365424021504', 'display_url': 'twitter.com/i/web/status/1…', 'indices': [121, 144]}]",0,0,1,1,1031077915188846594
1162025098230095872,human,Fri Sep 16 08:32:31 +0000 2022,1570692093269659649,1570692093269659649,@Ekitipikin Happy birthday mayor more wins,False,"{'hashtags': [], 'symbols': [], 'user_mentions': [{'screen_name': 'Ekitipikin', 'name': 'Mayor Of Ekiti', 'id': 1035513929164832768, 'id_str': '1035513929164832768', 'indices': [0, 11]}], 'urls': []}","<a href=""http://twitter.com/download/android"" rel=""nofollow"">Twitter for Android</a>",1.5706804335575409e+18,1.5706804335575409e+18,1.0355139291648328e+18,1.0355139291648328e+18,Ekitipikin,"{'id': 1162025098230095872, 'id_str': '1162025098230095872', 'name': 'lumpur', 'screen_name': 'OlonodeH', 'location': '', 'description': 'striving to do more', 'url': None, 'entities': {'description': {'urls': []}}, 'protected': False, 'followers_count': 109, 'friends_count': 772, 'listed_count': 0, 'created_at': 'Thu Aug 15 15:35:47 +0000 2019', 'favourites_count': 259, 'utc_offset': None, 'time_zone': None, 'geo_enabled': False, 'verified': False, 'statuses_count': 271, 'lang': None, 'contributors_enabled': False, 'is_translator': False, 'is_translation_enabled': False, 'profile_background_color': 'F5F8FA', 'profile_background_image_url': None, 'profile_background_image_url_https': None, 'profile_background_tile': False, 'profile_image_url': 'http://pbs.twimg.com/profile_images/1318783383187689472/POlJNTHB_normal.jpg', 'profile_image_url_https': 'https://pbs.twimg.com/profile_images/1318783383187689472/POlJNTHB_normal.jpg', 'profile_link_color': '1DA1F2', 'profile_sidebar_border_color': 'C0DEED', 'profile_sidebar_fill_color': 'DDEEF6', 'profile_text_color': '333333', 'profile_use_background_image': True, 'has_extended_profile': True, 'default_profile': True, 'default_profile_image': False, 'following': False, 'follow_request_sent': False, 'notifications': False, 'translator_type': 'none', 'withheld_in_countries': []}",,,,,False,,,,0,1,False,False,,en,[],[],"[{'screen_name': 'Ekitipikin', 'name': 'Mayor Of Ekiti', 'id': 1035513929164832768, 'id_str': '1035513929164832768', 'indices': [0, 11]}]",[],0,0,1,0,1162025098230095872
98804784,human,Mon Nov 07 21:36:41 +0000 2022,1589733602614726657,1589733602614726657,@SkySoccerPlus01 @SOLITARIOS84,False,"{'hashtags': [], 'symbols': [], 'user_mentions': [{'screen_name': 'SkySoccerPlus01', 'name': 'Sky Soccer Plus MX', 'id': 2413709653, 'id_str': '2413709653', 'indices': [0, 16]}, {'screen_name': 'SOLITARIOS84', 'name': 'LUIS AGUIRRE', 'id': 194211443, 'id_str': '194211443', 'indices': [17, 30]}], 'urls': []}","<a href=""http://twitter.com/download/iphone"" rel=""nofollow"">Twitter for iPhone</a>",1.5896593267128115e+18,1.5896593267128115e+18,2413709653.0,2413709653.0,SkySoccerPlus01,"{'id': 98804784, 'id_str': '98804784', 'name': 'EDGAR AGUIRRE', 'screen_name': 'BANDACHIVA', 'location': 'guadalajara', 'description': 'UDG🦁', 'url': None, 'entities': {'description': {'urls': []}}, 'protected': False, 'followers_count': 181, 'friends_count': 3373, 'listed_count': 1, 'created_at': 'Wed Dec 23 05:24:12 +0000 2009', 'favourites_count': 4065, 'utc_offset': None, 'time_zone': None, 'geo_enabled': True, 'verified': False, 'statuses_count': 2183, 'lang': None, 'contributors_enabled': False, 'is_translator': False, 'is_translation_enabled': False, 'profile_background_color': 'B3BAB6', 'profile_background_image_url': 'http://abs.twimg.com/images/themes/theme1/bg.png', 'profile_background_image_url_https': 'https://abs.twimg.com/images/themes/theme1/bg.png', 'profile_background_tile': True, 'profile_image_url': 'http://pbs.twimg.com/profile_images/570296711823761408/jetGdiEe_normal.jpeg', 'profile_image_url_https': 'https://pbs.twimg.com/profile_images/570296711823761408/jetGdiEe_normal.jpeg', 'profile_banner_url': 'https://pbs.twimg.com/profile_banners/98804784/1590166917', 'profile_link_color': 'FF0000', 'profile_sidebar_border_color': 'FA0505', 'profile_sidebar_fill_color': 'FCFCFC', 'profile_text_color': '0C3E53', 'profile_use_background_image': True, 'has_extended_profile': True, 'default_profile': False, 'default_profile_image': False, 'following': False, 'follow_request_sent': False, 'notifications': False, 'translator_type': 'none', 'withheld_in_countries': []}",,,,,False,,,,0,0,False,False,,qam,[],[],"[{'screen_name': 'SkySoccerPlus01', 'name': 'Sky Soccer Plus MX', 'id': 2413709653, 'id_str': '2413709653', 'indices': [0, 16]}, {'screen_name': 'SOLITARIOS84', 'name': 'LUIS AGUIRRE', 'id': 194211443, 'id_str': '194211443', 'indices': [17, 30]}]",[],0,0,2,0,98804784
35708687,bot,Fri Nov 11 08:12:42 +0000 2022,1590980827206537216,1590980827206537216,"In smart healthcare, a virtual assistant primarily serves as a communication link between medical professionals and… https://t.co/LVYmrx0AYV",True,"{'hashtags': [], 'symbols': [], 'user_mentions': [], 'urls': [{'url': 'https://t.co/LVYmrx0AYV', 'expanded_url': 'https://twitter.com/i/web/status/1590980827206537216', 'display_url': 'twitter.com/i/web/status/1…', 'indices': [117, 140]}]}","<a href=""https://mobile.twitter.com"" rel=""nofollow"">Twitter Web App</a>",,,,,,"{'id': 35708687, 'id_str': '35708687', 'name': 'Cubeware', 'screen_name': 'Cubeware', 'location': 'Munich, Germany', 'description': 'Cubeware Solutions Platform is a powerful and robust analytics tool trusted by some of the most innovative and successful brands in Germany & across the globe.', 'url': 'https://t.co/2z2OYHeOhP', 'entities': {'url': {'urls': [{'url': 'https://t.co/2z2OYHeOhP', 'expanded_url': 'http://www.cubeware.com', 'display_url': 'cubeware.com', 'indices': [0, 23]}]}, 'description': {'urls': []}}, 'protected': False, 'followers_count': 1362, 'friends_count': 2015, 'listed_count': 53, 'created_at': 'Mon Apr 27 09:44:25 +0000 2009', 'favourites_count': 176, 'utc_offset': None, 'time_zone': None, 'geo_enabled': False, 'verified': False, 'statuses_count': 2012, 'lang': None, 'contributors_enabled': False, 'is_translator': False, 'is_translation_enabled': False, 'profile_background_color': 'FFFFFF', 'profile_background_image_url': 'http://abs.twimg.com/images/themes/theme1/bg.png', 'profile_background_image_url_https': 'https://abs.twimg.com/images/themes/theme1/bg.png', 'profile_background_tile': False, 'profile_image_url': 'http://pbs.twimg.com/profile_images/1582992151994322950/sywEFvOP_normal.jpg', 'profile_image_url_https': 'https://pbs.twimg.com/profile_images/1582992151994322950/sywEFvOP_normal.jpg', 'profile_banner_url': 'https://pbs.twimg.com/profile_banners/35708687/1666251343', 'profile_link_color': 'FFD900', 'profile_sidebar_border_color': 'FFFFFF', 'profile_sidebar_fill_color': 'FAFAFA', 'profile_text_color': '424242', 'profile_use_background_image': False, 'has_extended_profile': False, 'default_profile': False, 'default_profile_image': False, 'following': False, 'follow_request_sent': False, 'notifications': False, 'translator_type': 'none', 'withheld_in_countries': []}",,,,,False,,,,0,0,False,False,False,en,[],[],[],"[{'url': 'https://t.co/LVYmrx0AYV', 'expanded_url': 'https://twitter.com/i/web/status/1590980827206537216', 'display_url': 'twitter.com/i/web/status/1…', 'indices': [117, 140]}]",0,0,0,1,35708687
1290233331683008512,human,Fri Sep 03 18:17:37 +0000 2021,1433856722901213185,1433856722901213185,@VijMahhi Indeed a painful moment for every human of in or around 40....gone too soon.,False,"{'hashtags': [], 'symbols': [], 'user_mentions': [{'screen_name': 'VijMahhi', 'name': 'Mahhi vij', 'id': 3304190162, 'id_str': '3304190162', 'indices': [0, 9]}], 'urls': []}","<a href=""http://twitter.com/download/android"" rel=""nofollow"">Twitter for Android</a>",1.433784313967825e+18,1.433784313967825e+18,3304190162.0,3304190162.0,VijMahhi,"{'id': 1290233331683008512, 'id_str': '1290233331683008512', 'name': 'Tanishkumar74', 'screen_name': 'tanishkumar74', 'location': '', 'description': 'live and let live...Rubb rakha ...', 'url': None, 'entities': {'description': {'urls': []}}, 'protected': False, 'followers_count': 1, 'friends_count': 60, 'listed_count': 0, 'created_at': 'Mon Aug 03 10:32:14 +0000 2020', 'favourites_count': 126, 'utc_offset': None, 'time_zone': None, 'geo_enabled': False, 'verified': False, 'statuses_count': 31, 'lang': None, 'contributors_enabled': False, 'is_translator': False, 'is_translation_enabled': False, 'profile_background_color': 'F5F8FA', 'profile_background_image_url': None, 'profile_background_image_url_https': None, 'profile_background_tile': False, 'profile_image_url': 'http://pbs.twimg.com/profile_images/1303275956828659712/QL6Azi-x_normal.jpg', 'profile_image_url_https': 'https://pbs.twimg.com/profile_images/1303275956828659712/QL6Azi-x_normal.jpg', 'profile_link_color': '1DA1F2', 'profile_sidebar_border_color': 'C0DEED', 'profile_sidebar_fill_color': 'DDEEF6', 'profile_text_color': '333333', 'profile_use_background_image': True, 'has_extended_profile': True, 'default_profile': True, 'default_profile_image': False, 'following': False, 'follow_request_sent': False, 'notifications': False, 'translator_type': 'none', 'withheld_in_countries': []}",,,,,False,,,,0,0,False,False,,en,[],[],"[{'screen_name': 'VijMahhi', 'name': 'Mahhi vij', 'id': 3304190162, 'id_str': '3304190162', 'indices': [0, 9]}]",[],0,0,1,0,1290233331683008512
20813318,human,Fri Nov 11 14:18:10 +0000 2022,1591072800470872064,1591072800470872064,"Only 6 days until our Most Diverse Tech Hub reception! It's free, so register to join us and @1phltech. Come ready… https://t.co/jU03lpF60g",True,"{'hashtags': [], 'symbols': [], 'user_mentions': [{'screen_name': '1phltech', 'name': '1Philadelphia', 'id': 1358081325794746370, 'id_str': '1358081325794746370', 'indices': [93, 102]}], 'urls': [{'url': 'https://t.co/jU03lpF60g', 'expanded_url': 'https://twitter.com/i/web/status/1591072800470872064', 'display_url': 'twitter.com/i/web/status/1…', 'indices': [116, 139]}]}","<a href=""https://mobile.twitter.com"" rel=""nofollow"">Twitter Web App</a>",,,,,,"{'id': 20813318, 'id_str': '20813318', 'name': 'Technical.ly Philly', 'screen_name': 'TechnicallyPHL', 'location': 'Philadelphia, PA', 'description': 'Since 2009, we’ve reported daily on Philadelphia’s economic growth. Part of the @technical_ly network, we founded @phillytechweek Published by @technicallyM', 'url': 'https://t.co/vruTNg8Bxq', 'entities': {'url': {'urls': [{'url': 'https://t.co/vruTNg8Bxq', 'expanded_url': 'https://technical.ly/subscribe/', 'display_url': 'technical.ly/subscribe/', 'indices': [0, 23]}]}, 'description': {'urls': []}}, 'protected': False, 'followers_count': 28771, 'friends_count': 2229, 'listed_count': 1135, 'created_at': 'Fri Feb 13 22:28:16 +0000 2009', 'favourites_count': 5368, 'utc_offset': None, 'time_zone': None, 'geo_enabled': True, 'verified': False, 'statuses_count': 45399, 'lang': None, 'contributors_enabled': False, 'is_translator': False, 'is_translation_enabled': False, 'profile_background_color': '334F60', 'profile_background_image_url': 'http://abs.twimg.com/images/themes/theme1/bg.png', 'profile_background_image_url_https': 'https://abs.twimg.com/images/themes/theme1/bg.png', 'profile_background_tile': False, 'profile_image_url': 'http://pbs.twimg.com/profile_images/3786119484/886aa3b25353e8bfff38623f32fbd994_normal.png', 'profile_image_url_https': 'https://pbs.twimg.com/profile_images/3786119484/886aa3b25353e8bfff38623f32fbd994_normal.png', 'profile_banner_url': 'https://pbs.twimg.com/profile_banners/20813318/1466045617', 'profile_link_color': '0084B4', 'profile_sidebar_border_color': '16222B', 'profile_sidebar_fill_color': 'FFFFFF', 'profile_text_color': '333333', 'profile_use_background_image': False, 'has_extended_profile': False, 'default_profile': False, 'default_profile_image': False, 'following': False, 'follow_request_sent': False, 'notifications': False, 'translator_type': 'none', 'withheld_in_countries': []}",,,,,False,,,,2,0,False,False,False,en,[],[],"[{'screen_name': '1phltech', 'name': '1Philadelphia', 'id': 1358081325794746370, 'id_str': '1358081325794746370', 'indices': [93, 102]}]","[{'url': 'https://t.co/jU03lpF60g', 'expanded_url': 'https://twitter.com/i/web/status/1591072800470872064', 'display_url': 'twitter.com/i/web/status/1…', 'indices': [116, 139]}]",0,0,1,1,20813318
859714501331038208,human,Thu Nov 10 11:54:52 +0000 2022,1590674345961357312,1590674345961357312,@thamnsuri ولی خایه هاشون اندازه کله توعه حداقل ..,False,"{'hashtags': [], 'symbols': [], 'user_mentions': [{'screen_name': 'thamnsuri', 'name': 'taha', 'id': 1561860506729811973, 'id_str': '1561860506729811973', 'indices': [0, 10]}], 'urls': []}","<a href=""http://twitter.com/download/android"" rel=""nofollow"">Twitter for Android</a>",1.5905760032269476e+18,1.5905760032269476e+18,1.561860506729812e+18,1.561860506729812e+18,thamnsuri,"{'id': 859714501331038208, 'id_str': '859714501331038208', 'name': '👑 هــــــری شاطر 👑', 'screen_name': 'harishater', 'location': '', 'description': 'بیخیال بابا ..بخند', 'url': 'https://t.co/LfwWWgX4xR', 'entities': {'url': {'urls': [{'url': 'https://t.co/LfwWWgX4xR', 'expanded_url': 'https://t.me/BiChatBot?start=sc-860407-arZ6YJe', 'display_url': 't.me/BiChatBot?star…', 'indices': [0, 23]}]}, 'description': {'urls': []}}, 'protected': False, 'followers_count': 16807, 'friends_count': 14789, 'listed_count': 14, 'created_at': 'Wed May 03 10:21:24 +0000 2017', 'favourites_count': 48533, 'utc_offset': None, 'time_zone': None, 'geo_enabled': True, 'verified': False, 'statuses_count': 35767, 'lang': None, 'contributors_enabled': False, 'is_translator': False, 'is_translation_enabled': False, 'profile_background_color': 'F5F8FA', 'profile_background_image_url': None, 'profile_background_image_url_https': None, 'profile_background_tile': False, 'profile_image_url': 'http://pbs.twimg.com/profile_images/1576325259552178176/Z5kqm3rR_normal.jpg', 'profile_image_url_https': 'https://pbs.twimg.com/profile_images/1576325259552178176/Z5kqm3rR_normal.jpg', 'profile_banner_url': 'https://pbs.twimg.com/profile_banners/859714501331038208/1622810290', 'profile_link_color': '1DA1F2', 'profile_sidebar_border_color': 'C0DEED', 'profile_sidebar_fill_color': 'DDEEF6', 'profile_text_color': '333333', 'profile_use_background_image': True, 'has_extended_profile': True, 'default_profile': True, 'default_profile_image': False, 'following': False, 'follow_request_sent': False, 'notifications': False, 'translator_type': 'none', 'withheld_in_countries': []}",,,,,False,,,,0,2,False,False,,fa,[],[],"[{'screen_name': 'thamnsuri', 'name': 'taha', 'id': 1561860506729811973, 'id_str': '1561860506729811973', 'indices': [0, 10]}]",[],0,0,1,0,859714501331038208
1009804608540200960,human,Wed Nov 02 15:37:08 +0000 2022,1587831179193221120,1587831179193221120,@WagdonaldDuck عشان دنيا,False,"{'hashtags': [], 'symbols': [], 'user_mentions': [{'screen_name': 'WagdonaldDuck', 'name': 'Ahmed Wagdy', 'id': 2956667794, 'id_str': '2956667794', 'indices': [0, 14]}], 'urls': []}","<a href=""https://mobile.twitter.com"" rel=""nofollow"">Twitter Web App</a>",1.5876899260863283e+18,1.5876899260863283e+18,2956667794.0,2956667794.0,WagdonaldDuck,"{'id': 1009804608540200960, 'id_str': '1009804608540200960', 'name': 'Ahmed Eweed 🇪🇬', 'screen_name': '3weed_', 'location': 'Giza, Egypt', 'description': 'BI Dev at @q84sale, Python programmer, German learner, English speaker,\nInterested in History, helping others and making the world a better place', 'url': 'https://t.co/OGf3Qlhhcw', 'entities': {'url': {'urls': [{'url': 'https://t.co/OGf3Qlhhcw', 'expanded_url': 'https://github.com/AhmedEweed', 'display_url': 'github.com/AhmedEweed', 'indices': [0, 23]}]}, 'description': {'urls': []}}, 'protected': False, 'followers_count': 169, 'friends_count': 300, 'listed_count': 2, 'created_at': 'Thu Jun 21 14:25:54 +0000 2018', 'favourites_count': 1306, 'utc_offset': None, 'time_zone': None, 'geo_enabled': False, 'verified': False, 'statuses_count': 352, 'lang': None, 'contributors_enabled': False, 'is_translator': False, 'is_translation_enabled': False, 'profile_background_color': 'F5F8FA', 'profile_background_image_url': None, 'profile_background_image_url_https': None, 'profile_background_tile': False, 'profile_image_url': 'http://pbs.twimg.com/profile_images/1084001173517021189/WBPx3Hm4_normal.jpg', 'profile_image_url_https': 'https://pbs.twimg.com/profile_images/1084001173517021189/WBPx3Hm4_normal.jpg', 'profile_banner_url': 'https://pbs.twimg.com/profile_banners/1009804608540200960/1648029489', 'profile_link_color': '1DA1F2', 'profile_sidebar_border_color': 'C0DEED', 'profile_sidebar_fill_color': 'DDEEF6', 'profile_text_color': '333333', 'profile_use_background_image': True, 'has_extended_profile': True, 'default_profile': True, 'default_profile_image': False, 'following': False, 'follow_request_sent': False, 'notifications': False, 'translator_type': 'none', 'withheld_in_countries': []}",,,,,False,,,,0,1,False,False,,ar,[],[],"[{'screen_name': 'WagdonaldDuck', 'name': 'Ahmed Wagdy', 'id': 2956667794, 'id_str': '2956667794', 'indices': [0, 14]}]",[],0,0,1,0,1009804608540200960
280747022,human,Sun Jan 11 15:00:44 +0000 2015,554291827650887681,554291827650887681,Nobody washes their hair on #Sunday💤... That's what hats are for http://t.co/sAwrZm220L,False,"{'hashtags': [{'text': 'Sunday', 'indices': [28, 35]}], 'symbols': [], 'user_mentions': [], 'urls': [{'url': 'http://t.co/sAwrZm220L', 'expanded_url': 'http://instagram.com/p/xt8mtLuqm4/', 'display_url': 'instagram.com/p/xt8mtLuqm4/', 'indices': [65, 87]}]}","<a href=""http://instagram.com"" rel=""nofollow"">Instagram</a>",,,,,,"{'id': 280747022, 'id_str': '280747022', 'name': 'Daria Valles', 'screen_name': 'DariaValles', 'location': 'Rhode Island', 'description': ""Twitter isn't really my thing, I prefer instagram... Follow me ✌"", 'url': None, 'entities': {'description': {'urls': []}}, 'protected': False, 'followers_count': 914, 'friends_count': 221, 'listed_count': 10, 'created_at': 'Mon Apr 11 23:23:39 +0000 2011', 'favourites_count': 204, 'utc_offset': None, 'time_zone': None, 'geo_enabled': False, 'verified': False, 'statuses_count': 2202, 'lang': None, 'contributors_enabled': False, 'is_translator': False, 'is_translation_enabled': False, 'profile_background_color': '131516', 'profile_background_image_url': 'http://abs.twimg.com/images/themes/theme14/bg.gif', 'profile_background_image_url_https': 'https://abs.twimg.com/images/themes/theme14/bg.gif', 'profile_background_tile': True, 'profile_image_url': 'http://pbs.twimg.com/profile_images/378800000397560644/1dc821b71f0e0bdc10dbaf18ac65a376_normal.jpeg', 'profile_image_url_https': 'https://pbs.twimg.com/profile_images/378800000397560644/1dc821b71f0e0bdc10dbaf18ac65a376_normal.jpeg', 'profile_banner_url': 'https://pbs.twimg.com/profile_banners/280747022/1378067791', 'profile_link_color': '41853A', 'profile_sidebar_border_color': 'FFFFFF', 'profile_sidebar_fill_color': '99CC33', 'profile_text_color': '3E4415', 'profile_use_background_image': True, 'has_extended_profile': False, 'default_profile': False, 'default_profile_image': False, 'following': False, 'follow_request_sent': False, 'notifications': False, 'translator_type': 'none', 'withheld_in_countries': []}",,,,,False,,,,0,6,False,False,False,en,"[{'text': 'Sunday', 'indices': [28, 35]}]",[],[],"[{'url': 'http://t.co/sAwrZm220L', 'expanded_url': 'http://instagram.com/p/xt8mtLuqm4/', 'display_url': 'instagram.com/p/xt8mtLuqm4/', 'indices': [65, 87]}]",1,0,0,1,280747022
1320503149816328192,human,Thu Nov 10 15:58:52 +0000 2022,1590735752890961920,1590735752890961920,"Friday Nov. 11 7am-8am MTN I will be the Veterans Day radio guest with Kim Monson to discuss the past, present, &amp; f… https://t.co/pqhTBCiOtl",True,"{'hashtags': [], 'symbols': [], 'user_mentions': [], 'urls': [{'url': 'https://t.co/pqhTBCiOtl', 'expanded_url': 'https://twitter.com/i/web/status/1590735752890961920', 'display_url': 'twitter.com/i/web/status/1…', 'indices': [121, 144]}]}","<a href=""http://twitter.com/download/iphone"" rel=""nofollow"">Twitter for iPhone</a>",1.5907338978132664e+18,1.5907338978132664e+18,1.3205031498163282e+18,1.3205031498163282e+18,PamLongCO,"{'id': 1320503149816328192, 'id_str': '1320503149816328192', 'name': 'Pam Long', 'screen_name': 'PamLongCO', 'location': '', 'description': 'Health Defender', 'url': 'https://t.co/hGfApP0Cj3', 'entities': {'url': {'urls': [{'url': 'https://t.co/hGfApP0Cj3', 'expanded_url': 'https://childrenshealthdefense.org/authors/pam-long/', 'display_url': 'childrenshealthdefense.org/authors/pam-lo…', 'indices': [0, 23]}]}, 'description': {'urls': []}}, 'protected': False, 'followers_count': 32497, 'friends_count': 535, 'listed_count': 118, 'created_at': 'Sun Oct 25 23:11:57 +0000 2020', 'favourites_count': 5448, 'utc_offset': None, 'time_zone': None, 'geo_enabled': False, 'verified': False, 'statuses_count': 4705, 'lang': None, 'contributors_enabled': False, 'is_translator': False, 'is_translation_enabled': False, 'profile_background_color': 'F5F8FA', 'profile_background_image_url': None, 'profile_background_image_url_https': None, 'profile_background_tile': False, 'profile_image_url': 'http://pbs.twimg.com/profile_images/1585392761062031360/L7oK3Vrm_normal.jpg', 'profile_image_url_https': 'https://pbs.twimg.com/profile_images/1585392761062031360/L7oK3Vrm_normal.jpg', 'profile_banner_url': 'https://pbs.twimg.com/profile_banners/1320503149816328192/1605149932', 'profile_link_color': '1DA1F2', 'profile_sidebar_border_color': 'C0DEED', 'profile_sidebar_fill_color': 'DDEEF6', 'profile_text_color': '333333', 'profile_use_background_image': True, 'has_extended_profile': True, 'default_profile': True, 'default_profile_image': False, 'following': False, 'follow_request_sent': False, 'notifications': False, 'translator_type': 'none', 'withheld_in_countries': []}",,,,,False,,,,0,3,False,False,False,en,[],[],[],"[{'url': 'https://t.co/pqhTBCiOtl', 'expanded_url': 'https://twitter.com/i/web/status/1590735752890961920', 'display_url': 'twitter.com/i/web/status/1…', 'indices': [121, 144]}]",0,0,0,1,1320503149816328192
1438341642,bot,Fri Nov 11 01:09:19 +0000 2022,1590874279415095296,1590874279415095296,@ABCNews4 Unprecedented level of hubris to think humans have any control over the planet’s climate,False,"{'hashtags': [], 'symbols': [], 'user_mentions': [{'screen_name': 'ABCNews4', 'name': 'ABC News 4', 'id': 15109904, 'id_str': '15109904', 'indices': [0, 9]}], 'urls': []}","<a href=""http://twitter.com/download/iphone"" rel=""nofollow"">Twitter for iPhone</a>",1.5907851108188324e+18,1.5907851108188324e+18,15109904.0,15109904.0,ABCNews4,"{'id': 1438341642, 'id_str': '1438341642', 'name': 'Jim', 'screen_name': 'somedevil8498', 'location': '', 'description': '', 'url': None, 'entities': {'description': {'urls': []}}, 'protected': False, 'followers_count': 32, 'friends_count': 484, 'listed_count': 0, 'created_at': 'Sat May 18 13:11:55 +0000 2013', 'favourites_count': 46, 'utc_offset': None, 'time_zone': None, 'geo_enabled': True, 'verified': False, 'statuses_count': 41, 'lang': None, 'contributors_enabled': False, 'is_translator': False, 'is_translation_enabled': False, 'profile_background_color': 'C0DEED', 'profile_background_image_url': 'http://abs.twimg.com/images/themes/theme1/bg.png', 'profile_background_image_url_https': 'https://abs.twimg.com/images/themes/theme1/bg.png', 'profile_background_tile': False, 'profile_image_url': 'http://pbs.twimg.com/profile_images/887870911877140480/fzPU4Ux__normal.jpg', 'profile_image_url_https': 'https://pbs.twimg.com/profile_images/887870911877140480/fzPU4Ux__normal.jpg', 'profile_banner_url': 'https://pbs.twimg.com/profile_banners/1438341642/1469678067', 'profile_link_color': '1DA1F2', 'profile_sidebar_border_color': 'C0DEED', 'profile_sidebar_fill_color': 'DDEEF6', 'profile_text_color': '333333', 'profile_use_background_image': True, 'has_extended_profile': False, 'default_profile': True, 'default_profile_image': False, 'following': False, 'follow_request_sent': False, 'notifications': False, 'translator_type': 'none', 'withheld_in_countries': []}",,,,,False,,,,0,7,False,False,,en,[],[],"[{'screen_name': 'ABCNews4', 'name': 'ABC News 4', 'id': 15109904, 'id_str': '15109904', 'indices': [0, 9]}]",[],0,0,1,0,1438341642
1192861100804575234,human,Wed Nov 09 14:40:51 +0000 2022,1590353729852952581,1590353729852952581,@aidanbhalpin Not quite.,False,"{'hashtags': [], 'symbols': [], 'user_mentions': [{'screen_name': 'aidanbhalpin', 'name': 'Aidan Halpin', 'id': 282588748, 'id_str': '282588748', 'indices': [0, 13]}], 'urls': []}","<a href=""http://twitter.com/download/android"" rel=""nofollow"">Twitter for Android</a>",1.5903513479999693e+18,1.5903513479999693e+18,282588748.0,282588748.0,aidanbhalpin,"{'id': 1192861100804575234, 'id_str': '1192861100804575234', 'name': 'Katy', 'screen_name': 'KatyJayne101', 'location': ""God's Own Country"", 'description': ""Beauty walks a razor's edge, someday I'll make it mine.\n\n| Photography | Art | Poetry | Politics | Tom Waits | Bob Dylan | Patron for @Nickquirkeart"", 'url': 'https://t.co/G4Rq8voAUL', 'entities': {'url': {'urls': [{'url': 'https://t.co/G4Rq8voAUL', 'expanded_url': 'https://www.nickquirke.co.uk/', 'display_url': 'nickquirke.co.uk', 'indices': [0, 23]}]}, 'description': {'urls': []}}, 'protected': False, 'followers_count': 42156, 'friends_count': 35665, 'listed_count': 48, 'created_at': 'Fri Nov 08 17:47:16 +0000 2019', 'favourites_count': 119704, 'utc_offset': None, 'time_zone': None, 'geo_enabled': False, 'verified': False, 'statuses_count': 32546, 'lang': None, 'contributors_enabled': False, 'is_translator': False, 'is_translation_enabled': False, 'profile_background_color': 'F5F8FA', 'profile_background_image_url': None, 'profile_background_image_url_https': None, 'profile_background_tile': False, 'profile_image_url': 'http://pbs.twimg.com/profile_images/1554045412637556737/HwZftZB3_normal.jpg', 'profile_image_url_https': 'https://pbs.twimg.com/profile_images/1554045412637556737/HwZftZB3_normal.jpg', 'profile_banner_url': 'https://pbs.twimg.com/profile_banners/1192861100804575234/1662278539', 'profile_link_color': '1DA1F2', 'profile_sidebar_border_color': 'C0DEED', 'profile_sidebar_fill_color': 'DDEEF6', 'profile_text_color': '333333', 'profile_use_background_image': True, 'has_extended_profile': False, 'default_profile': True, 'default_profile_image': False, 'following': False, 'follow_request_sent': False, 'notifications': False, 'translator_type': 'none', 'withheld_in_countries': []}",,,,,False,,,,0,0,False,False,,en,[],[],"[{'screen_name': 'aidanbhalpin', 'name': 'Aidan Halpin', 'id': 282588748, 'id_str': '282588748', 'indices': [0, 13]}]",[],0,0,1,0,1192861100804575234
241877255,human,Tue Jul 21 13:22:23 +0000 2020,1285565788229906437,1285565788229906437,Start with Yahoo a super search engine,False,"{'hashtags': [], 'symbols': [], 'user_mentions': [], 'urls': []}","<a href=""http://twitter.com/download/android"" rel=""nofollow"">Twitter for Android</a>",,,,,,"{'id': 241877255, 'id_str': '241877255', 'name': 'Jamil Dallal', 'screen_name': 'jamildallal', 'location': '', 'description': 'Entrepreneur, Sales strategist, Motivator, Strategic HR adviser. I enjoy boating & hunting, Retweets do not mean approvals, they just FYI', 'url': 'http://t.co/mWc9kxx9WF', 'entities': {'url': {'urls': [{'url': 'http://t.co/mWc9kxx9WF', 'expanded_url': 'http://jo.linkedin.com/pub/jamil-dallal-cc-apc-high-performance-builder/9/37b/999', 'display_url': 'jo.linkedin.com/pub/jamil-dall…', 'indices': [0, 22]}]}, 'description': {'urls': []}}, 'protected': False, 'followers_count': 7957, 'friends_count': 5474, 'listed_count': 71, 'created_at': 'Sun Jan 23 10:45:43 +0000 2011', 'favourites_count': 2252, 'utc_offset': None, 'time_zone': None, 'geo_enabled': False, 'verified': False, 'statuses_count': 61849, 'lang': None, 'contributors_enabled': False, 'is_translator': False, 'is_translation_enabled': False, 'profile_background_color': 'FDFDFC', 'profile_background_image_url': 'http://abs.twimg.com/images/themes/theme16/bg.gif', 'profile_background_image_url_https': 'https://abs.twimg.com/images/themes/theme16/bg.gif', 'profile_background_tile': False, 'profile_image_url': 'http://pbs.twimg.com/profile_images/634103830397894656/e9908_FG_normal.jpg', 'profile_image_url_https': 'https://pbs.twimg.com/profile_images/634103830397894656/e9908_FG_normal.jpg', 'profile_banner_url': 'https://pbs.twimg.com/profile_banners/241877255/1353150597', 'profile_link_color': '3B3D33', 'profile_sidebar_border_color': '042361', 'profile_sidebar_fill_color': 'D9DDF2', 'profile_text_color': '564E57', 'profile_use_background_image': True, 'has_extended_profile': False, 'default_profile': False, 'default_profile_image': False, 'following': False, 'follow_request_sent': False, 'notifications': False, 'translator_type': 'none', 'withheld_in_countries': []}",,,,,False,,,,0,1,False,False,,en,[],[],[],[],0,0,0,0,241877255
58880930,human,Wed Oct 21 08:57:04 +0000 2020,1318838703494635521,1318838703494635521,@entoutsi I am doing well. Thank you! @entoutsi :),False,"{'hashtags': [], 'symbols': [], 'user_mentions': [{'screen_name': 'entoutsi', 'name': 'Eirini Ntoutsi (is hiring PostDoc/PhD)', 'id': 23348794, 'id_str': '23348794', 'indices': [0, 9]}, {'screen_name': 'entoutsi', 'name': 'Eirini Ntoutsi (is hiring PostDoc/PhD)', 'id': 23348794, 'id_str': '23348794', 'indices': [38, 47]}], 'urls': []}","<a href=""http://twitter.com/download/android"" rel=""nofollow"">Twitter for Android</a>",1.3188127788037448e+18,1.3188127788037448e+18,23348794.0,23348794.0,entoutsi,"{'id': 58880930, 'id_str': '58880930', 'name': 'Nattiya Kanhabua', 'screen_name': 'nattiyak', 'location': 'Thailand', 'description': 'Senior Data Scientist', 'url': 'https://t.co/5m6OsSxAx2', 'entities': {'url': {'urls': [{'url': 'https://t.co/5m6OsSxAx2', 'expanded_url': 'https://nattiya.github.io/', 'display_url': 'nattiya.github.io', 'indices': [0, 23]}]}, 'description': {'urls': []}}, 'protected': False, 'followers_count': 590, 'friends_count': 519, 'listed_count': 48, 'created_at': 'Tue Jul 21 18:49:08 +0000 2009', 'favourites_count': 120, 'utc_offset': None, 'time_zone': None, 'geo_enabled': True, 'verified': False, 'statuses_count': 1055, 'lang': None, 'contributors_enabled': False, 'is_translator': False, 'is_translation_enabled': False, 'profile_background_color': 'B2DFDA', 'profile_background_image_url': 'http://abs.twimg.com/images/themes/theme13/bg.gif', 'profile_background_image_url_https': 'https://abs.twimg.com/images/themes/theme13/bg.gif', 'profile_background_tile': False, 'profile_image_url': 'http://pbs.twimg.com/profile_images/1395210363424043015/jOTkWe1w_normal.jpg', 'profile_image_url_https': 'https://pbs.twimg.com/profile_images/1395210363424043015/jOTkWe1w_normal.jpg', 'profile_link_color': '93A644', 'profile_sidebar_border_color': 'EEEEEE', 'profile_sidebar_fill_color': 'FFFFFF', 'profile_text_color': '333333', 'profile_use_background_image': True, 'has_extended_profile': False, 'default_profile': False, 'default_profile_image': False, 'following': False, 'follow_request_sent': False, 'notifications': False, 'translator_type': 'none', 'withheld_in_countries': []}",,,,,False,,,,0,1,False,False,,en,[],[],"[{'screen_name': 'entoutsi', 'name': 'Eirini Ntoutsi (is hiring PostDoc/PhD)', 'id': 23348794, 'id_str': '23348794', 'indices': [0, 9]}, {'screen_name': 'entoutsi', 'name': 'Eirini Ntoutsi (is hiring PostDoc/PhD)', 'id': 23348794, 'id_str': '23348794', 'indices': [38, 47]}]",[],0,0,2,0,58880930
621310858,human,Sat Oct 22 03:25:55 +0000 2022,1583660898991775744,1583660898991775744,@SLAMKicks @SLAMonline @TheTraeYoung @adidasHoops Doublemint,False,"{'hashtags': [], 'symbols': [], 'user_mentions': [{'screen_name': 'SLAMKicks', 'name': 'SLAM Kicks', 'id': 1054402758412062721, 'id_str': '1054402758412062721', 'indices': [0, 10]}, {'screen_name': 'SLAMonline', 'name': 'SLAM', 'id': 15537451, 'id_str': '15537451', 'indices': [11, 22]}, {'screen_name': 'TheTraeYoung', 'name': 'Trae Young', 'id': 2842841126, 'id_str': '2842841126', 'indices': [23, 36]}, {'screen_name': 'adidasHoops', 'name': 'adidas Basketball', 'id': 441129326, 'id_str': '441129326', 'indices': [37, 49]}], 'urls': []}","<a href=""http://twitter.com/download/iphone"" rel=""nofollow"">Twitter for iPhone</a>",1.5836588776270356e+18,1.5836588776270356e+18,1.0544027584120628e+18,1.0544027584120627e+18,SLAMKicks,"{'id': 621310858, 'id_str': '621310858', 'name': 'Duder', 'screen_name': 'hedbanger', 'location': '', 'description': 'high today gone tomorrow', 'url': None, 'entities': {'description': {'urls': []}}, 'protected': False, 'followers_count': 37, 'friends_count': 639, 'listed_count': 18, 'created_at': 'Thu Jun 28 21:01:11 +0000 2012', 'favourites_count': 1000, 'utc_offset': None, 'time_zone': None, 'geo_enabled': False, 'verified': False, 'statuses_count': 515, 'lang': None, 'contributors_enabled': False, 'is_translator': False, 'is_translation_enabled': False, 'profile_background_color': 'C0DEED', 'profile_background_image_url': 'http://abs.twimg.com/images/themes/theme1/bg.png', 'profile_background_image_url_https': 'https://abs.twimg.com/images/themes/theme1/bg.png', 'profile_background_tile': False, 'profile_image_url': 'http://pbs.twimg.com/profile_images/1480067841311313920/jmpC_A_7_normal.jpg', 'profile_image_url_https': 'https://pbs.twimg.com/profile_images/1480067841311313920/jmpC_A_7_normal.jpg', 'profile_banner_url': 'https://pbs.twimg.com/profile_banners/621310858/1548665302', 'profile_link_color': '1DA1F2', 'profile_sidebar_border_color': 'C0DEED', 'profile_sidebar_fill_color': 'DDEEF6', 'profile_text_color': '333333', 'profile_use_background_image': True, 'has_extended_profile': False, 'default_profile': True, 'default_profile_image': False, 'following': False, 'follow_request_sent': False, 'notifications': False, 'translator_type': 'none', 'withheld_in_countries': []}",,,,,False,,,,0,0,False,False,,fr,[],[],"[{'screen_name': 'SLAMKicks', 'name': 'SLAM Kicks', 'id': 1054402758412062721, 'id_str': '1054402758412062721', 'indices': [0, 10]}, {'screen_name': 'SLAMonline', 'name': 'SLAM', 'id': 15537451, 'id_str': '15537451', 'indices': [11, 22]}, {'screen_name': 'TheTraeYoung', 'name': 'Trae Young', 'id': 2842841126, 'id_str': '2842841126', 'indices': [23, 36]}, {'screen_name': 'adidasHoops', 'name': 'adidas Basketball', 'id': 441129326, 'id_str': '441129326', 'indices': [37, 49]}]",[],0,0,4,0,621310858
86020763,human,Thu Dec 19 08:11:59 +0000 2013,413582471377072128,413582471377072128,@poll 645792 isipesan dari tweet aris,False,"{'hashtags': [], 'symbols': [], 'user_mentions': [{'screen_name': 'poll', 'name': 'Poll + Keyword', 'id': 24197850, 'id_str': '24197850', 'indices': [0, 5]}], 'urls': []}","<a href=""http://tapbots.com/software/tweetbot/mac"" rel=""nofollow"">Twееtbot for Mac</a>",,,24197850.0,24197850.0,poll,"{'id': 86020763, 'id_str': '86020763', 'name': 'bernardinus', 'screen_name': 'Nduzzt', 'location': 'Indonesia', 'description': 'Try my best in all my way to life happily..', 'url': None, 'entities': {'description': {'urls': []}}, 'protected': False, 'followers_count': 92, 'friends_count': 97, 'listed_count': 3, 'created_at': 'Thu Oct 29 08:21:28 +0000 2009', 'favourites_count': 2, 'utc_offset': None, 'time_zone': None, 'geo_enabled': True, 'verified': False, 'statuses_count': 189, 'lang': None, 'contributors_enabled': False, 'is_translator': False, 'is_translation_enabled': False, 'profile_background_color': 'A4B45D', 'profile_background_image_url': 'http://abs.twimg.com/images/themes/theme1/bg.png', 'profile_background_image_url_https': 'https://abs.twimg.com/images/themes/theme1/bg.png', 'profile_background_tile': False, 'profile_image_url': 'http://pbs.twimg.com/profile_images/3496834584/3ad26f52928af4be43a1248041192a48_normal.jpeg', 'profile_image_url_https': 'https://pbs.twimg.com/profile_images/3496834584/3ad26f52928af4be43a1248041192a48_normal.jpeg', 'profile_link_color': '635026', 'profile_sidebar_border_color': 'A4B45D', 'profile_sidebar_fill_color': 'CEDBD7', 'profile_text_color': '8C9C43', 'profile_use_background_image': True, 'has_extended_profile': False, 'default_profile': False, 'default_profile_image': False, 'following': False, 'follow_request_sent': False, 'notifications': False, 'translator_type': 'none', 'withheld_in_countries': []}",,,,,False,,,,0,0,False,False,,in,[],[],"[{'screen_name': 'poll', 'name': 'Poll + Keyword', 'id': 24197850, 'id_str': '24197850', 'indices': [0, 5]}]",[],0,0,1,0,86020763
1353063402160099335,human,Fri Nov 11 15:29:48 +0000 2022,1591090826100502528,1591090826100502528,"@ScotPatriot1 @StormySturgeon Learn what, Tories trashed the Union, for personnel Greed?",False,"{'hashtags': [], 'symbols': [], 'user_mentions': [{'screen_name': 'ScotPatriot1', 'name': 'ScotPatriot', 'id': 1296816488733696002, 'id_str': '1296816488733696002', 'indices': [0, 13]}, {'screen_name': 'StormySturgeon', 'name': 'Upset Fish🏴\U000e0067\U000e0062\U000e0073\U000e0063\U000e0074\U000e007f🇪🇺', 'id': 877787141333495808, 'id_str': '877787141333495808', 'indices': [14, 29]}], 'urls': []}","<a href=""https://mobile.twitter.com"" rel=""nofollow"">Twitter Web App</a>",1.5910898206962852e+18,1.5910898206962852e+18,1.296816488733696e+18,1.296816488733696e+18,ScotPatriot1,"{'id': 1353063402160099335, 'id_str': '1353063402160099335', 'name': 'Fedupofwm', 'screen_name': 'fedupofwm', 'location': '', 'description': ""Passionate about Independence for Scotland. After Thatchers devastation of our Countries Industries in 80's &  Labours PFI debt, Scotland needs Indy."", 'url': None, 'entities': {'description': {'urls': []}}, 'protected': False, 'followers_count': 2101, 'friends_count': 2990, 'listed_count': 2, 'created_at': 'Sat Jan 23 19:34:20 +0000 2021', 'favourites_count': 29210, 'utc_offset': None, 'time_zone': None, 'geo_enabled': False, 'verified': False, 'statuses_count': 48306, 'lang': None, 'contributors_enabled': False, 'is_translator': False, 'is_translation_enabled': False, 'profile_background_color': 'F5F8FA', 'profile_background_image_url': None, 'profile_background_image_url_https': None, 'profile_background_tile': False, 'profile_image_url': 'http://pbs.twimg.com/profile_images/1369098150707949569/huUB7uYz_normal.jpg', 'profile_image_url_https': 'https://pbs.twimg.com/profile_images/1369098150707949569/huUB7uYz_normal.jpg', 'profile_link_color': '1DA1F2', 'profile_sidebar_border_color': 'C0DEED', 'profile_sidebar_fill_color': 'DDEEF6', 'profile_text_color': '333333', 'profile_use_background_image': True, 'has_extended_profile': True, 'default_profile': True, 'default_profile_image': False, 'following': False, 'follow_request_sent': False, 'notifications': False, 'translator_type': 'none', 'withheld_in_countries': []}",,,,,False,,,,0,0,False,False,,en,[],[],"[{'screen_name': 'ScotPatriot1', 'name': 'ScotPatriot', 'id': 1296816488733696002, 'id_str': '1296816488733696002', 'indices': [0, 13]}, {'screen_name': 'StormySturgeon', 'name': 'Upset Fish🏴\U000e0067\U000e0062\U000e0073\U000e0063\U000e0074\U000e007f🇪🇺', 'id': 877787141333495808, 'id_str': '877787141333495808', 'indices': [14, 29]}]",[],0,0,2,0,1353063402160099335
15918780,human,Mon Nov 07 13:54:13 +0000 2022,1589617218996015104,1589617218996015104,@KahnLeo @Sonia_Devillers Hammer Idee!,False,"{'hashtags': [], 'symbols': [], 'user_mentions': [{'screen_name': 'KahnLeo', 'name': 'Léonardo Kahn', 'id': 1185312684436312066, 'id_str': '1185312684436312066', 'indices': [0, 8]}, {'screen_name': 'Sonia_Devillers', 'name': 'Sonia Devillers', 'id': 2742488737, 'id_str': '2742488737', 'indices': [9, 25]}], 'urls': []}","<a href=""http://twitter.com/download/iphone"" rel=""nofollow"">Twitter for iPhone</a>",1.5895639514694615e+18,1.5895639514694615e+18,1.185312684436312e+18,1.185312684436312e+18,KahnLeo,"{'id': 15918780, 'id_str': '15918780', 'name': 'Eva Schulz', 'screen_name': 'evaschulz', 'location': 'Berlin', 'description': 'Ich berichte über Politik & interviewe inspirierende Menschen bei #Deutschland3000 🎙Neue Folgen jeden 2. Mittwoch überall, wo’s Podcasts gibt!', 'url': 'https://t.co/iicKvIz40e', 'entities': {'url': {'urls': [{'url': 'https://t.co/iicKvIz40e', 'expanded_url': 'http://instagram.com/evaschulz', 'display_url': 'instagram.com/evaschulz', 'indices': [0, 23]}]}, 'description': {'urls': []}}, 'protected': False, 'followers_count': 42631, 'friends_count': 1068, 'listed_count': 384, 'created_at': 'Wed Aug 20 15:33:30 +0000 2008', 'favourites_count': 22648, 'utc_offset': None, 'time_zone': None, 'geo_enabled': True, 'verified': True, 'statuses_count': 13392, 'lang': None, 'contributors_enabled': False, 'is_translator': False, 'is_translation_enabled': False, 'profile_background_color': 'FCE8D6', 'profile_background_image_url': 'http://abs.twimg.com/images/themes/theme1/bg.png', 'profile_background_image_url_https': 'https://abs.twimg.com/images/themes/theme1/bg.png', 'profile_background_tile': True, 'profile_image_url': 'http://pbs.twimg.com/profile_images/1326088492955398144/HzM6cYtr_normal.jpg', 'profile_image_url_https': 'https://pbs.twimg.com/profile_images/1326088492955398144/HzM6cYtr_normal.jpg', 'profile_banner_url': 'https://pbs.twimg.com/profile_banners/15918780/1497003741', 'profile_link_color': '1B95E0', 'profile_sidebar_border_color': 'FFFFFF', 'profile_sidebar_fill_color': 'DDEEF6', 'profile_text_color': '333333', 'profile_use_background_image': False, 'has_extended_profile': True, 'default_profile': False, 'default_profile_image': False, 'following': False, 'follow_request_sent': False, 'notifications': False, 'translator_type': 'none', 'withheld_in_countries': []}",,,,,False,,,,0,1,False,False,,en,[],[],"[{'screen_name': 'KahnLeo', 'name': 'Léonardo Kahn', 'id': 1185312684436312066, 'id_str': '1185312684436312066', 'indices': [0, 8]}, {'screen_name': 'Sonia_Devillers', 'name': 'Sonia Devillers', 'id': 2742488737, 'id_str': '2742488737', 'indices': [9, 25]}]",[],0,0,2,0,15918780
256644046,human,Sat Oct 08 20:30:08 +0000 2022,1578845217842925568,1578845217842925568,"@yoavgo I know, that's why I did not spam you :)",False,"{'hashtags': [], 'symbols': [], 'user_mentions': [{'screen_name': 'yoavgo', 'name': ""(((ل()(ل() 'yoav))))👾"", 'id': 39547749, 'id_str': '39547749', 'indices': [0, 7]}], 'urls': []}","<a href=""http://twitter.com/download/android"" rel=""nofollow"">Twitter for Android</a>",1.5788445979247903e+18,1.5788445979247903e+18,39547749.0,39547749.0,yoavgo,"{'id': 256644046, 'id_str': '256644046', 'name': 'Miguel Ballesteros', 'screen_name': 'migballesteros', 'location': 'New York, USA; Madrid, Spain', 'description': 'Principal Applied Scientist, AWS #NLProc 🏓 Tweets my own.', 'url': 'https://t.co/8bj6A2iSUl', 'entities': {'url': {'urls': [{'url': 'https://t.co/8bj6A2iSUl', 'expanded_url': 'https://miguelballesteros.github.io/', 'display_url': 'miguelballesteros.github.io', 'indices': [0, 23]}]}, 'description': {'urls': []}}, 'protected': False, 'followers_count': 2608, 'friends_count': 1693, 'listed_count': 49, 'created_at': 'Wed Feb 23 19:34:16 +0000 2011', 'favourites_count': 6770, 'utc_offset': None, 'time_zone': None, 'geo_enabled': False, 'verified': False, 'statuses_count': 1133, 'lang': None, 'contributors_enabled': False, 'is_translator': False, 'is_translation_enabled': False, 'profile_background_color': '000000', 'profile_background_image_url': 'http://abs.twimg.com/images/themes/theme1/bg.png', 'profile_background_image_url_https': 'https://abs.twimg.com/images/themes/theme1/bg.png', 'profile_background_tile': False, 'profile_image_url': 'http://pbs.twimg.com/profile_images/1546198854357331968/-4tJX1it_normal.jpg', 'profile_image_url_https': 'https://pbs.twimg.com/profile_images/1546198854357331968/-4tJX1it_normal.jpg', 'profile_banner_url': 'https://pbs.twimg.com/profile_banners/256644046/1586799864', 'profile_link_color': '1B95E0', 'profile_sidebar_border_color': '000000', 'profile_sidebar_fill_color': '000000', 'profile_text_color': '000000', 'profile_use_background_image': False, 'has_extended_profile': False, 'default_profile': False, 'default_profile_image': False, 'following': False, 'follow_request_sent': False, 'notifications': False, 'translator_type': 'none', 'withheld_in_countries': []}",,,,,False,,,,0,1,False,False,,en,[],[],"[{'screen_name': 'yoavgo', 'name': ""(((ل()(ل() 'yoav))))👾"", 'id': 39547749, 'id_str': '39547749', 'indices': [0, 7]}]",[],0,0,1,0,256644046
1116393937449697280,human,Wed Nov 02 20:49:34 +0000 2022,1587909807331102720,1587909807331102720,#SuellaBraveman has proven herself unfit for office by using such divisive language (along with being a threat to n… https://t.co/eye2891x6I,True,"{'hashtags': [{'text': 'SuellaBraveman', 'indices': [0, 15]}], 'symbols': [], 'user_mentions': [], 'urls': [{'url': 'https://t.co/eye2891x6I', 'expanded_url': 'https://twitter.com/i/web/status/1587909807331102720', 'display_url': 'twitter.com/i/web/status/1…', 'indices': [117, 140]}]}","<a href=""http://twitter.com/download/iphone"" rel=""nofollow"">Twitter for iPhone</a>",,,,,,"{'id': 1116393937449697280, 'id_str': '1116393937449697280', 'name': 'Mike Pearce', 'screen_name': 'MikePearce17', 'location': 'East Midlands, England', 'description': 'Musicician, teacher, conductor, examiner and private pilot. Pro-EU. Still waiting for my crate of sovereignty to be delivered!', 'url': None, 'entities': {'description': {'urls': []}}, 'protected': False, 'followers_count': 181, 'friends_count': 386, 'listed_count': 0, 'created_at': 'Thu Apr 11 17:33:51 +0000 2019', 'favourites_count': 8214, 'utc_offset': None, 'time_zone': None, 'geo_enabled': False, 'verified': False, 'statuses_count': 2545, 'lang': None, 'contributors_enabled': False, 'is_translator': False, 'is_translation_enabled': False, 'profile_background_color': 'F5F8FA', 'profile_background_image_url': None, 'profile_background_image_url_https': None, 'profile_background_tile': False, 'profile_image_url': 'http://pbs.twimg.com/profile_images/1479342625115324416/iw9pHBfV_normal.jpg', 'profile_image_url_https': 'https://pbs.twimg.com/profile_images/1479342625115324416/iw9pHBfV_normal.jpg', 'profile_banner_url': 'https://pbs.twimg.com/profile_banners/1116393937449697280/1598981810', 'profile_link_color': '1DA1F2', 'profile_sidebar_border_color': 'C0DEED', 'profile_sidebar_fill_color': 'DDEEF6', 'profile_text_color': '333333', 'profile_use_background_image': True, 'has_extended_profile': True, 'default_profile': True, 'default_profile_image': False, 'following': False, 'follow_request_sent': False, 'notifications': False, 'translator_type': 'none', 'withheld_in_countries': []}",,,,,True,1.5874120402216878e+18,1.5874120402216878e+18,"{'created_at': 'Tue Nov 01 11:51:37 +0000 2022', 'id': 1587412040221687809, 'id_str': '1587412040221687809', 'text': 'Statement on @SuellaBraverman\'s ""invasion"" comment:\n\n""The Jewish Council for Racial Equality (JCORE) is horrified b… https://t.co/Hw4U5pQUvn', 'truncated': True, 'entities': {'hashtags': [], 'symbols': [], 'user_mentions': [{'screen_name': 'SuellaBraverman', 'name': 'Suella Braverman MP', 'id': 1722829178, 'id_str': '1722829178', 'indices': [13, 29]}], 'urls': [{'url': 'https://t.co/Hw4U5pQUvn', 'expanded_url': 'https://twitter.com/i/web/status/1587412040221687809', 'display_url': 'twitter.com/i/web/status/1…', 'indices': [117, 140]}]}, 'source': '<a href=""https://mobile.twitter.com"" rel=""nofollow"">Twitter Web App</a>', 'in_reply_to_status_id': None, 'in_reply_to_status_id_str': None, 'in_reply_to_user_id': None, 'in_reply_to_user_id_str': None, 'in_reply_to_screen_name': None, 'user': {'id': 177167033, 'id_str': '177167033', 'name': 'JCORE 🧡', 'screen_name': 'JCOREUK', 'location': 'London', 'description': 'The Jewish Council for Racial Equality is a leading Jewish voice on race & asylum. We educate, campaign and provide direct support to refugees & asylum seekers.', 'url': 'https://t.co/6X7TnkWVsW', 'entities': {'url': {'urls': [{'url': 'https://t.co/6X7TnkWVsW', 'expanded_url': 'http://www.jcore.org.uk/signup', 'display_url': 'jcore.org.uk/signup', 'indices': [0, 23]}]}, 'description': {'urls': []}}, 'protected': False, 'followers_count': 4329, 'friends_count': 1091, 'listed_count': 77, 'created_at': 'Wed Aug 11 12:28:59 +0000 2010', 'favourites_count': 1415, 'utc_offset': None, 'time_zone': None, 'geo_enabled': False, 'verified': False, 'statuses_count': 5328, 'lang': None, 'contributors_enabled': False, 'is_translator': False, 'is_translation_enabled': False, 'profile_background_color': '0E0E61', 'profile_background_image_url': 'http://abs.twimg.com/images/themes/theme1/bg.png', 'profile_background_image_url_https': 'https://abs.twimg.com/images/themes/theme1/bg.png', 'profile_background_tile': False, 'profile_image_url': 'http://pbs.twimg.com/profile_images/1134105204415221760/pg07m0An_normal.png', 'profile_image_url_https': 'https://pbs.twimg.com/profile_images/1134105204415221760/pg07m0An_normal.png', 'profile_banner_url': 'https://pbs.twimg.com/profile_banners/177167033/1572275444', 'profile_link_color': 'FF691F', 'profile_sidebar_border_color': 'FFFFFF', 'profile_sidebar_fill_color': 'FA7714', 'profile_text_color': '333333', 'profile_use_background_image': False, 'has_extended_profile': False, 'default_profile': False, 'default_profile_image': False, 'following': False, 'follow_request_sent': False, 'notifications': False, 'translator_type': 'none', 'withheld_in_countries': []}, 'geo': None, 'coordinates': None, 'place': None, 'contributors': None, 'is_quote_status': False, 'retweet_count': 1760, 'favorite_count': 5065, 'favorited': False, 'retweeted': False, 'lang': 'en'}",0,0,False,False,False,en,"[{'text': 'SuellaBraveman', 'indices': [0, 15]}]",[],[],"[{'url': 'https://t.co/eye2891x6I', 'expanded_url': 'https://twitter.com/i/web/status/1587909807331102720', 'display_url': 'twitter.com/i/web/status/1…', 'indices': [117, 140]}]",1,0,0,1,1116393937449697280
1076116243265060864,human,Sat Jan 23 12:36:27 +0000 2021,1352958373118013440,1352958373118013440,"First meeting:
February 22, 2021
4-6 pm (CET): Declan Smithies (Ohio State)
All Welcome!",False,"{'hashtags': [], 'symbols': [], 'user_mentions': [], 'urls': []}","<a href=""https://mobile.twitter.com"" rel=""nofollow"">Twitter Web App</a>",,,,,,"{'id': 1076116243265060864, 'id_str': '1076116243265060864', 'name': 'Marco Asta Coratolo', 'screen_name': 'Marco_Coratolo', 'location': 'Milano, Italy', 'description': 'He/Him', 'url': None, 'entities': {'description': {'urls': []}}, 'protected': False, 'followers_count': 446, 'friends_count': 2276, 'listed_count': 11, 'created_at': 'Fri Dec 21 14:04:40 +0000 2018', 'favourites_count': 595, 'utc_offset': None, 'time_zone': None, 'geo_enabled': True, 'verified': False, 'statuses_count': 80, 'lang': None, 'contributors_enabled': False, 'is_translator': False, 'is_translation_enabled': False, 'profile_background_color': 'F5F8FA', 'profile_background_image_url': None, 'profile_background_image_url_https': None, 'profile_background_tile': False, 'profile_image_url': 'http://pbs.twimg.com/profile_images/1076117536561872903/0aTaZOue_normal.jpg', 'profile_image_url_https': 'https://pbs.twimg.com/profile_images/1076117536561872903/0aTaZOue_normal.jpg', 'profile_banner_url': 'https://pbs.twimg.com/profile_banners/1076116243265060864/1546194866', 'profile_link_color': '1DA1F2', 'profile_sidebar_border_color': 'C0DEED', 'profile_sidebar_fill_color': 'DDEEF6', 'profile_text_color': '333333', 'profile_use_background_image': True, 'has_extended_profile': False, 'default_profile': True, 'default_profile_image': False, 'following': False, 'follow_request_sent': False, 'notifications': False, 'translator_type': 'none', 'withheld_in_countries': []}",,,,,False,,,,1,0,False,False,,en,[],[],[],[],0,0,0,0,1076116243265060864
1395509316753534987,human,Fri Aug 19 04:46:15 +0000 2022,1560488291119644672,1560488291119644672,"✅ JOIN FREE ✅

👇🏼👇🏼👇🏼👇🏼👇🏼👇🏼👇🏼👇🏼👇🏼
https://t.co/uisf5HeZpV https://t.co/ZiMZ7vIsaD",False,"{'hashtags': [], 'symbols': [], 'user_mentions': [], 'urls': [{'url': 'https://t.co/uisf5HeZpV', 'expanded_url': 'https://rebrand.ly/TradingNation', 'display_url': 'rebrand.ly/TradingNation', 'indices': [34, 57]}], 'media': [{'id': 1560488284396085249, 'id_str': '1560488284396085249', 'indices': [58, 81], 'media_url': 'http://pbs.twimg.com/media/Faf306uWYAES3P4.jpg', 'media_url_https': 'https://pbs.twimg.com/media/Faf306uWYAES3P4.jpg', 'url': 'https://t.co/ZiMZ7vIsaD', 'display_url': 'pic.twitter.com/ZiMZ7vIsaD', 'expanded_url': 'https://twitter.com/viragoza/status/1560488291119644672/photo/1', 'type': 'photo', 'sizes': {'thumb': {'w': 150, 'h': 150, 'resize': 'crop'}, 'large': {'w': 1280, 'h': 598, 'resize': 'fit'}, 'small': {'w': 680, 'h': 318, 'resize': 'fit'}, 'medium': {'w': 1200, 'h': 561, 'resize': 'fit'}}}]}","<a href=""https://mobile.twitter.com"" rel=""nofollow"">Twitter Web App</a>",,,,,,"{'id': 1395509316753534987, 'id_str': '1395509316753534987', 'name': 'CRPTO VIRAGOZA', 'screen_name': 'viragoza', 'location': '', 'description': '', 'url': None, 'entities': {'description': {'urls': []}}, 'protected': False, 'followers_count': 644, 'friends_count': 3876, 'listed_count': 3, 'created_at': 'Thu May 20 22:38:45 +0000 2021', 'favourites_count': 6578, 'utc_offset': None, 'time_zone': None, 'geo_enabled': False, 'verified': False, 'statuses_count': 4, 'lang': None, 'contributors_enabled': False, 'is_translator': False, 'is_translation_enabled': False, 'profile_background_color': 'F5F8FA', 'profile_background_image_url': None, 'profile_background_image_url_https': None, 'profile_background_tile': False, 'profile_image_url': 'http://pbs.twimg.com/profile_images/1395509699844448258/nAyCaK4G_normal.jpg', 'profile_image_url_https': 'https://pbs.twimg.com/profile_images/1395509699844448258/nAyCaK4G_normal.jpg', 'profile_banner_url': 'https://pbs.twimg.com/profile_banners/1395509316753534987/1621550419', 'profile_link_color': '1DA1F2', 'profile_sidebar_border_color': 'C0DEED', 'profile_sidebar_fill_color': 'DDEEF6', 'profile_text_color': '333333', 'profile_use_background_image': True, 'has_extended_profile': True, 'default_profile': True, 'default_profile_image': False, 'following': False, 'follow_request_sent': False, 'notifications': False, 'translator_type': 'none', 'withheld_in_countries': []}",,,,,False,,,,0,0,False,False,False,en,[],[],[],"[{'url': 'https://t.co/uisf5HeZpV', 'expanded_url': 'https://rebrand.ly/TradingNation', 'display_url': 'rebrand.ly/TradingNation', 'indices': [34, 57]}]",0,0,0,1,1395509316753534987
22396466,human,Fri Nov 11 15:53:54 +0000 2022,1591096889134682112,1591096889134682112,On this US #VeteransDay2022 remembering my late father in law Chester Paterek USMC. #SemperFi https://t.co/qjetCLfQJv,False,"{'hashtags': [{'text': 'VeteransDay2022', 'indices': [11, 27]}, {'text': 'SemperFi', 'indices': [84, 93]}], 'symbols': [], 'user_mentions': [], 'urls': [], 'media': [{'id': 1591096713267257345, 'id_str': '1591096713267257345', 'indices': [94, 117], 'media_url': 'http://pbs.twimg.com/media/FhS2B92WIAEXUdM.jpg', 'media_url_https': 'https://pbs.twimg.com/media/FhS2B92WIAEXUdM.jpg', 'url': 'https://t.co/qjetCLfQJv', 'display_url': 'pic.twitter.com/qjetCLfQJv', 'expanded_url': 'https://twitter.com/declanganley/status/1591096889134682112/photo/1', 'type': 'photo', 'sizes': {'thumb': {'w': 150, 'h': 150, 'resize': 'crop'}, 'large': {'w': 1536, 'h': 2048, 'resize': 'fit'}, 'small': {'w': 510, 'h': 680, 'resize': 'fit'}, 'medium': {'w': 900, 'h': 1200, 'resize': 'fit'}}}]}","<a href=""https://mobile.twitter.com"" rel=""nofollow"">Twitter Web App</a>",,,,,,"{'id': 22396466, 'id_str': '22396466', 'name': 'Declan Ganley 🇭🇰🇺🇦', 'screen_name': 'declanganley', 'location': 'County Galway. ', 'description': 'Entrepreneur, Patented Inventor, Chairman & CEO @RivadaNetworks. Tweets in personal capacity.', 'url': 'https://t.co/RzJxnorxNX', 'entities': {'url': {'urls': [{'url': 'https://t.co/RzJxnorxNX', 'expanded_url': 'http://www.rivada.com', 'display_url': 'rivada.com', 'indices': [0, 23]}]}, 'description': {'urls': []}}, 'protected': False, 'followers_count': 21734, 'friends_count': 596, 'listed_count': 306, 'created_at': 'Sun Mar 01 19:34:31 +0000 2009', 'favourites_count': 24850, 'utc_offset': None, 'time_zone': None, 'geo_enabled': False, 'verified': False, 'statuses_count': 66446, 'lang': None, 'contributors_enabled': False, 'is_translator': False, 'is_translation_enabled': False, 'profile_background_color': 'C0DEED', 'profile_background_image_url': 'http://abs.twimg.com/images/themes/theme1/bg.png', 'profile_background_image_url_https': 'https://abs.twimg.com/images/themes/theme1/bg.png', 'profile_background_tile': True, 'profile_image_url': 'http://pbs.twimg.com/profile_images/1589285819084308482/IjBkuZSJ_normal.jpg', 'profile_image_url_https': 'https://pbs.twimg.com/profile_images/1589285819084308482/IjBkuZSJ_normal.jpg', 'profile_banner_url': 'https://pbs.twimg.com/profile_banners/22396466/1591436907', 'profile_link_color': '0084B4', 'profile_sidebar_border_color': 'FFFFFF', 'profile_sidebar_fill_color': 'DDEEF6', 'profile_text_color': '333333', 'profile_use_background_image': True, 'has_extended_profile': False, 'default_profile': False, 'default_profile_image': False, 'following': False, 'follow_request_sent': False, 'notifications': False, 'translator_type': 'none', 'withheld_in_countries': []}",,,,,False,,,,0,4,False,False,False,en,"[{'text': 'VeteransDay2022', 'indices': [11, 27]}, {'text': 'SemperFi', 'indices': [84, 93]}]",[],[],[],2,0,0,0,22396466
17393790,human,Fri Nov 11 14:22:07 +0000 2022,1591073792444334082,1591073792444334082,"To raise awareness and support for #abortion rights, these celebrities are choosing to speak about their by turns t… https://t.co/tl6USewo8c",True,"{'hashtags': [{'text': 'abortion', 'indices': [35, 44]}], 'symbols': [], 'user_mentions': [], 'urls': [{'url': 'https://t.co/tl6USewo8c', 'expanded_url': 'https://twitter.com/i/web/status/1591073792444334082', 'display_url': 'twitter.com/i/web/status/1…', 'indices': [117, 140]}]}","<a href=""http://www.socialflow.com"" rel=""nofollow"">SocialFlow</a>",,,,,,"{'id': 17393790, 'id_str': '17393790', 'name': 'Everyday Health', 'screen_name': 'EverydayHealth', 'location': 'United States', 'description': 'Our mission is to inspire and enable wellness each and every day.', 'url': 'https://t.co/Dv7ADWdcGp', 'entities': {'url': {'urls': [{'url': 'https://t.co/Dv7ADWdcGp', 'expanded_url': 'http://www.everydayhealth.com/', 'display_url': 'everydayhealth.com', 'indices': [0, 23]}]}, 'description': {'urls': []}}, 'protected': False, 'followers_count': 628408, 'friends_count': 5423, 'listed_count': 5126, 'created_at': 'Fri Nov 14 19:35:49 +0000 2008', 'favourites_count': 16980, 'utc_offset': None, 'time_zone': None, 'geo_enabled': True, 'verified': True, 'statuses_count': 147002, 'lang': None, 'contributors_enabled': False, 'is_translator': False, 'is_translation_enabled': False, 'profile_background_color': 'FFFFFF', 'profile_background_image_url': 'http://abs.twimg.com/images/themes/theme3/bg.gif', 'profile_background_image_url_https': 'https://abs.twimg.com/images/themes/theme3/bg.gif', 'profile_background_tile': False, 'profile_image_url': 'http://pbs.twimg.com/profile_images/1410587653255446529/nieAztWq_normal.jpg', 'profile_image_url_https': 'https://pbs.twimg.com/profile_images/1410587653255446529/nieAztWq_normal.jpg', 'profile_banner_url': 'https://pbs.twimg.com/profile_banners/17393790/1662491514', 'profile_link_color': '34CAB5', 'profile_sidebar_border_color': 'FFFFFF', 'profile_sidebar_fill_color': 'E3E2DE', 'profile_text_color': '4C4C4C', 'profile_use_background_image': True, 'has_extended_profile': False, 'default_profile': False, 'default_profile_image': False, 'following': False, 'follow_request_sent': False, 'notifications': False, 'translator_type': 'none', 'withheld_in_countries': []}",,,,,False,,,,0,0,False,False,False,en,"[{'text': 'abortion', 'indices': [35, 44]}]",[],[],"[{'url': 'https://t.co/tl6USewo8c', 'expanded_url': 'https://twitter.com/i/web/status/1591073792444334082', 'display_url': 'twitter.com/i/web/status/1…', 'indices': [117, 140]}]",1,0,0,1,17393790
832271187019444224,human,Sun Apr 28 11:12:38 +0000 2019,1122458595512213504,1122458595512213504,You don’t have to shout when your work speaks for itself. #entrepreneurmindset #entrepreneurthoughts #EntrepreneurLife,False,"{'hashtags': [{'text': 'entrepreneurmindset', 'indices': [58, 78]}, {'text': 'entrepreneurthoughts', 'indices': [79, 100]}, {'text': 'EntrepreneurLife', 'indices': [101, 118]}], 'symbols': [], 'user_mentions': [], 'urls': []}","<a href=""http://twitter.com/download/iphone"" rel=""nofollow"">Twitter for iPhone</a>",,,,,,"{'id': 832271187019444224, 'id_str': '832271187019444224', 'name': 'The Information Inn', 'screen_name': 'TheInfoInn', 'location': 'Trinidad and Tobago', 'description': 'The Information Inn was created for YOU! To help you build a better brand. To help you create the life of your dreams. To help you thrive.', 'url': 'https://t.co/HEilM9piPl', 'entities': {'url': {'urls': [{'url': 'https://t.co/HEilM9piPl', 'expanded_url': 'http://theinfoinn.com/free-training', 'display_url': 'theinfoinn.com/free-training', 'indices': [0, 23]}]}, 'description': {'urls': []}}, 'protected': False, 'followers_count': 44, 'friends_count': 40, 'listed_count': 2, 'created_at': 'Thu Feb 16 16:51:28 +0000 2017', 'favourites_count': 205, 'utc_offset': None, 'time_zone': None, 'geo_enabled': False, 'verified': False, 'statuses_count': 226, 'lang': None, 'contributors_enabled': False, 'is_translator': False, 'is_translation_enabled': False, 'profile_background_color': '000000', 'profile_background_image_url': 'http://abs.twimg.com/images/themes/theme1/bg.png', 'profile_background_image_url_https': 'https://abs.twimg.com/images/themes/theme1/bg.png', 'profile_background_tile': False, 'profile_image_url': 'http://pbs.twimg.com/profile_images/955575136274534400/bEVRZ5dL_normal.jpg', 'profile_image_url_https': 'https://pbs.twimg.com/profile_images/955575136274534400/bEVRZ5dL_normal.jpg', 'profile_banner_url': 'https://pbs.twimg.com/profile_banners/832271187019444224/1494880403', 'profile_link_color': '91D2FA', 'profile_sidebar_border_color': '000000', 'profile_sidebar_fill_color': '000000', 'profile_text_color': '000000', 'profile_use_background_image': False, 'has_extended_profile': False, 'default_profile': False, 'default_profile_image': False, 'following': False, 'follow_request_sent': False, 'notifications': False, 'translator_type': 'none', 'withheld_in_countries': []}",,,,,False,,,,0,1,False,False,,en,"[{'text': 'entrepreneurmindset', 'indices': [58, 78]}, {'text': 'entrepreneurthoughts', 'indices': [79, 100]}, {'text': 'EntrepreneurLife', 'indices': [101, 118]}]",[],[],[],3,0,0,0,832271187019444224
1344562598776250369,bot,Sat Oct 08 20:52:05 +0000 2022,1578850742957273088,1578850742957273088,@zerokillsh take care,False,"{'hashtags': [], 'symbols': [], 'user_mentions': [{'screen_name': 'zerokillsh', 'name': 'koiasuroba', 'id': 1378203420478165000, 'id_str': '1378203420478165000', 'indices': [0, 11]}], 'urls': []}","<a href=""http://twitter.com/download/iphone"" rel=""nofollow"">Twitter for iPhone</a>",1.578850073005658e+18,1.578850073005658e+18,1.378203420478165e+18,1.378203420478165e+18,zerokillsh,"{'id': 1344562598776250369, 'id_str': '1344562598776250369', 'name': 'tanushri', 'screen_name': 'dogmother_', 'location': '', 'description': 'she/her 18🦭', 'url': None, 'entities': {'description': {'urls': []}}, 'protected': False, 'followers_count': 594, 'friends_count': 410, 'listed_count': 0, 'created_at': 'Thu Dec 31 08:34:50 +0000 2020', 'favourites_count': 13743, 'utc_offset': None, 'time_zone': None, 'geo_enabled': False, 'verified': False, 'statuses_count': 2908, 'lang': None, 'contributors_enabled': False, 'is_translator': False, 'is_translation_enabled': False, 'profile_background_color': 'F5F8FA', 'profile_background_image_url': None, 'profile_background_image_url_https': None, 'profile_background_tile': False, 'profile_image_url': 'http://pbs.twimg.com/profile_images/1578073274608586752/uFOKV5zv_normal.jpg', 'profile_image_url_https': 'https://pbs.twimg.com/profile_images/1578073274608586752/uFOKV5zv_normal.jpg', 'profile_banner_url': 'https://pbs.twimg.com/profile_banners/1344562598776250369/1664527769', 'profile_link_color': '1DA1F2', 'profile_sidebar_border_color': 'C0DEED', 'profile_sidebar_fill_color': 'DDEEF6', 'profile_text_color': '333333', 'profile_use_background_image': True, 'has_extended_profile': True, 'default_profile': True, 'default_profile_image': False, 'following': False, 'follow_request_sent': False, 'notifications': False, 'translator_type': 'none', 'withheld_in_countries': []}",,,,,False,,,,0,0,False,False,,en,[],[],"[{'screen_name': 'zerokillsh', 'name': 'koiasuroba', 'id': 1378203420478165000, 'id_str': '1378203420478165000', 'indices': [0, 11]}]",[],0,0,1,0,1344562598776250369
2939998182,human,Mon Nov 07 23:18:48 +0000 2022,1589759300255510529,1589759300255510529,Yessir Hyder!! https://t.co/p4PccbEAVE,False,"{'hashtags': [], 'symbols': [], 'user_mentions': [], 'urls': [{'url': 'https://t.co/p4PccbEAVE', 'expanded_url': 'https://twitter.com/mlb/status/1589758833022279680', 'display_url': 'twitter.com/mlb/status/158…', 'indices': [15, 38]}]}","<a href=""http://twitter.com/download/iphone"" rel=""nofollow"">Twitter for iPhone</a>",,,,,,"{'id': 2939998182, 'id_str': '2939998182', 'name': 'Tyler Wells', 'screen_name': 'TylerW13', 'location': '', 'description': 'Pitcher for the Baltimore @Orioles⚾️ Avid Golfer🏌🏼\u200d♂️ Blessed by God ✝️ #PFAstrong', 'url': 'https://t.co/PENLhlSUUY', 'entities': {'url': {'urls': [{'url': 'https://t.co/PENLhlSUUY', 'expanded_url': 'https://v.cameo.com/bgRf4hm6Pkb', 'display_url': 'v.cameo.com/bgRf4hm6Pkb', 'indices': [0, 23]}]}, 'description': {'urls': []}}, 'protected': False, 'followers_count': 2640, 'friends_count': 313, 'listed_count': 39, 'created_at': 'Mon Dec 22 22:30:59 +0000 2014', 'favourites_count': 27003, 'utc_offset': None, 'time_zone': None, 'geo_enabled': True, 'verified': True, 'statuses_count': 3025, 'lang': None, 'contributors_enabled': False, 'is_translator': False, 'is_translation_enabled': False, 'profile_background_color': '000000', 'profile_background_image_url': 'http://abs.twimg.com/images/themes/theme1/bg.png', 'profile_background_image_url_https': 'https://abs.twimg.com/images/themes/theme1/bg.png', 'profile_background_tile': False, 'profile_image_url': 'http://pbs.twimg.com/profile_images/1521555601205207041/qvFe6KfX_normal.jpg', 'profile_image_url_https': 'https://pbs.twimg.com/profile_images/1521555601205207041/qvFe6KfX_normal.jpg', 'profile_banner_url': 'https://pbs.twimg.com/profile_banners/2939998182/1636054850', 'profile_link_color': '1B95E0', 'profile_sidebar_border_color': '000000', 'profile_sidebar_fill_color': '000000', 'profile_text_color': '000000', 'profile_use_background_image': False, 'has_extended_profile': True, 'default_profile': False, 'default_profile_image': False, 'following': False, 'follow_request_sent': False, 'notifications': False, 'translator_type': 'none', 'withheld_in_countries': []}",,,,,True,1.5897588330222797e+18,1.5897588330222797e+18,"{'created_at': 'Mon Nov 07 23:16:56 +0000 2022', 'id': 1589758833022279680, 'id_str': '1589758833022279680', 'text': ""The AL's top skippers. https://t.co/Qxc2jWhbF0"", 'truncated': False, 'entities': {'hashtags': [], 'symbols': [], 'user_mentions': [], 'urls': [], 'media': [{'id': 1589757647213019141, 'id_str': '1589757647213019141', 'indices': [23, 46], 'media_url': 'http://pbs.twimg.com/media/Fg_0KEEXwAUdcIk.jpg', 'media_url_https': 'https://pbs.twimg.com/media/Fg_0KEEXwAUdcIk.jpg', 'url': 'https://t.co/Qxc2jWhbF0', 'display_url': 'pic.twitter.com/Qxc2jWhbF0', 'expanded_url': 'https://twitter.com/MLB/status/1589758833022279680/photo/1', 'type': 'photo', 'sizes': {'thumb': {'w': 150, 'h': 150, 'resize': 'crop'}, 'small': {'w': 544, 'h': 680, 'resize': 'fit'}, 'medium': {'w': 960, 'h': 1200, 'resize': 'fit'}, 'large': {'w': 1638, 'h': 2048, 'resize': 'fit'}}}]}, 'extended_entities': {'media': [{'id': 1589757647213019141, 'id_str': '1589757647213019141', 'indices': [23, 46], 'media_url': 'http://pbs.twimg.com/media/Fg_0KEEXwAUdcIk.jpg', 'media_url_https': 'https://pbs.twimg.com/media/Fg_0KEEXwAUdcIk.jpg', 'url': 'https://t.co/Qxc2jWhbF0', 'display_url': 'pic.twitter.com/Qxc2jWhbF0', 'expanded_url': 'https://twitter.com/MLB/status/1589758833022279680/photo/1', 'type': 'photo', 'sizes': {'thumb': {'w': 150, 'h': 150, 'resize': 'crop'}, 'small': {'w': 544, 'h': 680, 'resize': 'fit'}, 'medium': {'w': 960, 'h': 1200, 'resize': 'fit'}, 'large': {'w': 1638, 'h': 2048, 'resize': 'fit'}}}]}, 'source': '<a href=""https://mobile.twitter.com"" rel=""nofollow"">Twitter Web App</a>', 'in_reply_to_status_id': None, 'in_reply_to_status_id_str': None, 'in_reply_to_user_id': None, 'in_reply_to_user_id_str': None, 'in_reply_to_screen_name': None, 'user': {'id': 18479513, 'id_str': '18479513', 'name': 'MLB', 'screen_name': 'MLB', 'location': '', 'description': 'The official Twitter of Major League Baseball ⚾', 'url': 'https://t.co/hQ0D47eHQL', 'entities': {'url': {'urls': [{'url': 'https://t.co/hQ0D47eHQL', 'expanded_url': 'https://linktr.ee/mlb', 'display_url': 'linktr.ee/mlb', 'indices': [0, 23]}]}, 'description': {'urls': []}}, 'protected': False, 'followers_count': 10450660, 'friends_count': 4071, 'listed_count': 33292, 'created_at': 'Tue Dec 30 15:39:32 +0000 2008', 'favourites_count': 32460, 'utc_offset': None, 'time_zone': None, 'geo_enabled': True, 'verified': True, 'statuses_count': 213324, 'lang': None, 'contributors_enabled': False, 'is_translator': False, 'is_translation_enabled': True, 'profile_background_color': '022330', 'profile_background_image_url': 'http://abs.twimg.com/images/themes/theme1/bg.png', 'profile_background_image_url_https': 'https://abs.twimg.com/images/themes/theme1/bg.png', 'profile_background_tile': False, 'profile_image_url': 'http://pbs.twimg.com/profile_images/1587242824185028610/9DS7OQ2Y_normal.jpg', 'profile_image_url_https': 'https://pbs.twimg.com/profile_images/1587242824185028610/9DS7OQ2Y_normal.jpg', 'profile_banner_url': 'https://pbs.twimg.com/profile_banners/18479513/1667705443', 'profile_link_color': '0084B4', 'profile_sidebar_border_color': 'FFFFFF', 'profile_sidebar_fill_color': 'DDFFCC', 'profile_text_color': '333333', 'profile_use_background_image': True, 'has_extended_profile': False, 'default_profile': False, 'default_profile_image': False, 'following': False, 'follow_request_sent': False, 'notifications': False, 'translator_type': 'regular', 'withheld_in_countries': []}, 'geo': None, 'coordinates': None, 'place': None, 'contributors': None, 'is_quote_status': False, 'retweet_count': 451, 'favorite_count': 5778, 'favorited': False, 'retweeted': False, 'possibly_sensitive': False, 'lang': 'en'}",6,143,False,False,False,en,[],[],[],"[{'url': 'https://t.co/p4PccbEAVE', 'expanded_url': 'https://twitter.com/mlb/status/1589758833022279680', 'display_url': 'twitter.com/mlb/status/158…', 'indices': [15, 38]}]",0,0,0,1,2939998182
3082871337,human,Thu Nov 10 17:41:44 +0000 2022,1590761637853933568,1590761637853933568,Now speaking @UZH_ch: Prof. Dr. @wmarybeard on whether classics have a future. #History https://t.co/86NOGKSoIC,False,"{'hashtags': [{'text': 'History', 'indices': [79, 87]}], 'symbols': [], 'user_mentions': [{'screen_name': 'UZH_ch', 'name': 'Universität Zürich', 'id': 384753474, 'id_str': '384753474', 'indices': [13, 20]}, {'screen_name': 'wmarybeard', 'name': 'mary beard', 'id': 230025585, 'id_str': '230025585', 'indices': [32, 43]}], 'urls': [], 'media': [{'id': 1590761634074693639, 'id_str': '1590761634074693639', 'indices': [88, 111], 'media_url': 'http://pbs.twimg.com/media/FhOFRylXkAcOEeT.jpg', 'media_url_https': 'https://pbs.twimg.com/media/FhOFRylXkAcOEeT.jpg', 'url': 'https://t.co/86NOGKSoIC', 'display_url': 'pic.twitter.com/86NOGKSoIC', 'expanded_url': 'https://twitter.com/phillipstroebel/status/1590761637853933568/photo/1', 'type': 'photo', 'sizes': {'thumb': {'w': 150, 'h': 150, 'resize': 'crop'}, 'large': {'w': 1536, 'h': 2048, 'resize': 'fit'}, 'medium': {'w': 900, 'h': 1200, 'resize': 'fit'}, 'small': {'w': 510, 'h': 680, 'resize': 'fit'}}}]}","<a href=""http://twitter.com/download/android"" rel=""nofollow"">Twitter for Android</a>",,,,,,"{'id': 3082871337, 'id_str': '3082871337', 'name': 'Phillip Ströbel 🇺🇦', 'screen_name': 'phillipstroebel', 'location': 'Winterthur, Switzerland', 'description': 'PhD student @cl_uzh | @ImpressoProject |  https://t.co/hPAZZTyzPr | Alumni Fellow @ethliblab | Referee @SwissIceHockey | 🟢 | 🍽️', 'url': None, 'entities': {'description': {'urls': [{'url': 'https://t.co/hPAZZTyzPr', 'expanded_url': 'http://www.bullinger-digital.ch', 'display_url': 'bullinger-digital.ch', 'indices': [42, 65]}]}}, 'protected': False, 'followers_count': 290, 'friends_count': 311, 'listed_count': 13, 'created_at': 'Tue Mar 10 01:07:59 +0000 2015', 'favourites_count': 569, 'utc_offset': None, 'time_zone': None, 'geo_enabled': True, 'verified': False, 'statuses_count': 550, 'lang': None, 'contributors_enabled': False, 'is_translator': False, 'is_translation_enabled': False, 'profile_background_color': '000000', 'profile_background_image_url': 'http://abs.twimg.com/images/themes/theme1/bg.png', 'profile_background_image_url_https': 'https://abs.twimg.com/images/themes/theme1/bg.png', 'profile_background_tile': False, 'profile_image_url': 'http://pbs.twimg.com/profile_images/1222832137075941376/xb3X9IZ-_normal.jpg', 'profile_image_url_https': 'https://pbs.twimg.com/profile_images/1222832137075941376/xb3X9IZ-_normal.jpg', 'profile_banner_url': 'https://pbs.twimg.com/profile_banners/3082871337/1632512061', 'profile_link_color': '4A913C', 'profile_sidebar_border_color': '000000', 'profile_sidebar_fill_color': '000000', 'profile_text_color': '000000', 'profile_use_background_image': False, 'has_extended_profile': True, 'default_profile': False, 'default_profile_image': False, 'following': False, 'follow_request_sent': False, 'notifications': False, 'translator_type': 'none', 'withheld_in_countries': []}",,,,,False,,,,0,1,False,False,False,en,"[{'text': 'History', 'indices': [79, 87]}]",[],"[{'screen_name': 'UZH_ch', 'name': 'Universität Zürich', 'id': 384753474, 'id_str': '384753474', 'indices': [13, 20]}, {'screen_name': 'wmarybeard', 'name': 'mary beard', 'id': 230025585, 'id_str': '230025585', 'indices': [32, 43]}]",[],1,0,2,0,3082871337
2502990367,human,Sun Nov 06 00:31:57 +0000 2022,1589052935152943105,1589052935152943105,@PedroLulaMota Vou mais longe... Acho que pelo menos 50% dos investidores do brasil não sabem o que é ima-b,False,"{'hashtags': [], 'symbols': [], 'user_mentions': [{'screen_name': 'PedroLulaMota', 'name': 'Pedro Mota', 'id': 107806128, 'id_str': '107806128', 'indices': [0, 14]}], 'urls': []}","<a href=""http://twitter.com/download/android"" rel=""nofollow"">Twitter for Android</a>",1.589026866169774e+18,1.589026866169774e+18,107806128.0,107806128.0,PedroLulaMota,"{'id': 2502990367, 'id_str': '2502990367', 'name': 'Arthur Angelici', 'screen_name': 'arthurangelici', 'location': '', 'description': 'Engenheiro e cientista de dados, fascinado em inteligência artificial e inovação, tentando superar o ibovespa', 'url': None, 'entities': {'description': {'urls': []}}, 'protected': False, 'followers_count': 116, 'friends_count': 801, 'listed_count': 2, 'created_at': 'Sun May 18 01:17:11 +0000 2014', 'favourites_count': 10651, 'utc_offset': None, 'time_zone': None, 'geo_enabled': True, 'verified': False, 'statuses_count': 1437, 'lang': None, 'contributors_enabled': False, 'is_translator': False, 'is_translation_enabled': False, 'profile_background_color': 'C0DEED', 'profile_background_image_url': 'http://abs.twimg.com/images/themes/theme1/bg.png', 'profile_background_image_url_https': 'https://abs.twimg.com/images/themes/theme1/bg.png', 'profile_background_tile': False, 'profile_image_url': 'http://pbs.twimg.com/profile_images/1038142665190195207/Q-flud-x_normal.jpg', 'profile_image_url_https': 'https://pbs.twimg.com/profile_images/1038142665190195207/Q-flud-x_normal.jpg', 'profile_link_color': '1DA1F2', 'profile_sidebar_border_color': 'C0DEED', 'profile_sidebar_fill_color': 'DDEEF6', 'profile_text_color': '333333', 'profile_use_background_image': True, 'has_extended_profile': True, 'default_profile': True, 'default_profile_image': False, 'following': False, 'follow_request_sent': False, 'notifications': False, 'translator_type': 'none', 'withheld_in_countries': []}",,,,,False,,,,0,4,False,False,,pt,[],[],"[{'screen_name': 'PedroLulaMota', 'name': 'Pedro Mota', 'id': 107806128, 'id_str': '107806128', 'indices': [0, 14]}]",[],0,0,1,0,2502990367
310784514,bot,Tue Nov 08 09:51:11 +0000 2022,1589918444467912709,1589918444467912709,"@baapofchart Nasir bhai I joined 325 on 30th Oct but couldn’t join live session due to sickness, can I get a refund? @baapofchart",False,"{'hashtags': [], 'symbols': [], 'user_mentions': [{'screen_name': 'baapofchart', 'name': 'Md Nasir', 'id': 1256226828546686977, 'id_str': '1256226828546686977', 'indices': [0, 12]}, {'screen_name': 'baapofchart', 'name': 'Md Nasir', 'id': 1256226828546686977, 'id_str': '1256226828546686977', 'indices': [117, 129]}], 'urls': []}","<a href=""http://twitter.com/download/iphone"" rel=""nofollow"">Twitter for iPhone</a>",1.589874713446486e+18,1.589874713446486e+18,1.256226828546687e+18,1.256226828546687e+18,baapofchart,"{'id': 310784514, 'id_str': '310784514', 'name': 'Voiceofshubham', 'screen_name': 'BorhadeShubham', 'location': 'India', 'description': '', 'url': None, 'entities': {'description': {'urls': []}}, 'protected': False, 'followers_count': 10, 'friends_count': 2, 'listed_count': 0, 'created_at': 'Sat Jun 04 10:26:37 +0000 2011', 'favourites_count': 22, 'utc_offset': None, 'time_zone': None, 'geo_enabled': False, 'verified': False, 'statuses_count': 20, 'lang': None, 'contributors_enabled': False, 'is_translator': False, 'is_translation_enabled': False, 'profile_background_color': 'C0DEED', 'profile_background_image_url': 'http://abs.twimg.com/images/themes/theme1/bg.png', 'profile_background_image_url_https': 'https://abs.twimg.com/images/themes/theme1/bg.png', 'profile_background_tile': False, 'profile_image_url': 'http://pbs.twimg.com/profile_images/1494757915479085059/VcWjcV0p_normal.jpg', 'profile_image_url_https': 'https://pbs.twimg.com/profile_images/1494757915479085059/VcWjcV0p_normal.jpg', 'profile_link_color': '1DA1F2', 'profile_sidebar_border_color': 'C0DEED', 'profile_sidebar_fill_color': 'DDEEF6', 'profile_text_color': '333333', 'profile_use_background_image': True, 'has_extended_profile': False, 'default_profile': True, 'default_profile_image': False, 'following': False, 'follow_request_sent': False, 'notifications': False, 'translator_type': 'none', 'withheld_in_countries': []}",,,,,False,,,,0,0,False,False,,en,[],[],"[{'screen_name': 'baapofchart', 'name': 'Md Nasir', 'id': 1256226828546686977, 'id_str': '1256226828546686977', 'indices': [0, 12]}, {'screen_name': 'baapofchart', 'name': 'Md Nasir', 'id': 1256226828546686977, 'id_str': '1256226828546686977', 'indices': [117, 129]}]",[],0,0,2,0,310784514
162535413,human,Thu Nov 10 23:55:50 +0000 2022,1590855783092482049,1590855783092482049,"When I advise students and colleagues on the ""industry vs. academia"" choice, I almost always start with the fact th… https://t.co/crOYrJcRwv",True,"{'hashtags': [], 'symbols': [], 'user_mentions': [], 'urls': [{'url': 'https://t.co/crOYrJcRwv', 'expanded_url': 'https://twitter.com/i/web/status/1590855783092482049', 'display_url': 'twitter.com/i/web/status/1…', 'indices': [117, 140]}]}","<a href=""https://mobile.twitter.com"" rel=""nofollow"">Twitter Web App</a>",1.59085578188032e+18,1.59085578188032e+18,162535413.0,162535413.0,bradleyvoytek,"{'id': 162535413, 'id_str': '162535413', 'name': 'Brad Voytek', 'screen_name': 'bradleyvoytek', 'location': 'San Diego, CA', 'description': '""Second rate"", ""undeniably heretical"" neuro/data science professor @UCSanDiego / @HDSIUCSD. Board @DataScienceAll1. @neuromatch exec. Not a Polish bear. 🧟❤️🧠', 'url': 'https://t.co/krzZi9dCG7', 'entities': {'url': {'urls': [{'url': 'https://t.co/krzZi9dCG7', 'expanded_url': 'http://voyteklab.com/', 'display_url': 'voyteklab.com', 'indices': [0, 23]}]}, 'description': {'urls': []}}, 'protected': False, 'followers_count': 17994, 'friends_count': 903, 'listed_count': 785, 'created_at': 'Sat Jul 03 23:59:35 +0000 2010', 'favourites_count': 10188, 'utc_offset': None, 'time_zone': None, 'geo_enabled': True, 'verified': True, 'statuses_count': 2892, 'lang': None, 'contributors_enabled': False, 'is_translator': False, 'is_translation_enabled': False, 'profile_background_color': 'C6E2EE', 'profile_background_image_url': 'http://abs.twimg.com/images/themes/theme2/bg.gif', 'profile_background_image_url_https': 'https://abs.twimg.com/images/themes/theme2/bg.gif', 'profile_background_tile': False, 'profile_image_url': 'http://pbs.twimg.com/profile_images/1246518901325758464/SK643v9G_normal.jpg', 'profile_image_url_https': 'https://pbs.twimg.com/profile_images/1246518901325758464/SK643v9G_normal.jpg', 'profile_banner_url': 'https://pbs.twimg.com/profile_banners/162535413/1660720405', 'profile_link_color': '4A3803', 'profile_sidebar_border_color': 'C6E2EE', 'profile_sidebar_fill_color': 'DAECF4', 'profile_text_color': '663B12', 'profile_use_background_image': True, 'has_extended_profile': True, 'default_profile': False, 'default_profile_image': False, 'following': False, 'follow_request_sent': False, 'notifications': False, 'translator_type': 'none', 'withheld_in_countries': []}",,,,,False,,,,2,34,False,False,,en,[],[],[],"[{'url': 'https://t.co/crOYrJcRwv', 'expanded_url': 'https://twitter.com/i/web/status/1590855783092482049', 'display_url': 'twitter.com/i/web/status/1…', 'indices': [117, 140]}]",0,0,0,1,162535413
1004440668763230210,human,Tue Jul 31 16:27:18 +0000 2018,1024330673673433089,1024330673673433089,"أبعد عنك عاطفتك المفرطة 😔
توقف عن كثرة العتاب، لا تطلب من أحدهم الوقوف بجانبك أو البقاء معك ، كن شخص مكتفي بذاته عن… https://t.co/LsnekuKBKp",True,"{'hashtags': [], 'symbols': [], 'user_mentions': [], 'urls': [{'url': 'https://t.co/LsnekuKBKp', 'expanded_url': 'https://twitter.com/i/web/status/1024330673673433089', 'display_url': 'twitter.com/i/web/status/1…', 'indices': [117, 140]}]}","<a href=""http://twitter.com/download/android"" rel=""nofollow"">Twitter for Android</a>",,,,,,"{'id': 1004440668763230210, 'id_str': '1004440668763230210', 'name': 'Alhassan', 'screen_name': 'Alhassa13553164', 'location': 'El Qaliobia, Egypt', 'description': '', 'url': 'https://t.co/yuALOjMusA', 'entities': {'url': {'urls': [{'url': 'https://t.co/yuALOjMusA', 'expanded_url': 'https://www.facebook.com/profile.php?id=100005950653630', 'display_url': 'facebook.com/profile.php?id…', 'indices': [0, 23]}]}, 'description': {'urls': []}}, 'protected': False, 'followers_count': 58, 'friends_count': 136, 'listed_count': 0, 'created_at': 'Wed Jun 06 19:11:31 +0000 2018', 'favourites_count': 22, 'utc_offset': None, 'time_zone': None, 'geo_enabled': False, 'verified': False, 'statuses_count': 8, 'lang': None, 'contributors_enabled': False, 'is_translator': False, 'is_translation_enabled': False, 'profile_background_color': 'F5F8FA', 'profile_background_image_url': None, 'profile_background_image_url_https': None, 'profile_background_tile': False, 'profile_image_url': 'http://pbs.twimg.com/profile_images/1457749694772355081/-QLZp80W_normal.jpg', 'profile_image_url_https': 'https://pbs.twimg.com/profile_images/1457749694772355081/-QLZp80W_normal.jpg', 'profile_banner_url': 'https://pbs.twimg.com/profile_banners/1004440668763230210/1636389927', 'profile_link_color': '1DA1F2', 'profile_sidebar_border_color': 'C0DEED', 'profile_sidebar_fill_color': 'DDEEF6', 'profile_text_color': '333333', 'profile_use_background_image': True, 'has_extended_profile': True, 'default_profile': True, 'default_profile_image': False, 'following': False, 'follow_request_sent': False, 'notifications': False, 'translator_type': 'none', 'withheld_in_countries': []}",,,,,False,,,,0,1,False,False,,ar,[],[],[],"[{'url': 'https://t.co/LsnekuKBKp', 'expanded_url': 'https://twitter.com/i/web/status/1024330673673433089', 'display_url': 'twitter.com/i/web/status/1…', 'indices': [117, 140]}]",0,0,0,1,1004440668763230210
368644797,human,Thu Nov 10 05:17:12 +0000 2022,1590574273869287424,1590574273869287424,I'll be genuinely extremely sad if this really is the Titanic approaching the iceberg. This pandemic PhD found real… https://t.co/LOTIm3a6FA,True,"{'hashtags': [], 'symbols': [], 'user_mentions': [], 'urls': [{'url': 'https://t.co/LOTIm3a6FA', 'expanded_url': 'https://twitter.com/i/web/status/1590574273869287424', 'display_url': 'twitter.com/i/web/status/1…', 'indices': [117, 140]}]}","<a href=""https://mobile.twitter.com"" rel=""nofollow"">Twitter Web App</a>",,,,,,"{'id': 368644797, 'id_str': '368644797', 'name': 'Emily is wearing a mask', 'screen_name': 'emtseng', 'location': 'Brooklyn, NY', 'description': 'PhDing @cornellcis | data, privacy & power in caring infrastructures | text-as-data, design-as-provocation | grad @princeton | she/her', 'url': 'https://t.co/3s2TZs85Ez', 'entities': {'url': {'urls': [{'url': 'https://t.co/3s2TZs85Ez', 'expanded_url': 'http://emtseng.me', 'display_url': 'emtseng.me', 'indices': [0, 23]}]}, 'description': {'urls': []}}, 'protected': False, 'followers_count': 2045, 'friends_count': 1517, 'listed_count': 58, 'created_at': 'Tue Sep 06 00:15:18 +0000 2011', 'favourites_count': 23380, 'utc_offset': None, 'time_zone': None, 'geo_enabled': False, 'verified': False, 'statuses_count': 1943, 'lang': None, 'contributors_enabled': False, 'is_translator': False, 'is_translation_enabled': False, 'profile_background_color': 'C0DEED', 'profile_background_image_url': 'http://abs.twimg.com/images/themes/theme1/bg.png', 'profile_background_image_url_https': 'https://abs.twimg.com/images/themes/theme1/bg.png', 'profile_background_tile': False, 'profile_image_url': 'http://pbs.twimg.com/profile_images/1101922480988524545/14AVKFdK_normal.png', 'profile_image_url_https': 'https://pbs.twimg.com/profile_images/1101922480988524545/14AVKFdK_normal.png', 'profile_link_color': '18661E', 'profile_sidebar_border_color': 'FFFFFF', 'profile_sidebar_fill_color': 'DDEEF6', 'profile_text_color': '333333', 'profile_use_background_image': False, 'has_extended_profile': False, 'default_profile': False, 'default_profile_image': False, 'following': False, 'follow_request_sent': False, 'notifications': False, 'translator_type': 'none', 'withheld_in_countries': []}",,,,,False,,,,0,19,False,False,,en,[],[],[],"[{'url': 'https://t.co/LOTIm3a6FA', 'expanded_url': 'https://twitter.com/i/web/status/1590574273869287424', 'display_url': 'twitter.com/i/web/status/1…', 'indices': [117, 140]}]",0,0,0,1,368644797
2543789822,human,Fri Nov 11 15:47:39 +0000 2022,1591095318795296768,1591095318795296768,"#Thesandbox ve #Decentraland dahil olmak üzere önde gelen #Web3 markalarından oluşan “Konsorsiyum #DAO”, #meta veri… https://t.co/rG90IAy2LK",True,"{'hashtags': [{'text': 'Thesandbox', 'indices': [0, 11]}, {'text': 'Decentraland', 'indices': [15, 28]}, {'text': 'Web3', 'indices': [58, 63]}, {'text': 'DAO', 'indices': [98, 102]}, {'text': 'meta', 'indices': [105, 110]}], 'symbols': [], 'user_mentions': [], 'urls': [{'url': 'https://t.co/rG90IAy2LK', 'expanded_url': 'https://twitter.com/i/web/status/1591095318795296768', 'display_url': 'twitter.com/i/web/status/1…', 'indices': [117, 140]}]}","<a href=""http://twitter.com/download/android"" rel=""nofollow"">Twitter for Android</a>",,,,,,"{'id': 2543789822, 'id_str': '2543789822', 'name': 'Crypto Zeybek', 'screen_name': 'CryptoZeybek', 'location': '', 'description': 'Araştır, Öğren, Kazan. #Crypto #BTC #ETH #ALTIN #DOLAR', 'url': None, 'entities': {'description': {'urls': []}}, 'protected': False, 'followers_count': 113806, 'friends_count': 301, 'listed_count': 50, 'created_at': 'Tue Jun 03 15:42:27 +0000 2014', 'favourites_count': 36356, 'utc_offset': None, 'time_zone': None, 'geo_enabled': False, 'verified': False, 'statuses_count': 17252, 'lang': None, 'contributors_enabled': False, 'is_translator': False, 'is_translation_enabled': False, 'profile_background_color': 'C0DEED', 'profile_background_image_url': 'http://abs.twimg.com/images/themes/theme1/bg.png', 'profile_background_image_url_https': 'https://abs.twimg.com/images/themes/theme1/bg.png', 'profile_background_tile': True, 'profile_image_url': 'http://pbs.twimg.com/profile_images/1461024024620896260/2wNYW55Y_normal.jpg', 'profile_image_url_https': 'https://pbs.twimg.com/profile_images/1461024024620896260/2wNYW55Y_normal.jpg', 'profile_banner_url': 'https://pbs.twimg.com/profile_banners/2543789822/1637018551', 'profile_link_color': '0084B4', 'profile_sidebar_border_color': 'FFFFFF', 'profile_sidebar_fill_color': 'DDEEF6', 'profile_text_color': '333333', 'profile_use_background_image': True, 'has_extended_profile': False, 'default_profile': False, 'default_profile_image': False, 'following': False, 'follow_request_sent': False, 'notifications': False, 'translator_type': 'none', 'withheld_in_countries': []}",,,,,False,,,,26,116,False,False,False,tr,"[{'text': 'Thesandbox', 'indices': [0, 11]}, {'text': 'Decentraland', 'indices': [15, 28]}, {'text': 'Web3', 'indices': [58, 63]}, {'text': 'DAO', 'indices': [98, 102]}, {'text': 'meta', 'indices': [105, 110]}]",[],[],"[{'url': 'https://t.co/rG90IAy2LK', 'expanded_url': 'https://twitter.com/i/web/status/1591095318795296768', 'display_url': 'twitter.com/i/web/status/1…', 'indices': [117, 140]}]",5,0,0,1,2543789822
13678962,human,Fri Nov 11 14:40:05 +0000 2022,1591078313774051330,1591078313774051330,Interim Superintendent Anthony Mays plans to finish out the current semester with Austin ISD before starting with A… https://t.co/NvUvTO0OCp,True,"{'hashtags': [], 'symbols': [], 'user_mentions': [], 'urls': [{'url': 'https://t.co/NvUvTO0OCp', 'expanded_url': 'https://twitter.com/i/web/status/1591078313774051330', 'display_url': 'twitter.com/i/web/status/1…', 'indices': [117, 140]}]}","<a href=""https://www.later.com"" rel=""nofollow"">LaterMedia</a>",,,,,,"{'id': 13678962, 'id_str': '13678962', 'name': 'KUT Austin', 'screen_name': 'KUT', 'location': 'Austin, Texas', 'description': ""Austin's NPR station. A community supported public media newsroom sharing news and information on-air at 90.5 FM & online. Support us at https://t.co/Qh13edL8IU"", 'url': 'https://t.co/O6iDGk9iSW', 'entities': {'url': {'urls': [{'url': 'https://t.co/O6iDGk9iSW', 'expanded_url': 'http://kut.org', 'display_url': 'kut.org', 'indices': [0, 23]}]}, 'description': {'urls': [{'url': 'https://t.co/Qh13edL8IU', 'expanded_url': 'http://Donate.KUT.org', 'display_url': 'Donate.KUT.org', 'indices': [137, 160]}]}}, 'protected': False, 'followers_count': 111070, 'friends_count': 1821, 'listed_count': 2150, 'created_at': 'Tue Feb 19 16:52:57 +0000 2008', 'favourites_count': 4257, 'utc_offset': None, 'time_zone': None, 'geo_enabled': True, 'verified': True, 'statuses_count': 56804, 'lang': None, 'contributors_enabled': False, 'is_translator': False, 'is_translation_enabled': False, 'profile_background_color': 'FFFFFF', 'profile_background_image_url': 'http://abs.twimg.com/images/themes/theme1/bg.png', 'profile_background_image_url_https': 'https://abs.twimg.com/images/themes/theme1/bg.png', 'profile_background_tile': False, 'profile_image_url': 'http://pbs.twimg.com/profile_images/887021634447593472/izX6zx3o_normal.jpg', 'profile_image_url_https': 'https://pbs.twimg.com/profile_images/887021634447593472/izX6zx3o_normal.jpg', 'profile_banner_url': 'https://pbs.twimg.com/profile_banners/13678962/1583859032', 'profile_link_color': '00AEEF', 'profile_sidebar_border_color': 'FFFFFF', 'profile_sidebar_fill_color': 'B1B735', 'profile_text_color': 'EF4124', 'profile_use_background_image': True, 'has_extended_profile': False, 'default_profile': False, 'default_profile_image': False, 'following': False, 'follow_request_sent': False, 'notifications': False, 'translator_type': 'none', 'withheld_in_countries': []}",,,,,False,,,,0,1,False,False,False,en,[],[],[],"[{'url': 'https://t.co/NvUvTO0OCp', 'expanded_url': 'https://twitter.com/i/web/status/1591078313774051330', 'display_url': 'twitter.com/i/web/status/1…', 'indices': [117, 140]}]",0,0,0,1,13678962
4939401,human,Sun Nov 06 22:14:56 +0000 2022,1589380840144134144,1589380840144134144,@ruparel_amit @levelsio @stripe @Media Pretty high,False,"{'hashtags': [], 'symbols': [], 'user_mentions': [{'screen_name': 'ruparel_amit', 'name': 'Amit Ruparel', 'id': 2907668796, 'id_str': '2907668796', 'indices': [0, 13]}, {'screen_name': 'levelsio', 'name': '@levelsio', 'id': 1577241403, 'id_str': '1577241403', 'indices': [14, 23]}, {'screen_name': 'stripe', 'name': 'Stripe', 'id': 102812444, 'id_str': '102812444', 'indices': [24, 31]}, {'screen_name': 'Media', 'name': '🎅', 'id': 980642661169328128, 'id_str': '980642661169328128', 'indices': [32, 38]}], 'urls': []}","<a href=""https://mobile.twitter.com"" rel=""nofollow"">Twitter Web App</a>",1.589378196956672e+18,1.589378196956672e+18,2907668796.0,2907668796.0,ruparel_amit,"{'id': 4939401, 'id_str': '4939401', 'name': 'Patrick Collison', 'screen_name': 'patrickc', 'location': 'patrick@stripe.com', 'description': 'Fallibilist, optimist. Stripe CEO. 🇮🇪', 'url': 'https://t.co/6iOvWjKwGj', 'entities': {'url': {'urls': [{'url': 'https://t.co/6iOvWjKwGj', 'expanded_url': 'http://patrickcollison.com', 'display_url': 'patrickcollison.com', 'indices': [0, 23]}]}, 'description': {'urls': []}}, 'protected': False, 'followers_count': 382672, 'friends_count': 30, 'listed_count': 5186, 'created_at': 'Tue Apr 17 01:46:27 +0000 2007', 'favourites_count': 25475, 'utc_offset': None, 'time_zone': None, 'geo_enabled': False, 'verified': True, 'statuses_count': 9056, 'lang': None, 'contributors_enabled': False, 'is_translator': False, 'is_translation_enabled': False, 'profile_background_color': '9AE4E8', 'profile_background_image_url': 'http://abs.twimg.com/images/themes/theme16/bg.gif', 'profile_background_image_url_https': 'https://abs.twimg.com/images/themes/theme16/bg.gif', 'profile_background_tile': False, 'profile_image_url': 'http://pbs.twimg.com/profile_images/825622525342199809/_iAaSUQf_normal.jpg', 'profile_image_url_https': 'https://pbs.twimg.com/profile_images/825622525342199809/_iAaSUQf_normal.jpg', 'profile_banner_url': 'https://pbs.twimg.com/profile_banners/4939401/1621360905', 'profile_link_color': '0084B4', 'profile_sidebar_border_color': 'BDDCAD', 'profile_sidebar_fill_color': 'DDFFCC', 'profile_text_color': '333333', 'profile_use_background_image': True, 'has_extended_profile': False, 'default_profile': False, 'default_profile_image': False, 'following': False, 'follow_request_sent': False, 'notifications': False, 'translator_type': 'none', 'withheld_in_countries': []}",,,,,False,,,,0,14,False,False,,en,[],[],"[{'screen_name': 'ruparel_amit', 'name': 'Amit Ruparel', 'id': 2907668796, 'id_str': '2907668796', 'indices': [0, 13]}, {'screen_name': 'levelsio', 'name': '@levelsio', 'id': 1577241403, 'id_str': '1577241403', 'indices': [14, 23]}, {'screen_name': 'stripe', 'name': 'Stripe', 'id': 102812444, 'id_str': '102812444', 'indices': [24, 31]}, {'screen_name': 'Media', 'name': '🎅', 'id': 980642661169328128, 'id_str': '980642661169328128', 'indices': [32, 38]}]",[],0,0,4,0,4939401
1369074723896786948,human,Sat Aug 13 20:03:11 +0000 2022,1558544715003285504,1558544715003285504,@0xdapper_ @danoctavian_ @bantg @0xFrame MetaMask security isn’t great,False,"{'hashtags': [], 'symbols': [], 'user_mentions': [{'screen_name': '0xdapper_', 'name': '0xdapper', 'id': 1461228364216213506, 'id_str': '1461228364216213506', 'indices': [0, 10]}, {'screen_name': 'danoctavian_', 'name': 'Dan Octavian 🏴\u200d☠️', 'id': 2896786754, 'id_str': '2896786754', 'indices': [11, 24]}, {'screen_name': 'bantg', 'name': 'banteg', 'id': 108172903, 'id_str': '108172903', 'indices': [25, 31]}, {'screen_name': '0xFrame', 'name': 'frame.eth is hiring', 'id': 1012915601591980032, 'id_str': '1012915601591980032', 'indices': [32, 40]}], 'urls': []}","<a href=""http://twitter.com/download/iphone"" rel=""nofollow"">Twitter for iPhone</a>",1.558430050092925e+18,1.558430050092925e+18,1.4612283642162135e+18,1.4612283642162135e+18,0xdapper_,"{'id': 1369074723896786948, 'id_str': '1369074723896786948', 'name': 'Taraz | Aurox', 'screen_name': 'taraz_aurox', 'location': '', 'description': 'co founder @getaurox. \nfirst true gas-less web3 wallet\n$URUS', 'url': None, 'entities': {'description': {'urls': []}}, 'protected': False, 'followers_count': 1245, 'friends_count': 193, 'listed_count': 8, 'created_at': 'Mon Mar 08 23:57:11 +0000 2021', 'favourites_count': 173, 'utc_offset': None, 'time_zone': None, 'geo_enabled': False, 'verified': False, 'statuses_count': 171, 'lang': None, 'contributors_enabled': False, 'is_translator': False, 'is_translation_enabled': False, 'profile_background_color': 'F5F8FA', 'profile_background_image_url': None, 'profile_background_image_url_https': None, 'profile_background_tile': False, 'profile_image_url': 'http://pbs.twimg.com/profile_images/1369078437508386817/BfZFvIzM_normal.jpg', 'profile_image_url_https': 'https://pbs.twimg.com/profile_images/1369078437508386817/BfZFvIzM_normal.jpg', 'profile_link_color': '1DA1F2', 'profile_sidebar_border_color': 'C0DEED', 'profile_sidebar_fill_color': 'DDEEF6', 'profile_text_color': '333333', 'profile_use_background_image': True, 'has_extended_profile': True, 'default_profile': True, 'default_profile_image': False, 'following': False, 'follow_request_sent': False, 'notifications': False, 'translator_type': 'none', 'withheld_in_countries': []}",,,,,False,,,,0,0,False,False,,en,[],[],"[{'screen_name': '0xdapper_', 'name': '0xdapper', 'id': 1461228364216213506, 'id_str': '1461228364216213506', 'indices': [0, 10]}, {'screen_name': 'danoctavian_', 'name': 'Dan Octavian 🏴\u200d☠️', 'id': 2896786754, 'id_str': '2896786754', 'indices': [11, 24]}, {'screen_name': 'bantg', 'name': 'banteg', 'id': 108172903, 'id_str': '108172903', 'indices': [25, 31]}, {'screen_name': '0xFrame', 'name': 'frame.eth is hiring', 'id': 1012915601591980032, 'id_str': '1012915601591980032', 'indices': [32, 40]}]",[],0,0,4,0,1369074723896786948
18890724,human,Tue Aug 31 02:29:47 +0000 2021,1432531029407907841,1432531029407907841,"Probably a bad idea to put my speargun in with my banjo as a carryon for an international flight, huh?",False,"{'hashtags': [], 'symbols': [], 'user_mentions': [], 'urls': []}","<a href=""http://twitter.com/download/android"" rel=""nofollow"">Twitter for Android</a>",,,,,,"{'id': 18890724, 'id_str': '18890724', 'name': 'Nora MaHa', 'screen_name': 'NoraMartinHall', 'location': 'Laniakea Supercluster', 'description': 'painter/illustrator/fabricator. art gallery digital director and amateur banjoist.\n\nhttps://t.co/KxPkK2CPCC', 'url': 'https://t.co/yYZxI4WzLl', 'entities': {'url': {'urls': [{'url': 'https://t.co/yYZxI4WzLl', 'expanded_url': 'http://noramartinhall.com', 'display_url': 'noramartinhall.com', 'indices': [0, 23]}]}, 'description': {'urls': [{'url': 'https://t.co/KxPkK2CPCC', 'expanded_url': 'http://instagram.com/noramaha', 'display_url': 'instagram.com/noramaha', 'indices': [84, 107]}]}}, 'protected': False, 'followers_count': 705, 'friends_count': 379, 'listed_count': 12, 'created_at': 'Mon Jan 12 04:02:15 +0000 2009', 'favourites_count': 6630, 'utc_offset': None, 'time_zone': None, 'geo_enabled': True, 'verified': False, 'statuses_count': 6512, 'lang': None, 'contributors_enabled': False, 'is_translator': False, 'is_translation_enabled': False, 'profile_background_color': '1A1B1F', 'profile_background_image_url': 'http://abs.twimg.com/images/themes/theme1/bg.png', 'profile_background_image_url_https': 'https://abs.twimg.com/images/themes/theme1/bg.png', 'profile_background_tile': True, 'profile_image_url': 'http://pbs.twimg.com/profile_images/1391562928172589057/W-2HYv2p_normal.jpg', 'profile_image_url_https': 'https://pbs.twimg.com/profile_images/1391562928172589057/W-2HYv2p_normal.jpg', 'profile_banner_url': 'https://pbs.twimg.com/profile_banners/18890724/1620609428', 'profile_link_color': '2FC2EF', 'profile_sidebar_border_color': '181A1E', 'profile_sidebar_fill_color': '252429', 'profile_text_color': '666666', 'profile_use_background_image': True, 'has_extended_profile': False, 'default_profile': False, 'default_profile_image': False, 'following': False, 'follow_request_sent': False, 'notifications': False, 'translator_type': 'none', 'withheld_in_countries': []}",,,,,False,,,,0,4,False,False,,en,[],[],[],[],0,0,0,0,18890724
118009649,human,Fri Nov 11 16:14:37 +0000 2022,1591102105112039425,1591102105112039425,"Since the campaign started. Tinubu has not been seen in public with anyone who he’s not paying. 

Atiku has not spo… https://t.co/naRKozcQkw",True,"{'hashtags': [], 'symbols': [], 'user_mentions': [], 'urls': [{'url': 'https://t.co/naRKozcQkw', 'expanded_url': 'https://twitter.com/i/web/status/1591102105112039425', 'display_url': 'twitter.com/i/web/status/1…', 'indices': [117, 140]}]}","<a href=""http://twitter.com/download/iphone"" rel=""nofollow"">Twitter for iPhone</a>",,,,,,"{'id': 118009649, 'id_str': '118009649', 'name': 'Remi', 'screen_name': 'adesphur', 'location': 'United States', 'description': '6ft7 medic on a sojourn. Omo Jesu. The Arsenal. Good and simple conversationalist. Humanism. a grateful person.', 'url': None, 'entities': {'description': {'urls': []}}, 'protected': False, 'followers_count': 1110, 'friends_count': 1016, 'listed_count': 1, 'created_at': 'Sat Feb 27 09:08:56 +0000 2010', 'favourites_count': 8297, 'utc_offset': None, 'time_zone': None, 'geo_enabled': True, 'verified': False, 'statuses_count': 16471, 'lang': None, 'contributors_enabled': False, 'is_translator': False, 'is_translation_enabled': False, 'profile_background_color': 'C0DEED', 'profile_background_image_url': 'http://abs.twimg.com/images/themes/theme1/bg.png', 'profile_background_image_url_https': 'https://abs.twimg.com/images/themes/theme1/bg.png', 'profile_background_tile': False, 'profile_image_url': 'http://pbs.twimg.com/profile_images/1573070698196738056/mXrscOWs_normal.jpg', 'profile_image_url_https': 'https://pbs.twimg.com/profile_images/1573070698196738056/mXrscOWs_normal.jpg', 'profile_banner_url': 'https://pbs.twimg.com/profile_banners/118009649/1663884267', 'profile_link_color': '0084B4', 'profile_sidebar_border_color': 'FFFFFF', 'profile_sidebar_fill_color': 'DDEEF6', 'profile_text_color': '333333', 'profile_use_background_image': True, 'has_extended_profile': True, 'default_profile': False, 'default_profile_image': False, 'following': False, 'follow_request_sent': False, 'notifications': False, 'translator_type': 'none', 'withheld_in_countries': []}",,,,,False,,,,0,0,False,False,,en,[],[],[],"[{'url': 'https://t.co/naRKozcQkw', 'expanded_url': 'https://twitter.com/i/web/status/1591102105112039425', 'display_url': 'twitter.com/i/web/status/1…', 'indices': [117, 140]}]",0,0,0,1,118009649
1863061536,human,Thu Oct 06 12:53:52 +0000 2022,1578005622464847872,1578005622464847872,Presenting our project on rapid invisible frequency tagging to study audiovisual integration today at #snl2022 ! Co… https://t.co/D41mRKvqZY,True,"{'hashtags': [{'text': 'snl2022', 'indices': [102, 110]}], 'symbols': [], 'user_mentions': [], 'urls': [{'url': 'https://t.co/D41mRKvqZY', 'expanded_url': 'https://twitter.com/i/web/status/1578005622464847872', 'display_url': 'twitter.com/i/web/status/1…', 'indices': [117, 140]}]}","<a href=""http://twitter.com/download/iphone"" rel=""nofollow"">Twitter for iPhone</a>",,,,,,"{'id': 1863061536, 'id_str': '1863061536', 'name': 'Noor Seijdel', 'screen_name': 'noorseijdel', 'location': 'Amsterdam, Nederland', 'description': 'Postdoc @combrainlab @MPI_NL | PhD from @UvA_Amsterdam |\nperception | computer vision | reading | audiovisual integration during communication', 'url': 'https://t.co/qOhXEwbLd2', 'entities': {'url': {'urls': [{'url': 'https://t.co/qOhXEwbLd2', 'expanded_url': 'http://noorseijdel.com', 'display_url': 'noorseijdel.com', 'indices': [0, 23]}]}, 'description': {'urls': []}}, 'protected': False, 'followers_count': 418, 'friends_count': 885, 'listed_count': 1, 'created_at': 'Sat Sep 14 08:18:14 +0000 2013', 'favourites_count': 973, 'utc_offset': None, 'time_zone': None, 'geo_enabled': False, 'verified': False, 'statuses_count': 123, 'lang': None, 'contributors_enabled': False, 'is_translator': False, 'is_translation_enabled': False, 'profile_background_color': '000000', 'profile_background_image_url': 'http://abs.twimg.com/images/themes/theme1/bg.png', 'profile_background_image_url_https': 'https://abs.twimg.com/images/themes/theme1/bg.png', 'profile_background_tile': False, 'profile_image_url': 'http://pbs.twimg.com/profile_images/1014431075681144832/rOOTFP5E_normal.jpg', 'profile_image_url_https': 'https://pbs.twimg.com/profile_images/1014431075681144832/rOOTFP5E_normal.jpg', 'profile_link_color': '19CF86', 'profile_sidebar_border_color': '000000', 'profile_sidebar_fill_color': '000000', 'profile_text_color': '000000', 'profile_use_background_image': False, 'has_extended_profile': False, 'default_profile': False, 'default_profile_image': False, 'following': False, 'follow_request_sent': False, 'notifications': False, 'translator_type': 'none', 'withheld_in_countries': []}",,,,,False,,,,4,26,False,False,False,en,"[{'text': 'snl2022', 'indices': [102, 110]}]",[],[],"[{'url': 'https://t.co/D41mRKvqZY', 'expanded_url': 'https://twitter.com/i/web/status/1578005622464847872', 'display_url': 'twitter.com/i/web/status/1…', 'indices': [117, 140]}]",1,0,0,1,1863061536
1268970866085441543,human,Mon Nov 07 14:28:42 +0000 2022,1589625898944196609,1589625898944196609,"There’s still time to get to Mechanisms of RV Cardiomyopathy! S101A

#AHA22 @AHAScience https://t.co/Rq6rHmZKkQ",False,"{'hashtags': [{'text': 'AHA22', 'indices': [69, 75]}], 'symbols': [], 'user_mentions': [{'screen_name': 'AHAScience', 'name': 'AHA Science', 'id': 19596228, 'id_str': '19596228', 'indices': [76, 87]}], 'urls': [], 'media': [{'id': 1589625890320908288, 'id_str': '1589625890320908288', 'indices': [88, 111], 'media_url': 'http://pbs.twimg.com/media/Fg98UzZXgAA_rJF.jpg', 'media_url_https': 'https://pbs.twimg.com/media/Fg98UzZXgAA_rJF.jpg', 'url': 'https://t.co/Rq6rHmZKkQ', 'display_url': 'pic.twitter.com/Rq6rHmZKkQ', 'expanded_url': 'https://twitter.com/Jess4genes/status/1589625898944196609/photo/1', 'type': 'photo', 'sizes': {'large': {'w': 2048, 'h': 1388, 'resize': 'fit'}, 'thumb': {'w': 150, 'h': 150, 'resize': 'crop'}, 'medium': {'w': 1200, 'h': 813, 'resize': 'fit'}, 'small': {'w': 680, 'h': 461, 'resize': 'fit'}}}]}","<a href=""http://twitter.com/download/iphone"" rel=""nofollow"">Twitter for iPhone</a>",,,,,,"{'id': 1268970866085441543, 'id_str': '1268970866085441543', 'name': 'Jessica Pfleger', 'screen_name': 'Jess4genes', 'location': 'Roanoke, VA', 'description': 'Assistant Professor in the Center for Heart and Vascular Research at the Fralin Biomedical Research Institute at Virginia Tech Carilion', 'url': 'https://t.co/G1enISvi4D', 'entities': {'url': {'urls': [{'url': 'https://t.co/G1enISvi4D', 'expanded_url': 'https://fbri.vtc.vt.edu/research/labs/pfleger.html', 'display_url': 'fbri.vtc.vt.edu/research/labs/…', 'indices': [0, 23]}]}, 'description': {'urls': []}}, 'protected': False, 'followers_count': 540, 'friends_count': 473, 'listed_count': 5, 'created_at': 'Fri Jun 05 18:20:29 +0000 2020', 'favourites_count': 562, 'utc_offset': None, 'time_zone': None, 'geo_enabled': False, 'verified': False, 'statuses_count': 244, 'lang': None, 'contributors_enabled': False, 'is_translator': False, 'is_translation_enabled': False, 'profile_background_color': 'F5F8FA', 'profile_background_image_url': None, 'profile_background_image_url_https': None, 'profile_background_tile': False, 'profile_image_url': 'http://pbs.twimg.com/profile_images/1429790958145712135/7RrJ7-7-_normal.jpg', 'profile_image_url_https': 'https://pbs.twimg.com/profile_images/1429790958145712135/7RrJ7-7-_normal.jpg', 'profile_banner_url': 'https://pbs.twimg.com/profile_banners/1268970866085441543/1591385194', 'profile_link_color': '1DA1F2', 'profile_sidebar_border_color': 'C0DEED', 'profile_sidebar_fill_color': 'DDEEF6', 'profile_text_color': '333333', 'profile_use_background_image': True, 'has_extended_profile': True, 'default_profile': True, 'default_profile_image': False, 'following': False, 'follow_request_sent': False, 'notifications': False, 'translator_type': 'none', 'withheld_in_countries': []}",,,,,False,,,,1,16,False,False,False,en,"[{'text': 'AHA22', 'indices': [69, 75]}]",[],"[{'screen_name': 'AHAScience', 'name': 'AHA Science', 'id': 19596228, 'id_str': '19596228', 'indices': [76, 87]}]",[],1,0,1,0,1268970866085441543
788533935886077952,human,Tue Nov 08 07:00:28 +0000 2022,1589875483441004545,1589875483441004545,@andrewgwils @MilesCranmer @PatrickKidger may have useful comments on Julia vs python/Jax especially for numerical computing…,False,"{'hashtags': [], 'symbols': [], 'user_mentions': [{'screen_name': 'andrewgwils', 'name': 'Andrew Gordon Wilson', 'id': 2800204849, 'id_str': '2800204849', 'indices': [0, 12]}, {'screen_name': 'MilesCranmer', 'name': 'Miles Cranmer', 'id': 382008009, 'id_str': '382008009', 'indices': [13, 26]}, {'screen_name': 'PatrickKidger', 'name': 'Patrick Kidger', 'id': 1288452767376445440, 'id_str': '1288452767376445440', 'indices': [27, 41]}], 'urls': []}","<a href=""http://twitter.com/#!/download/ipad"" rel=""nofollow"">Twitter for iPad</a>",1.5898750278473073e+18,1.5898750278473073e+18,7.88533935886078e+17,7.88533935886078e+17,sirbayes,"{'id': 788533935886077952, 'id_str': '788533935886077952', 'name': 'Kevin Patrick Murphy', 'screen_name': 'sirbayes', 'location': '', 'description': 'Research Scientist at Google Brain. Interested in Bayesian ML. You can also find me on mastodon at @sirbayes@sigmoid.social', 'url': 'https://t.co/VrW1AqJM9P', 'entities': {'url': {'urls': [{'url': 'https://t.co/VrW1AqJM9P', 'expanded_url': 'https://www.cs.ubc.ca/~murphyk/', 'display_url': 'cs.ubc.ca/~murphyk/', 'indices': [0, 23]}]}, 'description': {'urls': []}}, 'protected': False, 'followers_count': 19049, 'friends_count': 138, 'listed_count': 158, 'created_at': 'Wed Oct 19 00:15:15 +0000 2016', 'favourites_count': 984, 'utc_offset': None, 'time_zone': None, 'geo_enabled': False, 'verified': False, 'statuses_count': 223, 'lang': None, 'contributors_enabled': False, 'is_translator': False, 'is_translation_enabled': False, 'profile_background_color': 'F5F8FA', 'profile_background_image_url': None, 'profile_background_image_url_https': None, 'profile_background_tile': False, 'profile_image_url': 'http://pbs.twimg.com/profile_images/1346948649603846145/eFBHivR2_normal.jpg', 'profile_image_url_https': 'https://pbs.twimg.com/profile_images/1346948649603846145/eFBHivR2_normal.jpg', 'profile_link_color': '1DA1F2', 'profile_sidebar_border_color': 'C0DEED', 'profile_sidebar_fill_color': 'DDEEF6', 'profile_text_color': '333333', 'profile_use_background_image': True, 'has_extended_profile': False, 'default_profile': True, 'default_profile_image': False, 'following': False, 'follow_request_sent': False, 'notifications': False, 'translator_type': 'none', 'withheld_in_countries': []}",,,,,False,,,,0,2,False,False,,en,[],[],"[{'screen_name': 'andrewgwils', 'name': 'Andrew Gordon Wilson', 'id': 2800204849, 'id_str': '2800204849', 'indices': [0, 12]}, {'screen_name': 'MilesCranmer', 'name': 'Miles Cranmer', 'id': 382008009, 'id_str': '382008009', 'indices': [13, 26]}, {'screen_name': 'PatrickKidger', 'name': 'Patrick Kidger', 'id': 1288452767376445440, 'id_str': '1288452767376445440', 'indices': [27, 41]}]",[],0,0,3,0,788533935886077952
806609267985891328,human,Sun Jul 17 02:36:42 +0000 2022,1548496886226530304,1548496886226530304,"@coybarker That is a verse Jesus said it was about Him. He is Messiah, Savior, Almighty God accept Him today. You c… https://t.co/2sdJDpOU4c",True,"{'hashtags': [], 'symbols': [], 'user_mentions': [{'screen_name': 'coybarker', 'name': 'Dr. Coy Barker', 'id': 20480901, 'id_str': '20480901', 'indices': [0, 10]}], 'urls': [{'url': 'https://t.co/2sdJDpOU4c', 'expanded_url': 'https://twitter.com/i/web/status/1548496886226530304', 'display_url': 'twitter.com/i/web/status/1…', 'indices': [117, 140]}]}","<a href=""http://twitter.com/download/android"" rel=""nofollow"">Twitter for Android</a>",1.5483081633418527e+18,1.5483081633418527e+18,20480901.0,20480901.0,coybarker,"{'id': 806609267985891328, 'id_str': '806609267985891328', 'name': 'RDCSS', 'screen_name': 'rdcssScottsboro', 'location': 'Scottsboro, AL', 'description': 'RDCSS is shorthand for R&D Computer Solutions, based in Scottsboro, AL. We do computer repair, networking, troubleshooting, upgrades, set up, web hosting, etc.', 'url': None, 'entities': {'description': {'urls': []}}, 'protected': False, 'followers_count': 11, 'friends_count': 19, 'listed_count': 0, 'created_at': 'Wed Dec 07 21:20:10 +0000 2016', 'favourites_count': 28, 'utc_offset': None, 'time_zone': None, 'geo_enabled': False, 'verified': False, 'statuses_count': 26, 'lang': None, 'contributors_enabled': False, 'is_translator': False, 'is_translation_enabled': False, 'profile_background_color': 'F5F8FA', 'profile_background_image_url': None, 'profile_background_image_url_https': None, 'profile_background_tile': False, 'profile_image_url': 'http://pbs.twimg.com/profile_images/1247576956025081856/yJLiSkmI_normal.jpg', 'profile_image_url_https': 'https://pbs.twimg.com/profile_images/1247576956025081856/yJLiSkmI_normal.jpg', 'profile_banner_url': 'https://pbs.twimg.com/profile_banners/806609267985891328/1586408591', 'profile_link_color': '1DA1F2', 'profile_sidebar_border_color': 'C0DEED', 'profile_sidebar_fill_color': 'DDEEF6', 'profile_text_color': '333333', 'profile_use_background_image': True, 'has_extended_profile': True, 'default_profile': True, 'default_profile_image': False, 'following': False, 'follow_request_sent': False, 'notifications': False, 'translator_type': 'none', 'withheld_in_countries': []}",,,,,False,,,,0,0,False,False,,en,[],[],"[{'screen_name': 'coybarker', 'name': 'Dr. Coy Barker', 'id': 20480901, 'id_str': '20480901', 'indices': [0, 10]}]","[{'url': 'https://t.co/2sdJDpOU4c', 'expanded_url': 'https://twitter.com/i/web/status/1548496886226530304', 'display_url': 'twitter.com/i/web/status/1…', 'indices': [117, 140]}]",0,0,1,1,806609267985891328
757327643826094080,human,Fri Nov 11 14:36:18 +0000 2022,1591077361055064064,1591077361055064064,"Great talk by @DennieDeclercq about colors and a11y at #BuildStuffConf!

Thank you Dennie https://t.co/hR2UjArnHS",False,"{'hashtags': [{'text': 'BuildStuffConf', 'indices': [55, 70]}], 'symbols': [], 'user_mentions': [{'screen_name': 'DennieDeclercq', 'name': '🦋🦋Dennie Declercq [MVP] 🦋❤', 'id': 245510693, 'id_str': '245510693', 'indices': [14, 29]}], 'urls': [], 'media': [{'id': 1591077358173298688, 'id_str': '1591077358173298688', 'indices': [90, 113], 'media_url': 'http://pbs.twimg.com/media/FhSkbWgWIAA5woF.jpg', 'media_url_https': 'https://pbs.twimg.com/media/FhSkbWgWIAA5woF.jpg', 'url': 'https://t.co/hR2UjArnHS', 'display_url': 'pic.twitter.com/hR2UjArnHS', 'expanded_url': 'https://twitter.com/BatsouElef/status/1591077361055064064/photo/1', 'type': 'photo', 'sizes': {'thumb': {'w': 150, 'h': 150, 'resize': 'crop'}, 'small': {'w': 680, 'h': 510, 'resize': 'fit'}, 'large': {'w': 2048, 'h': 1536, 'resize': 'fit'}, 'medium': {'w': 1200, 'h': 900, 'resize': 'fit'}}}]}","<a href=""http://twitter.com/download/android"" rel=""nofollow"">Twitter for Android</a>",,,,,,"{'id': 757327643826094080, 'id_str': '757327643826094080', 'name': 'Eleftheria Batsou', 'screen_name': 'BatsouElef', 'location': 'topmate.io/eleftheriabatsou', 'description': '💼 Lead Community Manager at @hashnode\n💻 Developer | UXer\n🎤 Public Speaker\n📹 Youtuber\n🇬🇷 Greek', 'url': 'https://t.co/aLtOMuoAZG', 'entities': {'url': {'urls': [{'url': 'https://t.co/aLtOMuoAZG', 'expanded_url': 'https://linktr.ee/eleftheriabatsou', 'display_url': 'linktr.ee/eleftheriabats…', 'indices': [0, 23]}]}, 'description': {'urls': []}}, 'protected': False, 'followers_count': 35677, 'friends_count': 625, 'listed_count': 341, 'created_at': 'Sun Jul 24 21:32:35 +0000 2016', 'favourites_count': 79978, 'utc_offset': None, 'time_zone': None, 'geo_enabled': True, 'verified': False, 'statuses_count': 25681, 'lang': None, 'contributors_enabled': False, 'is_translator': False, 'is_translation_enabled': False, 'profile_background_color': '000000', 'profile_background_image_url': 'http://abs.twimg.com/images/themes/theme1/bg.png', 'profile_background_image_url_https': 'https://abs.twimg.com/images/themes/theme1/bg.png', 'profile_background_tile': False, 'profile_image_url': 'http://pbs.twimg.com/profile_images/1478258494100938755/_nJrSQTx_normal.jpg', 'profile_image_url_https': 'https://pbs.twimg.com/profile_images/1478258494100938755/_nJrSQTx_normal.jpg', 'profile_banner_url': 'https://pbs.twimg.com/profile_banners/757327643826094080/1646562746', 'profile_link_color': 'FAB81E', 'profile_sidebar_border_color': '000000', 'profile_sidebar_fill_color': '000000', 'profile_text_color': '000000', 'profile_use_background_image': False, 'has_extended_profile': True, 'default_profile': False, 'default_profile_image': False, 'following': False, 'follow_request_sent': False, 'notifications': False, 'translator_type': 'none', 'withheld_in_countries': []}",,,"{'id': '01cce83d8638e5f7', 'url': 'https://api.twitter.com/1.1/geo/id/01cce83d8638e5f7.json', 'place_type': 'city', 'name': 'Vilnius', 'full_name': 'Vilnius, Lithuania', 'country_code': 'LT', 'country': 'Lithuania', 'contained_within': [], 'bounding_box': {'type': 'Polygon', 'coordinates': [[[25.0245985, 54.5689032], [25.48146, 54.5689032], [25.48146, 54.8322118], [25.0245985, 54.8322118]]]}, 'attributes': {}}",,False,,,,1,5,False,False,False,en,"[{'text': 'BuildStuffConf', 'indices': [55, 70]}]",[],"[{'screen_name': 'DennieDeclercq', 'name': '🦋🦋Dennie Declercq [MVP] 🦋❤', 'id': 245510693, 'id_str': '245510693', 'indices': [14, 29]}]",[],1,0,1,0,757327643826094080
9604032,human,Thu Nov 10 22:57:47 +0000 2022,1590841174574497792,1590841174574497792,"E esse programa maravilhoso só podia terminar com um musical maravilhoso ✨ @periclesfaria e @GustavoPMioto cantam ""… https://t.co/vlVLcMvgWV",True,"{'hashtags': [], 'symbols': [], 'user_mentions': [{'screen_name': 'periclesfaria', 'name': 'Péricles Faria', 'id': 83207164, 'id_str': '83207164', 'indices': [75, 89]}, {'screen_name': 'GustavoPMioto', 'name': 'Gustavo Mioto', 'id': 165983070, 'id_str': '165983070', 'indices': [92, 106]}], 'urls': [{'url': 'https://t.co/vlVLcMvgWV', 'expanded_url': 'https://twitter.com/i/web/status/1590841174574497792', 'display_url': 'twitter.com/i/web/status/1…', 'indices': [117, 140]}]}","<a href=""https://www.twitter.com/"" rel=""nofollow"">Twitter Media Studio - LiveCut</a>",,,,,,"{'id': 9604032, 'id_str': '9604032', 'name': 'Multishow', 'screen_name': 'multishow', 'location': '', 'description': 'A gente se diverte :)', 'url': 'https://t.co/oFp7id5yFM', 'entities': {'url': {'urls': [{'url': 'https://t.co/oFp7id5yFM', 'expanded_url': 'http://www.multishow.com.br', 'display_url': 'multishow.com.br', 'indices': [0, 23]}]}, 'description': {'urls': []}}, 'protected': False, 'followers_count': 7334313, 'friends_count': 450, 'listed_count': 4431, 'created_at': 'Mon Oct 22 19:08:06 +0000 2007', 'favourites_count': 23243, 'utc_offset': None, 'time_zone': None, 'geo_enabled': True, 'verified': True, 'statuses_count': 360708, 'lang': None, 'contributors_enabled': False, 'is_translator': False, 'is_translation_enabled': False, 'profile_background_color': '7461A3', 'profile_background_image_url': 'http://abs.twimg.com/images/themes/theme1/bg.png', 'profile_background_image_url_https': 'https://abs.twimg.com/images/themes/theme1/bg.png', 'profile_background_tile': False, 'profile_image_url': 'http://pbs.twimg.com/profile_images/1573407614498529285/o2s7tduj_normal.jpg', 'profile_image_url_https': 'https://pbs.twimg.com/profile_images/1573407614498529285/o2s7tduj_normal.jpg', 'profile_banner_url': 'https://pbs.twimg.com/profile_banners/9604032/1666812466', 'profile_link_color': '981CEB', 'profile_sidebar_border_color': 'FFFFFF', 'profile_sidebar_fill_color': 'FCFCFC', 'profile_text_color': '383838', 'profile_use_background_image': True, 'has_extended_profile': True, 'default_profile': False, 'default_profile_image': False, 'following': False, 'follow_request_sent': False, 'notifications': False, 'translator_type': 'none', 'withheld_in_countries': []}",,,,,False,,,,27,157,False,False,False,pt,[],[],"[{'screen_name': 'periclesfaria', 'name': 'Péricles Faria', 'id': 83207164, 'id_str': '83207164', 'indices': [75, 89]}, {'screen_name': 'GustavoPMioto', 'name': 'Gustavo Mioto', 'id': 165983070, 'id_str': '165983070', 'indices': [92, 106]}]","[{'url': 'https://t.co/vlVLcMvgWV', 'expanded_url': 'https://twitter.com/i/web/status/1590841174574497792', 'display_url': 'twitter.com/i/web/status/1…', 'indices': [117, 140]}]",0,0,2,1,9604032
16834046,human,Fri Nov 11 14:03:02 +0000 2022,1591068989949607937,1591068989949607937,We were honored to have five-time Grammy Award-winning musician and activist @angeliquekidjo perform and share her… https://t.co/JPx0AheVo4,True,"{'hashtags': [], 'symbols': [], 'user_mentions': [{'screen_name': 'angeliquekidjo', 'name': 'Angelique Kidjo', 'id': 70703740, 'id_str': '70703740', 'indices': [77, 92]}], 'urls': [{'url': 'https://t.co/JPx0AheVo4', 'expanded_url': 'https://twitter.com/i/web/status/1591068989949607937', 'display_url': 'twitter.com/i/web/status/1…', 'indices': [116, 139]}]}","<a href=""https://www.meltwater.com/"" rel=""nofollow"">Meltwater Social</a>",,,,,,"{'id': 16834046, 'id_str': '16834046', 'name': 'CARE (care.org)', 'screen_name': 'CARE', 'location': 'Atlanta, GA, USA', 'description': 'CARE works to save lives, defeat poverty, and achieve social justice by putting women and girls in the center. Creator of the original CARE Package®.', 'url': 'https://t.co/O3Ota2jksl', 'entities': {'url': {'urls': [{'url': 'https://t.co/O3Ota2jksl', 'expanded_url': 'https://www.care.org', 'display_url': 'care.org', 'indices': [0, 23]}]}, 'description': {'urls': []}}, 'protected': False, 'followers_count': 1232799, 'friends_count': 2124, 'listed_count': 6643, 'created_at': 'Sat Oct 18 01:35:47 +0000 2008', 'favourites_count': 10813, 'utc_offset': None, 'time_zone': None, 'geo_enabled': True, 'verified': True, 'statuses_count': 38061, 'lang': None, 'contributors_enabled': False, 'is_translator': False, 'is_translation_enabled': True, 'profile_background_color': 'FCEFCC', 'profile_background_image_url': 'http://abs.twimg.com/images/themes/theme5/bg.gif', 'profile_background_image_url_https': 'https://abs.twimg.com/images/themes/theme5/bg.gif', 'profile_background_tile': False, 'profile_image_url': 'http://pbs.twimg.com/profile_images/1501565644092936193/SefiCXEl_normal.jpg', 'profile_image_url_https': 'https://pbs.twimg.com/profile_images/1501565644092936193/SefiCXEl_normal.jpg', 'profile_banner_url': 'https://pbs.twimg.com/profile_banners/16834046/1660839676', 'profile_link_color': '2D1414', 'profile_sidebar_border_color': 'FFFFFF', 'profile_sidebar_fill_color': 'EEEEEE', 'profile_text_color': '000000', 'profile_use_background_image': False, 'has_extended_profile': True, 'default_profile': False, 'default_profile_image': False, 'following': False, 'follow_request_sent': False, 'notifications': False, 'translator_type': 'none', 'withheld_in_countries': []}",,,,,False,,,,5,12,False,False,False,en,[],[],"[{'screen_name': 'angeliquekidjo', 'name': 'Angelique Kidjo', 'id': 70703740, 'id_str': '70703740', 'indices': [77, 92]}]","[{'url': 'https://t.co/JPx0AheVo4', 'expanded_url': 'https://twitter.com/i/web/status/1591068989949607937', 'display_url': 'twitter.com/i/web/status/1…', 'indices': [116, 139]}]",0,0,1,1,16834046
735984245806661632,human,Thu Nov 10 13:23:02 +0000 2022,1590696536773922817,1590696536773922817,"Riemann Hypothesis partially solved?
https://t.co/FlltKesDAM",False,"{'hashtags': [], 'symbols': [], 'user_mentions': [], 'urls': [{'url': 'https://t.co/FlltKesDAM', 'expanded_url': 'https://pandaily.com/mathematician-yitang-zhang-confirms-partial-solution-to-riemann-hypothesis/', 'display_url': 'pandaily.com/mathematician-…', 'indices': [37, 60]}]}","<a href=""http://twitter.com/download/android"" rel=""nofollow"">Twitter for Android</a>",,,,,,"{'id': 735984245806661632, 'id_str': '735984245806661632', 'name': 'Hubert Misztela', 'screen_name': 'hubert_misztela', 'location': 'Dublin, Ireland', 'description': 'AI Researcher - working on GNNs and generative models for drug design. \nCausal & Predictive Analytics at @Novartis.\nEx-cryptographer.', 'url': None, 'entities': {'description': {'urls': []}}, 'protected': False, 'followers_count': 102, 'friends_count': 473, 'listed_count': 1, 'created_at': 'Fri May 27 00:01:32 +0000 2016', 'favourites_count': 2709, 'utc_offset': None, 'time_zone': None, 'geo_enabled': False, 'verified': False, 'statuses_count': 1211, 'lang': None, 'contributors_enabled': False, 'is_translator': False, 'is_translation_enabled': False, 'profile_background_color': 'F5F8FA', 'profile_background_image_url': None, 'profile_background_image_url_https': None, 'profile_background_tile': False, 'profile_image_url': 'http://pbs.twimg.com/profile_images/907353965804781568/T9TIGceC_normal.jpg', 'profile_image_url_https': 'https://pbs.twimg.com/profile_images/907353965804781568/T9TIGceC_normal.jpg', 'profile_banner_url': 'https://pbs.twimg.com/profile_banners/735984245806661632/1616760471', 'profile_link_color': '1DA1F2', 'profile_sidebar_border_color': 'C0DEED', 'profile_sidebar_fill_color': 'DDEEF6', 'profile_text_color': '333333', 'profile_use_background_image': True, 'has_extended_profile': False, 'default_profile': True, 'default_profile_image': False, 'following': False, 'follow_request_sent': False, 'notifications': False, 'translator_type': 'none', 'withheld_in_countries': []}",,,,,False,,,,0,1,False,False,False,en,[],[],[],"[{'url': 'https://t.co/FlltKesDAM', 'expanded_url': 'https://pandaily.com/mathematician-yitang-zhang-confirms-partial-solution-to-riemann-hypothesis/', 'display_url': 'pandaily.com/mathematician-…', 'indices': [37, 60]}]",0,0,0,1,735984245806661632
1536500138,human,Thu Nov 10 16:34:12 +0000 2022,1590744645075554309,1590744645075554309,We shall reject this both in parliament and public. Now this is the real state capture and 2027 Elections. What is… https://t.co/z7NdpdXLhh,True,"{'hashtags': [], 'symbols': [], 'user_mentions': [], 'urls': [{'url': 'https://t.co/z7NdpdXLhh', 'expanded_url': 'https://twitter.com/i/web/status/1590744645075554309', 'display_url': 'twitter.com/i/web/status/1…', 'indices': [116, 139]}]}","<a href=""http://twitter.com/download/iphone"" rel=""nofollow"">Twitter for iPhone</a>",,,,,,"{'id': 1536500138, 'id_str': '1536500138', 'name': 'JUNET MOHAMED, CBS', 'screen_name': 'JunetMohamed', 'location': 'Nairobi, Kenya', 'description': 'Husband || Dad || House Minority Whip - @NAssemblyKe || MP ~ Suna East || Sec Gen #Azimio || Director of Elections - @TheODMParty. #Inawezekana', 'url': 'https://t.co/u6OkQAArII', 'entities': {'url': {'urls': [{'url': 'https://t.co/u6OkQAArII', 'expanded_url': 'http://odm.co.ke', 'display_url': 'odm.co.ke', 'indices': [0, 23]}]}, 'description': {'urls': []}}, 'protected': False, 'followers_count': 925017, 'friends_count': 186, 'listed_count': 178, 'created_at': 'Fri Jun 21 13:15:03 +0000 2013', 'favourites_count': 1945, 'utc_offset': None, 'time_zone': None, 'geo_enabled': True, 'verified': True, 'statuses_count': 4224, 'lang': None, 'contributors_enabled': False, 'is_translator': False, 'is_translation_enabled': False, 'profile_background_color': '000000', 'profile_background_image_url': 'http://abs.twimg.com/images/themes/theme1/bg.png', 'profile_background_image_url_https': 'https://abs.twimg.com/images/themes/theme1/bg.png', 'profile_background_tile': False, 'profile_image_url': 'http://pbs.twimg.com/profile_images/1553664298567827457/93z0Wh5N_normal.jpg', 'profile_image_url_https': 'https://pbs.twimg.com/profile_images/1553664298567827457/93z0Wh5N_normal.jpg', 'profile_banner_url': 'https://pbs.twimg.com/profile_banners/1536500138/1525679158', 'profile_link_color': 'DD2E44', 'profile_sidebar_border_color': '000000', 'profile_sidebar_fill_color': '000000', 'profile_text_color': '000000', 'profile_use_background_image': False, 'has_extended_profile': False, 'default_profile': False, 'default_profile_image': False, 'following': False, 'follow_request_sent': False, 'notifications': False, 'translator_type': 'none', 'withheld_in_countries': []}",,,,,False,,,,138,916,False,False,False,en,[],[],[],"[{'url': 'https://t.co/z7NdpdXLhh', 'expanded_url': 'https://twitter.com/i/web/status/1590744645075554309', 'display_url': 'twitter.com/i/web/status/1…', 'indices': [116, 139]}]",0,0,0,1,1536500138
2577886615,bot,Fri Nov 11 12:29:49 +0000 2022,1591045532767514625,1591045532767514625,@FarooqAhmedX Yup!,False,"{'hashtags': [], 'symbols': [], 'user_mentions': [{'screen_name': 'FarooqAhmedX', 'name': 'Farooq Ahmed', 'id': 451158591, 'id_str': '451158591', 'indices': [0, 13]}], 'urls': []}","<a href=""http://twitter.com/download/android"" rel=""nofollow"">Twitter for Android</a>",1.59088855741329e+18,1.59088855741329e+18,451158591.0,451158591.0,FarooqAhmedX,"{'id': 2577886615, 'id_str': '2577886615', 'name': 'Tone Vays', 'screen_name': 'ToneVays', 'location': 'Global', 'description': 'Former Wall Street Quant w/ MS in Financial Engineering, Derivatives Trader & Financial Educator. Founder of @FinSummit, @Unconfiscatable & @UnderstandBit', 'url': 'https://t.co/BVeoaqegVu', 'entities': {'url': {'urls': [{'url': 'https://t.co/BVeoaqegVu', 'expanded_url': 'https://YouTube.com/ToneVays', 'display_url': 'YouTube.com/ToneVays', 'indices': [0, 23]}]}, 'description': {'urls': []}}, 'protected': False, 'followers_count': 291268, 'friends_count': 1338, 'listed_count': 4696, 'created_at': 'Fri Jun 20 02:28:08 +0000 2014', 'favourites_count': 40133, 'utc_offset': None, 'time_zone': None, 'geo_enabled': True, 'verified': True, 'statuses_count': 25571, 'lang': None, 'contributors_enabled': False, 'is_translator': False, 'is_translation_enabled': False, 'profile_background_color': '1A1B1F', 'profile_background_image_url': 'http://abs.twimg.com/images/themes/theme9/bg.gif', 'profile_background_image_url_https': 'https://abs.twimg.com/images/themes/theme9/bg.gif', 'profile_background_tile': False, 'profile_image_url': 'http://pbs.twimg.com/profile_images/1416821178266787844/T1OkI9ZW_normal.jpg', 'profile_image_url_https': 'https://pbs.twimg.com/profile_images/1416821178266787844/T1OkI9ZW_normal.jpg', 'profile_banner_url': 'https://pbs.twimg.com/profile_banners/2577886615/1660058363', 'profile_link_color': '2FC2EF', 'profile_sidebar_border_color': '181A1E', 'profile_sidebar_fill_color': '252429', 'profile_text_color': '666666', 'profile_use_background_image': True, 'has_extended_profile': False, 'default_profile': False, 'default_profile_image': False, 'following': False, 'follow_request_sent': False, 'notifications': False, 'translator_type': 'none', 'withheld_in_countries': []}",,,,,False,,,,0,2,False,False,,und,[],[],"[{'screen_name': 'FarooqAhmedX', 'name': 'Farooq Ahmed', 'id': 451158591, 'id_str': '451158591', 'indices': [0, 13]}]",[],0,0,1,0,2577886615
1425141260256301059,human,Thu Sep 01 16:48:17 +0000 2022,1565381039043665920,1565381039043665920,"Excellent coverage in @WIRED of the work we've been doing, and the ongoing struggle with Google Scholar for name ch… https://t.co/LVV5Of6d9j",True,"{'hashtags': [], 'symbols': [], 'user_mentions': [{'screen_name': 'WIRED', 'name': 'WIRED', 'id': 1344951, 'id_str': '1344951', 'indices': [22, 28]}], 'urls': [{'url': 'https://t.co/LVV5Of6d9j', 'expanded_url': 'https://twitter.com/i/web/status/1565381039043665920', 'display_url': 'twitter.com/i/web/status/1…', 'indices': [117, 140]}]}","<a href=""http://twitter.com/download/android"" rel=""nofollow"">Twitter for Android</a>",,,,,,"{'id': 1425141260256301059, 'id_str': '1425141260256301059', 'name': 'Name Change Policy Working Group', 'screen_name': 'ncpwg_org', 'location': '', 'description': 'The official twitter of the NCPWG. We support authors seeking to correct their names on past work and consult with publishers on inclusive name change polices.', 'url': 'https://t.co/IKs3WIx46T', 'entities': {'url': {'urls': [{'url': 'https://t.co/IKs3WIx46T', 'expanded_url': 'http://www.ncpwg.org', 'display_url': 'ncpwg.org', 'indices': [0, 23]}]}, 'description': {'urls': []}}, 'protected': False, 'followers_count': 137, 'friends_count': 89, 'listed_count': 1, 'created_at': 'Tue Aug 10 17:09:24 +0000 2021', 'favourites_count': 106, 'utc_offset': None, 'time_zone': None, 'geo_enabled': False, 'verified': False, 'statuses_count': 81, 'lang': None, 'contributors_enabled': False, 'is_translator': False, 'is_translation_enabled': False, 'profile_background_color': 'F5F8FA', 'profile_background_image_url': None, 'profile_background_image_url_https': None, 'profile_background_tile': False, 'profile_image_url': 'http://pbs.twimg.com/profile_images/1425142461756628992/9SSNV_F5_normal.jpg', 'profile_image_url_https': 'https://pbs.twimg.com/profile_images/1425142461756628992/9SSNV_F5_normal.jpg', 'profile_link_color': '1DA1F2', 'profile_sidebar_border_color': 'C0DEED', 'profile_sidebar_fill_color': 'DDEEF6', 'profile_text_color': '333333', 'profile_use_background_image': True, 'has_extended_profile': True, 'default_profile': True, 'default_profile_image': False, 'following': False, 'follow_request_sent': False, 'notifications': False, 'translator_type': 'none', 'withheld_in_countries': []}",,,,,True,1.5653782178711224e+18,1.5653782178711224e+18,"{'created_at': 'Thu Sep 01 16:37:05 +0000 2022', 'id': 1565378217871122434, 'id_str': '1565378217871122434', 'text': 'Google policy continues to violate the privacy, dignity, and safety of transgender researchers, according to people… https://t.co/SRCF2Pfdkt', 'truncated': True, 'entities': {'hashtags': [], 'symbols': [], 'user_mentions': [], 'urls': [{'url': 'https://t.co/SRCF2Pfdkt', 'expanded_url': 'https://twitter.com/i/web/status/1565378217871122434', 'display_url': 'twitter.com/i/web/status/1…', 'indices': [117, 140]}]}, 'source': '<a href=""http://twitter.com/download/iphone"" rel=""nofollow"">Twitter for iPhone</a>', 'in_reply_to_status_id': None, 'in_reply_to_status_id_str': None, 'in_reply_to_user_id': None, 'in_reply_to_user_id_str': None, 'in_reply_to_screen_name': None, 'user': {'id': 16408929, 'id_str': '16408929', 'name': 'Khari Johnson', 'screen_name': 'kharijohnson', 'location': 'Oakland, CA', 'description': 'Citizen, human, senior staff writer @wired, DM for Signal contact info', 'url': 'https://t.co/HdXUPRZPXw', 'entities': {'url': {'urls': [{'url': 'https://t.co/HdXUPRZPXw', 'expanded_url': 'http://kharijohnson.com', 'display_url': 'kharijohnson.com', 'indices': [0, 23]}]}, 'description': {'urls': []}}, 'protected': False, 'followers_count': 11884, 'friends_count': 1752, 'listed_count': 452, 'created_at': 'Mon Sep 22 20:01:38 +0000 2008', 'favourites_count': 33214, 'utc_offset': None, 'time_zone': None, 'geo_enabled': True, 'verified': True, 'statuses_count': 8879, 'lang': None, 'contributors_enabled': False, 'is_translator': False, 'is_translation_enabled': False, 'profile_background_color': '000000', 'profile_background_image_url': 'http://abs.twimg.com/images/themes/theme1/bg.png', 'profile_background_image_url_https': 'https://abs.twimg.com/images/themes/theme1/bg.png', 'profile_background_tile': False, 'profile_image_url': 'http://pbs.twimg.com/profile_images/1451280523565821966/dGT8lvJe_normal.jpg', 'profile_image_url_https': 'https://pbs.twimg.com/profile_images/1451280523565821966/dGT8lvJe_normal.jpg', 'profile_banner_url': 'https://pbs.twimg.com/profile_banners/16408929/1645167451', 'profile_link_color': '147C58', 'profile_sidebar_border_color': 'FFFFFF', 'profile_sidebar_fill_color': 'DDEEF6', 'profile_text_color': '333333', 'profile_use_background_image': True, 'has_extended_profile': True, 'default_profile': False, 'default_profile_image': False, 'following': False, 'follow_request_sent': False, 'notifications': False, 'translator_type': 'none', 'withheld_in_countries': []}, 'geo': None, 'coordinates': None, 'place': None, 'contributors': None, 'is_quote_status': False, 'retweet_count': 39, 'favorite_count': 101, 'favorited': False, 'retweeted': False, 'possibly_sensitive': False, 'lang': 'en'}",12,28,False,False,False,en,[],[],"[{'screen_name': 'WIRED', 'name': 'WIRED', 'id': 1344951, 'id_str': '1344951', 'indices': [22, 28]}]","[{'url': 'https://t.co/LVV5Of6d9j', 'expanded_url': 'https://twitter.com/i/web/status/1565381039043665920', 'display_url': 'twitter.com/i/web/status/1…', 'indices': [117, 140]}]",0,0,1,1,1425141260256301059
32699434,human,Sun Nov 06 00:34:03 +0000 2022,1589053463354576897,1589053463354576897,@MichaelCRW Me! 👋🏻👋🏻Straight blue ticket,False,"{'hashtags': [], 'symbols': [], 'user_mentions': [{'screen_name': 'MichaelCRW', 'name': 'Michael Eason', 'id': 124952991, 'id_str': '124952991', 'indices': [0, 11]}], 'urls': []}","<a href=""http://twitter.com/download/iphone"" rel=""nofollow"">Twitter for iPhone</a>",1.589007975263662e+18,1.589007975263662e+18,124952991.0,124952991.0,MichaelCRW,"{'id': 32699434, 'id_str': '32699434', 'name': 'Jennifer G 🌊🌊🇺🇦☮️', 'screen_name': 'JennyleeGLV', 'location': 'Las Vegas', 'description': 'The Only Thing Necessary for the Triumph of Evil is that Good Men Do Nothing 🚫DM’s #Prochoice #IstandwithUkraine #Resist #BlueCrew', 'url': None, 'entities': {'description': {'urls': []}}, 'protected': False, 'followers_count': 15318, 'friends_count': 14311, 'listed_count': 8, 'created_at': 'Sat Apr 18 01:08:51 +0000 2009', 'favourites_count': 135365, 'utc_offset': None, 'time_zone': None, 'geo_enabled': True, 'verified': False, 'statuses_count': 5378, 'lang': None, 'contributors_enabled': False, 'is_translator': False, 'is_translation_enabled': False, 'profile_background_color': 'C0DEED', 'profile_background_image_url': 'http://abs.twimg.com/images/themes/theme1/bg.png', 'profile_background_image_url_https': 'https://abs.twimg.com/images/themes/theme1/bg.png', 'profile_background_tile': False, 'profile_image_url': 'http://pbs.twimg.com/profile_images/1467326253485080576/ZRU98Iyw_normal.jpg', 'profile_image_url_https': 'https://pbs.twimg.com/profile_images/1467326253485080576/ZRU98Iyw_normal.jpg', 'profile_banner_url': 'https://pbs.twimg.com/profile_banners/32699434/1656106522', 'profile_link_color': '1DA1F2', 'profile_sidebar_border_color': 'C0DEED', 'profile_sidebar_fill_color': 'DDEEF6', 'profile_text_color': '333333', 'profile_use_background_image': True, 'has_extended_profile': False, 'default_profile': True, 'default_profile_image': False, 'following': False, 'follow_request_sent': False, 'notifications': False, 'translator_type': 'none', 'withheld_in_countries': []}",,,,,False,,,,0,2,False,False,,en,[],[],"[{'screen_name': 'MichaelCRW', 'name': 'Michael Eason', 'id': 124952991, 'id_str': '124952991', 'indices': [0, 11]}]",[],0,0,1,0,32699434
2197224919,bot,Sat Sep 24 13:40:39 +0000 2022,1573668741472473088,1573668741472473088,@CinemasManas still available?,False,"{'hashtags': [], 'symbols': [], 'user_mentions': [{'screen_name': 'CinemasManas', 'name': 'Manas Jammisetti', 'id': 1156586230244679680, 'id_str': '1156586230244679680', 'indices': [0, 13]}], 'urls': []}","<a href=""http://twitter.com/download/android"" rel=""nofollow"">Twitter for Android</a>",1.573662907644412e+18,1.573662907644412e+18,1.1565862302446797e+18,1.1565862302446797e+18,CinemasManas,"{'id': 2197224919, 'id_str': '2197224919', 'name': 'sharkboy98', 'screen_name': 'rkyashasvi', 'location': '', 'description': '', 'url': None, 'entities': {'description': {'urls': []}}, 'protected': False, 'followers_count': 1, 'friends_count': 214, 'listed_count': 0, 'created_at': 'Sat Nov 16 06:31:30 +0000 2013', 'favourites_count': 980, 'utc_offset': None, 'time_zone': None, 'geo_enabled': False, 'verified': False, 'statuses_count': 13, 'lang': None, 'contributors_enabled': False, 'is_translator': False, 'is_translation_enabled': False, 'profile_background_color': 'C0DEED', 'profile_background_image_url': 'http://abs.twimg.com/images/themes/theme1/bg.png', 'profile_background_image_url_https': 'https://abs.twimg.com/images/themes/theme1/bg.png', 'profile_background_tile': False, 'profile_image_url': 'http://abs.twimg.com/sticky/default_profile_images/default_profile_normal.png', 'profile_image_url_https': 'https://abs.twimg.com/sticky/default_profile_images/default_profile_normal.png', 'profile_banner_url': 'https://pbs.twimg.com/profile_banners/2197224919/1618727718', 'profile_link_color': '1DA1F2', 'profile_sidebar_border_color': 'C0DEED', 'profile_sidebar_fill_color': 'DDEEF6', 'profile_text_color': '333333', 'profile_use_background_image': True, 'has_extended_profile': False, 'default_profile': True, 'default_profile_image': True, 'following': False, 'follow_request_sent': False, 'notifications': False, 'translator_type': 'none', 'withheld_in_countries': []}",,,,,False,,,,0,0,False,False,,en,[],[],"[{'screen_name': 'CinemasManas', 'name': 'Manas Jammisetti', 'id': 1156586230244679680, 'id_str': '1156586230244679680', 'indices': [0, 13]}]",[],0,0,1,0,2197224919
4218360677,human,Mon Oct 17 08:28:28 +0000 2022,1581925096582619137,1581925096582619137,@MarocicoOana Congrats!,False,"{'hashtags': [], 'symbols': [], 'user_mentions': [{'screen_name': 'MarocicoOana', 'name': 'Oana Marocico', 'id': 367842040, 'id_str': '367842040', 'indices': [0, 13]}], 'urls': []}","<a href=""https://mobile.twitter.com"" rel=""nofollow"">Twitter Web App</a>",1.5819201476355686e+18,1.5819201476355686e+18,367842040.0,367842040.0,MarocicoOana,"{'id': 4218360677, 'id_str': '4218360677', 'name': 'Jessica Furst', 'screen_name': 'Jfurst12', 'location': '', 'description': 'Working in the Specialist Unit at BBC World Service \n\njessica.furst@bbc.co.uk', 'url': None, 'entities': {'description': {'urls': []}}, 'protected': False, 'followers_count': 416, 'friends_count': 1656, 'listed_count': 1, 'created_at': 'Wed Nov 18 13:52:15 +0000 2015', 'favourites_count': 3607, 'utc_offset': None, 'time_zone': None, 'geo_enabled': False, 'verified': False, 'statuses_count': 1116, 'lang': None, 'contributors_enabled': False, 'is_translator': False, 'is_translation_enabled': False, 'profile_background_color': 'C0DEED', 'profile_background_image_url': 'http://abs.twimg.com/images/themes/theme1/bg.png', 'profile_background_image_url_https': 'https://abs.twimg.com/images/themes/theme1/bg.png', 'profile_background_tile': False, 'profile_image_url': 'http://pbs.twimg.com/profile_images/1061730332897173510/2a-Ljdvi_normal.jpg', 'profile_image_url_https': 'https://pbs.twimg.com/profile_images/1061730332897173510/2a-Ljdvi_normal.jpg', 'profile_banner_url': 'https://pbs.twimg.com/profile_banners/4218360677/1541971237', 'profile_link_color': '1DA1F2', 'profile_sidebar_border_color': 'C0DEED', 'profile_sidebar_fill_color': 'DDEEF6', 'profile_text_color': '333333', 'profile_use_background_image': True, 'has_extended_profile': False, 'default_profile': True, 'default_profile_image': False, 'following': False, 'follow_request_sent': False, 'notifications': False, 'translator_type': 'none', 'withheld_in_countries': []}",,,,,False,,,,0,0,False,False,,en,[],[],"[{'screen_name': 'MarocicoOana', 'name': 'Oana Marocico', 'id': 367842040, 'id_str': '367842040', 'indices': [0, 13]}]",[],0,0,1,0,4218360677
86091264,human,Thu Nov 10 22:22:42 +0000 2022,1590832349239025677,1590832349239025677,Train under some of the best #informatics professionals in the world. Apply for the #JAMIA Student Editorial Board!… https://t.co/Tvh2XYnVrK,True,"{'hashtags': [{'text': 'informatics', 'indices': [29, 41]}, {'text': 'JAMIA', 'indices': [84, 90]}], 'symbols': [], 'user_mentions': [], 'urls': [{'url': 'https://t.co/Tvh2XYnVrK', 'expanded_url': 'https://twitter.com/i/web/status/1590832349239025677', 'display_url': 'twitter.com/i/web/status/1…', 'indices': [117, 140]}]}","<a href=""http://www.hubspot.com/"" rel=""nofollow"">HubSpot</a>",,,,,,"{'id': 86091264, 'id_str': '86091264', 'name': 'AMIA', 'screen_name': 'AMIAinformatics', 'location': 'Bethesda, MD', 'description': 'The leading association for informatics professionals in biomedicine and health. #WhyAMIA #WhyInformatics', 'url': None, 'entities': {'description': {'urls': []}}, 'protected': False, 'followers_count': 15818, 'friends_count': 977, 'listed_count': 448, 'created_at': 'Thu Oct 29 15:23:16 +0000 2009', 'favourites_count': 6681, 'utc_offset': None, 'time_zone': None, 'geo_enabled': True, 'verified': False, 'statuses_count': 13850, 'lang': None, 'contributors_enabled': False, 'is_translator': False, 'is_translation_enabled': False, 'profile_background_color': '484848', 'profile_background_image_url': 'http://abs.twimg.com/images/themes/theme8/bg.gif', 'profile_background_image_url_https': 'https://abs.twimg.com/images/themes/theme8/bg.gif', 'profile_background_tile': False, 'profile_image_url': 'http://pbs.twimg.com/profile_images/827189725341556736/d3NanvdV_normal.jpg', 'profile_image_url_https': 'https://pbs.twimg.com/profile_images/827189725341556736/d3NanvdV_normal.jpg', 'profile_banner_url': 'https://pbs.twimg.com/profile_banners/86091264/1571857310', 'profile_link_color': 'CD151E', 'profile_sidebar_border_color': 'DBE9ED', 'profile_sidebar_fill_color': 'E6F6F9', 'profile_text_color': '000000', 'profile_use_background_image': True, 'has_extended_profile': False, 'default_profile': False, 'default_profile_image': False, 'following': False, 'follow_request_sent': False, 'notifications': False, 'translator_type': 'none', 'withheld_in_countries': []}",,,,,False,,,,4,4,False,False,False,en,"[{'text': 'informatics', 'indices': [29, 41]}, {'text': 'JAMIA', 'indices': [84, 90]}]",[],[],"[{'url': 'https://t.co/Tvh2XYnVrK', 'expanded_url': 'https://twitter.com/i/web/status/1590832349239025677', 'display_url': 'twitter.com/i/web/status/1…', 'indices': [117, 140]}]",2,0,0,1,86091264
38669987,bot,Tue Nov 08 08:31:41 +0000 2022,1589898439944699905,1589898439944699905,"@squeezyjohn Bought/brought. You don't bruy something do you? Oh and has and had definitely start with an 'h', not an 'a'.",False,"{'hashtags': [], 'symbols': [], 'user_mentions': [{'screen_name': 'squeezyjohn', 'name': 'John Spiers', 'id': 95442746, 'id_str': '95442746', 'indices': [0, 12]}], 'urls': []}","<a href=""http://twitter.com/download/android"" rel=""nofollow"">Twitter for Android</a>",1.5894067901729382e+18,1.5894067901729382e+18,95442746.0,95442746.0,squeezyjohn,"{'id': 38669987, 'id_str': '38669987', 'name': 'Penny Stephens 💙', 'screen_name': 'cornishpenny', 'location': 'UK', 'description': 'Retired writer/editor, animal lover, knitting junkie and ageing hippy. Oh and European to the core.\n#FBPE', 'url': None, 'entities': {'description': {'urls': []}}, 'protected': False, 'followers_count': 805, 'friends_count': 1093, 'listed_count': 17, 'created_at': 'Fri May 08 13:57:29 +0000 2009', 'favourites_count': 5156, 'utc_offset': None, 'time_zone': None, 'geo_enabled': True, 'verified': False, 'statuses_count': 1606, 'lang': None, 'contributors_enabled': False, 'is_translator': False, 'is_translation_enabled': False, 'profile_background_color': '000000', 'profile_background_image_url': 'http://abs.twimg.com/images/themes/theme5/bg.gif', 'profile_background_image_url_https': 'https://abs.twimg.com/images/themes/theme5/bg.gif', 'profile_background_tile': False, 'profile_image_url': 'http://pbs.twimg.com/profile_images/1563959086135255055/nj7D4tzQ_normal.jpg', 'profile_image_url_https': 'https://pbs.twimg.com/profile_images/1563959086135255055/nj7D4tzQ_normal.jpg', 'profile_banner_url': 'https://pbs.twimg.com/profile_banners/38669987/1661711937', 'profile_link_color': '94D487', 'profile_sidebar_border_color': '000000', 'profile_sidebar_fill_color': '000000', 'profile_text_color': '000000', 'profile_use_background_image': False, 'has_extended_profile': False, 'default_profile': False, 'default_profile_image': False, 'following': False, 'follow_request_sent': False, 'notifications': False, 'translator_type': 'none', 'withheld_in_countries': []}",,,"{'id': '2a3f152d1ac5044a', 'url': 'https://api.twitter.com/1.1/geo/id/2a3f152d1ac5044a.json', 'place_type': 'city', 'name': 'Hackney', 'full_name': 'Hackney, London', 'country_code': 'GB', 'country': 'United Kingdom', 'contained_within': [], 'bounding_box': {'type': 'Polygon', 'coordinates': [[[-0.104501, 51.518605], [-0.015834, 51.518605], [-0.015834, 51.5766844], [-0.104501, 51.5766844]]]}, 'attributes': {}}",,False,,,,0,0,False,False,,en,[],[],"[{'screen_name': 'squeezyjohn', 'name': 'John Spiers', 'id': 95442746, 'id_str': '95442746', 'indices': [0, 12]}]",[],0,0,1,0,38669987
92922681,human,Fri Nov 11 14:39:44 +0000 2022,1591078226457395201,1591078226457395201,Insulin wants to be free https://t.co/JQbTVdF0uR,False,"{'hashtags': [], 'symbols': [], 'user_mentions': [], 'urls': [{'url': 'https://t.co/JQbTVdF0uR', 'expanded_url': 'https://twitter.com/drewharwell/status/1590822878274097152', 'display_url': 'twitter.com/drewharwell/st…', 'indices': [25, 48]}]}","<a href=""http://twitter.com/download/iphone"" rel=""nofollow"">Twitter for iPhone</a>",,,,,,"{'id': 92922681, 'id_str': '92922681', 'name': 'Orly Lobel', 'screen_name': 'OrlyLobel', 'location': '', 'description': 'Professor-Author-Speaker-Expert. THE EQUALITY MACHINE out Fall 2022, order: https://t.co/PoNbDTTSZI', 'url': 'https://t.co/nEZL8zT143', 'entities': {'url': {'urls': [{'url': 'https://t.co/nEZL8zT143', 'expanded_url': 'http://orlylobel.com', 'display_url': 'orlylobel.com', 'indices': [0, 23]}]}, 'description': {'urls': [{'url': 'https://t.co/PoNbDTTSZI', 'expanded_url': 'http://shorturl.at/adlFQ', 'display_url': 'shorturl.at/adlFQ', 'indices': [76, 99]}]}}, 'protected': False, 'followers_count': 3349, 'friends_count': 1597, 'listed_count': 102, 'created_at': 'Fri Nov 27 07:23:46 +0000 2009', 'favourites_count': 8498, 'utc_offset': None, 'time_zone': None, 'geo_enabled': False, 'verified': False, 'statuses_count': 9498, 'lang': None, 'contributors_enabled': False, 'is_translator': False, 'is_translation_enabled': False, 'profile_background_color': '010A0F', 'profile_background_image_url': 'http://abs.twimg.com/images/themes/theme1/bg.png', 'profile_background_image_url_https': 'https://abs.twimg.com/images/themes/theme1/bg.png', 'profile_background_tile': False, 'profile_image_url': 'http://pbs.twimg.com/profile_images/3768076449/6e876d24e02c1d01c7f48526d82d5395_normal.jpeg', 'profile_image_url_https': 'https://pbs.twimg.com/profile_images/3768076449/6e876d24e02c1d01c7f48526d82d5395_normal.jpeg', 'profile_banner_url': 'https://pbs.twimg.com/profile_banners/92922681/1666156462', 'profile_link_color': '1B95E0', 'profile_sidebar_border_color': 'FFFFFF', 'profile_sidebar_fill_color': 'DDEEF6', 'profile_text_color': '333333', 'profile_use_background_image': True, 'has_extended_profile': False, 'default_profile': False, 'default_profile_image': False, 'following': False, 'follow_request_sent': False, 'notifications': False, 'translator_type': 'none', 'withheld_in_countries': []}",,,,,True,1.5908228782740972e+18,1.5908228782740972e+18,"{'created_at': 'Thu Nov 10 21:45:04 +0000 2022', 'id': 1590822878274097152, 'id_str': '1590822878274097152', 'text': ""Spokesperson for pharmaceutical giant Eli Lilly says they're in communication with Twitter to address the fake-but-… https://t.co/EdGixJZpH9"", 'truncated': True, 'entities': {'hashtags': [], 'symbols': [], 'user_mentions': [], 'urls': [{'url': 'https://t.co/EdGixJZpH9', 'expanded_url': 'https://twitter.com/i/web/status/1590822878274097152', 'display_url': 'twitter.com/i/web/status/1…', 'indices': [117, 140]}]}, 'source': '<a href=""https://about.twitter.com/products/tweetdeck"" rel=""nofollow"">TweetDeck</a>', 'in_reply_to_status_id': None, 'in_reply_to_status_id_str': None, 'in_reply_to_user_id': None, 'in_reply_to_user_id_str': None, 'in_reply_to_screen_name': None, 'user': {'id': 15276573, 'id_str': '15276573', 'name': 'Drew Harwell', 'screen_name': 'drewharwell', 'location': '', 'description': 'Tech reporter @washingtonpost • @drewharwell@mastodon.social • drew.harwell@washpost.com', 'url': 'https://t.co/O9iOhl2HlD', 'entities': {'url': {'urls': [{'url': 'https://t.co/O9iOhl2HlD', 'expanded_url': 'https://drewharwell.com', 'display_url': 'drewharwell.com', 'indices': [0, 23]}]}, 'description': {'urls': []}}, 'protected': False, 'followers_count': 37224, 'friends_count': 3402, 'listed_count': 1149, 'created_at': 'Mon Jun 30 05:34:43 +0000 2008', 'favourites_count': 16399, 'utc_offset': None, 'time_zone': None, 'geo_enabled': True, 'verified': True, 'statuses_count': 6716, 'lang': None, 'contributors_enabled': False, 'is_translator': False, 'is_translation_enabled': False, 'profile_background_color': 'ACDED6', 'profile_background_image_url': 'http://abs.twimg.com/images/themes/theme1/bg.png', 'profile_background_image_url_https': 'https://abs.twimg.com/images/themes/theme1/bg.png', 'profile_background_tile': True, 'profile_image_url': 'http://pbs.twimg.com/profile_images/1525912802317197312/E6GgBdwF_normal.jpg', 'profile_image_url_https': 'https://pbs.twimg.com/profile_images/1525912802317197312/E6GgBdwF_normal.jpg', 'profile_banner_url': 'https://pbs.twimg.com/profile_banners/15276573/1602614951', 'profile_link_color': '3B94D9', 'profile_sidebar_border_color': 'FFFFFF', 'profile_sidebar_fill_color': 'EFEFEF', 'profile_text_color': '333333', 'profile_use_background_image': True, 'has_extended_profile': False, 'default_profile': False, 'default_profile_image': False, 'following': False, 'follow_request_sent': False, 'notifications': False, 'translator_type': 'none', 'withheld_in_countries': []}, 'geo': None, 'coordinates': None, 'place': None, 'contributors': None, 'is_quote_status': False, 'retweet_count': 7805, 'favorite_count': 62093, 'favorited': False, 'retweeted': False, 'possibly_sensitive': False, 'lang': 'en'}",0,1,False,False,False,en,[],[],[],"[{'url': 'https://t.co/JQbTVdF0uR', 'expanded_url': 'https://twitter.com/drewharwell/status/1590822878274097152', 'display_url': 'twitter.com/drewharwell/st…', 'indices': [25, 48]}]",0,0,0,1,92922681
1285628066346274817,human,Fri Nov 11 15:47:18 +0000 2022,1591095229146628096,1591095229146628096,"🔴 We're live in 15!

👇 Join us for a special announcement! 🙊 https://t.co/tH4Q4KDz6Y",False,"{'hashtags': [], 'symbols': [], 'user_mentions': [], 'urls': [{'url': 'https://t.co/tH4Q4KDz6Y', 'expanded_url': 'https://twitter.com/Umee_CrossChain/status/1590020572217430016', 'display_url': 'twitter.com/Umee_CrossChai…', 'indices': [61, 84]}]}","<a href=""https://mobile.twitter.com"" rel=""nofollow"">Twitter Web App</a>",,,,,,"{'id': 1285628066346274817, 'id_str': '1285628066346274817', 'name': 'Umee 🌊', 'screen_name': 'Umee_CrossChain', 'location': 'Umeeverse', 'description': 'Cross Chain DeFi Hub for rates, staking, and interoperability. \n#Defi #Cosmos #CrossChain #Umee', 'url': 'https://t.co/TAqzmzkmhG', 'entities': {'url': {'urls': [{'url': 'https://t.co/TAqzmzkmhG', 'expanded_url': 'https://cuda.io/umee', 'display_url': 'cuda.io/umee', 'indices': [0, 23]}]}, 'description': {'urls': []}}, 'protected': False, 'followers_count': 89944, 'friends_count': 402, 'listed_count': 573, 'created_at': 'Tue Jul 21 17:31:07 +0000 2020', 'favourites_count': 2309, 'utc_offset': None, 'time_zone': None, 'geo_enabled': False, 'verified': False, 'statuses_count': 945, 'lang': None, 'contributors_enabled': False, 'is_translator': False, 'is_translation_enabled': False, 'profile_background_color': 'F5F8FA', 'profile_background_image_url': None, 'profile_background_image_url_https': None, 'profile_background_tile': False, 'profile_image_url': 'http://pbs.twimg.com/profile_images/1494753600354103304/wSDsjQsF_normal.png', 'profile_image_url_https': 'https://pbs.twimg.com/profile_images/1494753600354103304/wSDsjQsF_normal.png', 'profile_banner_url': 'https://pbs.twimg.com/profile_banners/1285628066346274817/1644873105', 'profile_link_color': '1DA1F2', 'profile_sidebar_border_color': 'C0DEED', 'profile_sidebar_fill_color': 'DDEEF6', 'profile_text_color': '333333', 'profile_use_background_image': True, 'has_extended_profile': True, 'default_profile': True, 'default_profile_image': False, 'following': False, 'follow_request_sent': False, 'notifications': False, 'translator_type': 'none', 'withheld_in_countries': []}",,,,,True,1.59002057221743e+18,1.59002057221743e+18,"{'created_at': 'Tue Nov 08 16:37:00 +0000 2022', 'id': 1590020572217430016, 'id_str': '1590020572217430016', 'text': 'Join us this Friday for an #AMA on @Cosmos_Spaces! ⚛️\n\n📆 Nov 11th at 16:00 UTC \n🎙 Founder @bond_dog_51\n👨\u200d💻 Head of… https://t.co/NFYyUKE30z', 'truncated': True, 'entities': {'hashtags': [{'text': 'AMA', 'indices': [27, 31]}], 'symbols': [], 'user_mentions': [{'screen_name': 'Cosmos_Spaces', 'name': 'Cosmos Spaces🎙️', 'id': 1487313404004118528, 'id_str': '1487313404004118528', 'indices': [35, 49]}, {'screen_name': 'bond_dog_51', 'name': 'Brent Xu', 'id': 1450450802, 'id_str': '1450450802', 'indices': [90, 102]}], 'urls': [{'url': 'https://t.co/NFYyUKE30z', 'expanded_url': 'https://twitter.com/i/web/status/1590020572217430016', 'display_url': 'twitter.com/i/web/status/1…', 'indices': [116, 139]}]}, 'source': '<a href=""https://mobile.twitter.com"" rel=""nofollow"">Twitter Web App</a>', 'in_reply_to_status_id': None, 'in_reply_to_status_id_str': None, 'in_reply_to_user_id': None, 'in_reply_to_user_id_str': None, 'in_reply_to_screen_name': None, 'user': {'id': 1285628066346274817, 'id_str': '1285628066346274817', 'name': 'Umee 🌊', 'screen_name': 'Umee_CrossChain', 'location': 'Umeeverse', 'description': 'Cross Chain DeFi Hub for rates, staking, and interoperability. \n#Defi #Cosmos #CrossChain #Umee', 'url': 'https://t.co/TAqzmzkmhG', 'entities': {'url': {'urls': [{'url': 'https://t.co/TAqzmzkmhG', 'expanded_url': 'https://cuda.io/umee', 'display_url': 'cuda.io/umee', 'indices': [0, 23]}]}, 'description': {'urls': []}}, 'protected': False, 'followers_count': 89944, 'friends_count': 402, 'listed_count': 573, 'created_at': 'Tue Jul 21 17:31:07 +0000 2020', 'favourites_count': 2309, 'utc_offset': None, 'time_zone': None, 'geo_enabled': False, 'verified': False, 'statuses_count': 945, 'lang': None, 'contributors_enabled': False, 'is_translator': False, 'is_translation_enabled': False, 'profile_background_color': 'F5F8FA', 'profile_background_image_url': None, 'profile_background_image_url_https': None, 'profile_background_tile': False, 'profile_image_url': 'http://pbs.twimg.com/profile_images/1494753600354103304/wSDsjQsF_normal.png', 'profile_image_url_https': 'https://pbs.twimg.com/profile_images/1494753600354103304/wSDsjQsF_normal.png', 'profile_banner_url': 'https://pbs.twimg.com/profile_banners/1285628066346274817/1644873105', 'profile_link_color': '1DA1F2', 'profile_sidebar_border_color': 'C0DEED', 'profile_sidebar_fill_color': 'DDEEF6', 'profile_text_color': '333333', 'profile_use_background_image': True, 'has_extended_profile': True, 'default_profile': True, 'default_profile_image': False, 'following': False, 'follow_request_sent': False, 'notifications': False, 'translator_type': 'none', 'withheld_in_countries': []}, 'geo': None, 'coordinates': None, 'place': None, 'contributors': None, 'is_quote_status': False, 'retweet_count': 32, 'favorite_count': 137, 'favorited': False, 'retweeted': False, 'possibly_sensitive': False, 'lang': 'en'}",8,33,False,False,False,en,[],[],[],"[{'url': 'https://t.co/tH4Q4KDz6Y', 'expanded_url': 'https://twitter.com/Umee_CrossChain/status/1590020572217430016', 'display_url': 'twitter.com/Umee_CrossChai…', 'indices': [61, 84]}]",0,0,0,1,1285628066346274817
811408471652347904,human,Wed Oct 19 16:56:37 +0000 2022,1582777752670724111,1582777752670724111,@amelnychukoseen Thanks a lot @amelnychuck ! It's a work in progress so I'm looking for feedback too. I'll send you… https://t.co/EMc6AUrr1A,True,"{'hashtags': [], 'symbols': [], 'user_mentions': [{'screen_name': 'amelnychukoseen', 'name': 'Andrew Melnychuk', 'id': 2903982397, 'id_str': '2903982397', 'indices': [0, 16]}, {'screen_name': 'amelnychuck', 'name': 'Alex Melnychuck', 'id': 601225353, 'id_str': '601225353', 'indices': [30, 42]}], 'urls': [{'url': 'https://t.co/EMc6AUrr1A', 'expanded_url': 'https://twitter.com/i/web/status/1582777752670724111', 'display_url': 'twitter.com/i/web/status/1…', 'indices': [117, 140]}]}","<a href=""https://mobile.twitter.com"" rel=""nofollow"">Twitter Web App</a>",1.582463822551724e+18,1.582463822551724e+18,2903982397.0,2903982397.0,amelnychukoseen,"{'id': 811408471652347904, 'id_str': '811408471652347904', 'name': 'Darius Parvin ⚡️', 'screen_name': 'dariusparvin', 'location': 'Berkeley, CA', 'description': 'Bitcoin enthusiast', 'url': None, 'entities': {'description': {'urls': []}}, 'protected': False, 'followers_count': 355, 'friends_count': 358, 'listed_count': 5, 'created_at': 'Wed Dec 21 03:10:29 +0000 2016', 'favourites_count': 1265, 'utc_offset': None, 'time_zone': None, 'geo_enabled': True, 'verified': False, 'statuses_count': 139, 'lang': None, 'contributors_enabled': False, 'is_translator': False, 'is_translation_enabled': False, 'profile_background_color': 'F5F8FA', 'profile_background_image_url': None, 'profile_background_image_url_https': None, 'profile_background_tile': False, 'profile_image_url': 'http://pbs.twimg.com/profile_images/1125458922117013504/8y_vmxeO_normal.png', 'profile_image_url_https': 'https://pbs.twimg.com/profile_images/1125458922117013504/8y_vmxeO_normal.png', 'profile_link_color': '1DA1F2', 'profile_sidebar_border_color': 'C0DEED', 'profile_sidebar_fill_color': 'DDEEF6', 'profile_text_color': '333333', 'profile_use_background_image': True, 'has_extended_profile': False, 'default_profile': True, 'default_profile_image': False, 'following': False, 'follow_request_sent': False, 'notifications': False, 'translator_type': 'none', 'withheld_in_countries': []}",,,,,False,,,,0,0,False,False,,en,[],[],"[{'screen_name': 'amelnychukoseen', 'name': 'Andrew Melnychuk', 'id': 2903982397, 'id_str': '2903982397', 'indices': [0, 16]}, {'screen_name': 'amelnychuck', 'name': 'Alex Melnychuck', 'id': 601225353, 'id_str': '601225353', 'indices': [30, 42]}]","[{'url': 'https://t.co/EMc6AUrr1A', 'expanded_url': 'https://twitter.com/i/web/status/1582777752670724111', 'display_url': 'twitter.com/i/web/status/1…', 'indices': [117, 140]}]",0,0,2,1,811408471652347904
296153200,human,Wed Sep 28 10:38:52 +0000 2022,1575072544553828352,1575072544553828352,Thank you! https://t.co/vr0PbjzMNf,False,"{'hashtags': [], 'symbols': [], 'user_mentions': [], 'urls': [{'url': 'https://t.co/vr0PbjzMNf', 'expanded_url': 'https://twitter.com/LucSels/status/1575056566696681472', 'display_url': 'twitter.com/LucSels/status…', 'indices': [11, 34]}]}","<a href=""http://twitter.com/download/iphone"" rel=""nofollow"">Twitter for iPhone</a>",,,,,,"{'id': 296153200, 'id_str': '296153200', 'name': 'Shahriar Hosseinjany', 'screen_name': 'Shahriar627', 'location': '', 'description': 'PhD student @BoninLab', 'url': None, 'entities': {'description': {'urls': []}}, 'protected': False, 'followers_count': 35, 'friends_count': 99, 'listed_count': 0, 'created_at': 'Tue May 10 08:51:58 +0000 2011', 'favourites_count': 43, 'utc_offset': None, 'time_zone': None, 'geo_enabled': False, 'verified': False, 'statuses_count': 36, 'lang': None, 'contributors_enabled': False, 'is_translator': False, 'is_translation_enabled': False, 'profile_background_color': 'C0DEED', 'profile_background_image_url': 'http://abs.twimg.com/images/themes/theme1/bg.png', 'profile_background_image_url_https': 'https://abs.twimg.com/images/themes/theme1/bg.png', 'profile_background_tile': False, 'profile_image_url': 'http://pbs.twimg.com/profile_images/1546151724230090752/3JlWgTRg_normal.jpg', 'profile_image_url_https': 'https://pbs.twimg.com/profile_images/1546151724230090752/3JlWgTRg_normal.jpg', 'profile_banner_url': 'https://pbs.twimg.com/profile_banners/296153200/1583176068', 'profile_link_color': '1DA1F2', 'profile_sidebar_border_color': 'C0DEED', 'profile_sidebar_fill_color': 'DDEEF6', 'profile_text_color': '333333', 'profile_use_background_image': True, 'has_extended_profile': False, 'default_profile': True, 'default_profile_image': False, 'following': False, 'follow_request_sent': False, 'notifications': False, 'translator_type': 'none', 'withheld_in_countries': []}",,,,,True,1.5750565666966815e+18,1.5750565666966815e+18,"{'created_at': 'Wed Sep 28 09:35:23 +0000 2022', 'id': 1575056566696681472, 'id_str': '1575056566696681472', 'text': 'This letter has been sent to all our Iranian students and researchers @KU_Leuven. Please bring the message to the a… https://t.co/jkKUTp5H4j', 'truncated': True, 'entities': {'hashtags': [], 'symbols': [], 'user_mentions': [{'screen_name': 'KU_Leuven', 'name': 'KU Leuven', 'id': 130828533, 'id_str': '130828533', 'indices': [70, 80]}], 'urls': [{'url': 'https://t.co/jkKUTp5H4j', 'expanded_url': 'https://twitter.com/i/web/status/1575056566696681472', 'display_url': 'twitter.com/i/web/status/1…', 'indices': [117, 140]}]}, 'source': '<a href=""https://mobile.twitter.com"" rel=""nofollow"">Twitter Web App</a>', 'in_reply_to_status_id': None, 'in_reply_to_status_id_str': None, 'in_reply_to_user_id': None, 'in_reply_to_user_id_str': None, 'in_reply_to_screen_name': None, 'user': {'id': 928326692, 'id_str': '928326692', 'name': 'Luc Sels', 'screen_name': 'LucSels', 'location': 'Leuven', 'description': 'Rector KU Leuven | (Re)tweet ≠ endorse', 'url': 'https://t.co/Kqfy9OdRlD', 'entities': {'url': {'urls': [{'url': 'https://t.co/Kqfy9OdRlD', 'expanded_url': 'https://www.kuleuven.be/wieiswie/nl/person/00019630', 'display_url': 'kuleuven.be/wieiswie/nl/pe…', 'indices': [0, 23]}]}, 'description': {'urls': []}}, 'protected': False, 'followers_count': 16256, 'friends_count': 2937, 'listed_count': 92, 'created_at': 'Mon Nov 05 20:13:06 +0000 2012', 'favourites_count': 7448, 'utc_offset': None, 'time_zone': None, 'geo_enabled': True, 'verified': False, 'statuses_count': 6031, 'lang': None, 'contributors_enabled': False, 'is_translator': False, 'is_translation_enabled': False, 'profile_background_color': 'C0DEED', 'profile_background_image_url': 'http://abs.twimg.com/images/themes/theme1/bg.png', 'profile_background_image_url_https': 'https://abs.twimg.com/images/themes/theme1/bg.png', 'profile_background_tile': False, 'profile_image_url': 'http://pbs.twimg.com/profile_images/1392496832652185600/t0vfdWTY_normal.jpg', 'profile_image_url_https': 'https://pbs.twimg.com/profile_images/1392496832652185600/t0vfdWTY_normal.jpg', 'profile_banner_url': 'https://pbs.twimg.com/profile_banners/928326692/1541090190', 'profile_link_color': '1DA1F2', 'profile_sidebar_border_color': 'C0DEED', 'profile_sidebar_fill_color': 'DDEEF6', 'profile_text_color': '333333', 'profile_use_background_image': True, 'has_extended_profile': True, 'default_profile': True, 'default_profile_image': False, 'following': False, 'follow_request_sent': False, 'notifications': False, 'translator_type': 'none', 'withheld_in_countries': []}, 'geo': None, 'coordinates': None, 'place': None, 'contributors': None, 'is_quote_status': False, 'retweet_count': 17, 'favorite_count': 120, 'favorited': False, 'retweeted': False, 'possibly_sensitive': False, 'lang': 'en'}",0,1,False,False,False,en,[],[],[],"[{'url': 'https://t.co/vr0PbjzMNf', 'expanded_url': 'https://twitter.com/LucSels/status/1575056566696681472', 'display_url': 'twitter.com/LucSels/status…', 'indices': [11, 34]}]",0,0,0,1,296153200
28136504,human,Fri Nov 11 16:14:55 +0000 2022,1591102178227150848,1591102178227150848,The latest edition of Emerging Worldviews is out! https://t.co/ZUJFc7z6sT,False,"{'hashtags': [], 'symbols': [], 'user_mentions': [], 'urls': [{'url': 'https://t.co/ZUJFc7z6sT', 'expanded_url': 'http://marilynschlitz.com/emerging-worldviews-newspaper/', 'display_url': 'marilynschlitz.com/emerging-world…', 'indices': [50, 73]}]}","<a href=""https://paper.li"" rel=""nofollow"">Paper.li</a>",,,,,,"{'id': 28136504, 'id_str': '28136504', 'name': 'Marilyn Schlitz, PhD', 'screen_name': 'MarilynSchlitz', 'location': 'San Francisco Bay Area', 'description': 'Social anthropologist, consciousness researcher, Professor at Sofia Univ, and curious explorer of culture, science, and the wonder of it all.', 'url': 'https://t.co/WTSRSx9nWT', 'entities': {'url': {'urls': [{'url': 'https://t.co/WTSRSx9nWT', 'expanded_url': 'http://www.marilynschlitz.com', 'display_url': 'marilynschlitz.com', 'indices': [0, 23]}]}, 'description': {'urls': []}}, 'protected': False, 'followers_count': 14760, 'friends_count': 11884, 'listed_count': 650, 'created_at': 'Wed Apr 01 16:23:30 +0000 2009', 'favourites_count': 2827, 'utc_offset': None, 'time_zone': None, 'geo_enabled': True, 'verified': False, 'statuses_count': 30736, 'lang': None, 'contributors_enabled': False, 'is_translator': False, 'is_translation_enabled': False, 'profile_background_color': '000000', 'profile_background_image_url': 'http://abs.twimg.com/images/themes/theme5/bg.gif', 'profile_background_image_url_https': 'https://abs.twimg.com/images/themes/theme5/bg.gif', 'profile_background_tile': False, 'profile_image_url': 'http://pbs.twimg.com/profile_images/1329631721222926337/ppJUrMd-_normal.jpg', 'profile_image_url_https': 'https://pbs.twimg.com/profile_images/1329631721222926337/ppJUrMd-_normal.jpg', 'profile_link_color': 'FA743E', 'profile_sidebar_border_color': '000000', 'profile_sidebar_fill_color': '000000', 'profile_text_color': '000000', 'profile_use_background_image': False, 'has_extended_profile': False, 'default_profile': False, 'default_profile_image': False, 'following': False, 'follow_request_sent': False, 'notifications': False, 'translator_type': 'none', 'withheld_in_countries': []}",,,,,False,,,,0,0,False,False,False,en,[],[],[],"[{'url': 'https://t.co/ZUJFc7z6sT', 'expanded_url': 'http://marilynschlitz.com/emerging-worldviews-newspaper/', 'display_url': 'marilynschlitz.com/emerging-world…', 'indices': [50, 73]}]",0,0,0,1,28136504
117406291,human,Sun Oct 02 18:45:21 +0000 2022,1576644522209345536,1576644522209345536,#KantaraMovie @shetty_rishab super duper goosebumps movie 🙂shetre nivu bayankar 🙏🙏,False,"{'hashtags': [{'text': 'KantaraMovie', 'indices': [0, 13]}], 'symbols': [], 'user_mentions': [{'screen_name': 'shetty_rishab', 'name': 'Rishab Shetty', 'id': 1326053532, 'id_str': '1326053532', 'indices': [14, 28]}], 'urls': []}","<a href=""http://twitter.com/download/android"" rel=""nofollow"">Twitter for Android</a>",,,,,,"{'id': 117406291, 'id_str': '117406291', 'name': 'sudarshan', 'screen_name': 'sudsmr', 'location': 'Bengaluru South, India', 'description': '', 'url': None, 'entities': {'description': {'urls': []}}, 'protected': False, 'followers_count': 211, 'friends_count': 258, 'listed_count': 2, 'created_at': 'Thu Feb 25 13:23:10 +0000 2010', 'favourites_count': 14390, 'utc_offset': None, 'time_zone': None, 'geo_enabled': False, 'verified': False, 'statuses_count': 1098, 'lang': None, 'contributors_enabled': False, 'is_translator': False, 'is_translation_enabled': False, 'profile_background_color': 'C0DEED', 'profile_background_image_url': 'http://abs.twimg.com/images/themes/theme1/bg.png', 'profile_background_image_url_https': 'https://abs.twimg.com/images/themes/theme1/bg.png', 'profile_background_tile': False, 'profile_image_url': 'http://pbs.twimg.com/profile_images/1561387677735272448/fqdc6Kdk_normal.jpg', 'profile_image_url_https': 'https://pbs.twimg.com/profile_images/1561387677735272448/fqdc6Kdk_normal.jpg', 'profile_link_color': '1DA1F2', 'profile_sidebar_border_color': 'C0DEED', 'profile_sidebar_fill_color': 'DDEEF6', 'profile_text_color': '333333', 'profile_use_background_image': True, 'has_extended_profile': False, 'default_profile': True, 'default_profile_image': False, 'following': False, 'follow_request_sent': False, 'notifications': False, 'translator_type': 'none', 'withheld_in_countries': []}",,,,,False,,,,0,2,False,False,,fr,"[{'text': 'KantaraMovie', 'indices': [0, 13]}]",[],"[{'screen_name': 'shetty_rishab', 'name': 'Rishab Shetty', 'id': 1326053532, 'id_str': '1326053532', 'indices': [14, 28]}]",[],1,0,1,0,117406291
781673283829788672,human,Sun Feb 13 08:21:57 +0000 2022,1492776043614191622,1492776043614191622,Be the voice for the voiceless and oppose: H.R.6600 https://t.co/6rJMwxEm7c,False,"{'hashtags': [], 'symbols': [], 'user_mentions': [], 'urls': [{'url': 'https://t.co/6rJMwxEm7c', 'expanded_url': 'http://www.votervoice.net/Shares/BANLlAA-AC9YWAJarmZ7EBA', 'display_url': 'votervoice.net/Shares/BANLlAA…', 'indices': [52, 75]}]}","<a href=""http://twitter.com/download/iphone"" rel=""nofollow"">Twitter for iPhone</a>",,,,,,"{'id': 781673283829788672, 'id_str': '781673283829788672', 'name': 'YilkalMo', 'screen_name': 'YilkalBekele', 'location': '', 'description': '#No more Always learning. #Politicalecology #Politicaleconomy #Cleanenergy #Greeneconomy #Socialjustice #Resilience #Systems #Ethiopia #HornofAfrica.', 'url': None, 'entities': {'description': {'urls': []}}, 'protected': False, 'followers_count': 173, 'friends_count': 1340, 'listed_count': 10, 'created_at': 'Fri Sep 30 01:53:28 +0000 2016', 'favourites_count': 707, 'utc_offset': None, 'time_zone': None, 'geo_enabled': False, 'verified': False, 'statuses_count': 512, 'lang': None, 'contributors_enabled': False, 'is_translator': False, 'is_translation_enabled': False, 'profile_background_color': 'F5F8FA', 'profile_background_image_url': None, 'profile_background_image_url_https': None, 'profile_background_tile': False, 'profile_image_url': 'http://pbs.twimg.com/profile_images/1462631615201427462/wNda58Qr_normal.jpg', 'profile_image_url_https': 'https://pbs.twimg.com/profile_images/1462631615201427462/wNda58Qr_normal.jpg', 'profile_banner_url': 'https://pbs.twimg.com/profile_banners/781673283829788672/1637180686', 'profile_link_color': '1DA1F2', 'profile_sidebar_border_color': 'C0DEED', 'profile_sidebar_fill_color': 'DDEEF6', 'profile_text_color': '333333', 'profile_use_background_image': True, 'has_extended_profile': False, 'default_profile': True, 'default_profile_image': False, 'following': False, 'follow_request_sent': False, 'notifications': False, 'translator_type': 'none', 'withheld_in_countries': []}",,,,,False,,,,0,0,False,False,False,en,[],[],[],"[{'url': 'https://t.co/6rJMwxEm7c', 'expanded_url': 'http://www.votervoice.net/Shares/BANLlAA-AC9YWAJarmZ7EBA', 'display_url': 'votervoice.net/Shares/BANLlAA…', 'indices': [52, 75]}]",0,0,0,1,781673283829788672
305236970,human,Fri Nov 11 13:12:41 +0000 2022,1591056319020118017,1591056319020118017,il ministro della salute  tedesco sulla pandemia https://t.co/rKHd3F42dm,False,"{'hashtags': [], 'symbols': [], 'user_mentions': [], 'urls': [{'url': 'https://t.co/rKHd3F42dm', 'expanded_url': 'https://twitter.com/karl_lauterbach/status/1591038637592174592', 'display_url': 'twitter.com/karl_lauterbac…', 'indices': [49, 72]}]}","<a href=""http://twitter.com/download/iphone"" rel=""nofollow"">Twitter for iPhone</a>",,,,,,"{'id': 305236970, 'id_str': '305236970', 'name': 'Walter Ricciardi', 'screen_name': 'WRicciardi', 'location': 'Rome - Italy', 'description': 'Professor Public Health @Unicatt,PastPresident @istsupsan, PastPresident @WFPHA_FMASP, Chair Mission Board for Cancer @EU_Commission, ScientificDirector Maugeri', 'url': None, 'entities': {'description': {'urls': []}}, 'protected': False, 'followers_count': 54945, 'friends_count': 1048, 'listed_count': 409, 'created_at': 'Wed May 25 21:40:20 +0000 2011', 'favourites_count': 15442, 'utc_offset': None, 'time_zone': None, 'geo_enabled': True, 'verified': True, 'statuses_count': 32368, 'lang': None, 'contributors_enabled': False, 'is_translator': False, 'is_translation_enabled': False, 'profile_background_color': 'C0DEED', 'profile_background_image_url': 'http://abs.twimg.com/images/themes/theme1/bg.png', 'profile_background_image_url_https': 'https://abs.twimg.com/images/themes/theme1/bg.png', 'profile_background_tile': False, 'profile_image_url': 'http://pbs.twimg.com/profile_images/1080161601901264896/3Ea-8_eL_normal.jpg', 'profile_image_url_https': 'https://pbs.twimg.com/profile_images/1080161601901264896/3Ea-8_eL_normal.jpg', 'profile_banner_url': 'https://pbs.twimg.com/profile_banners/305236970/1643056206', 'profile_link_color': '1DA1F2', 'profile_sidebar_border_color': 'C0DEED', 'profile_sidebar_fill_color': 'DDEEF6', 'profile_text_color': '333333', 'profile_use_background_image': True, 'has_extended_profile': True, 'default_profile': True, 'default_profile_image': False, 'following': False, 'follow_request_sent': False, 'notifications': False, 'translator_type': 'none', 'withheld_in_countries': []}",,,"{'id': '3078869807f9dd36', 'url': 'https://api.twitter.com/1.1/geo/id/3078869807f9dd36.json', 'place_type': 'city', 'name': 'Berlin', 'full_name': 'Berlin, Germany', 'country_code': 'DE', 'country': 'Germany', 'contained_within': [], 'bounding_box': {'type': 'Polygon', 'coordinates': [[[13.088304, 52.338079], [13.760909, 52.338079], [13.760909, 52.675323], [13.088304, 52.675323]]]}, 'attributes': {}}",,True,1.5910386375921746e+18,1.5910386375921746e+18,"{'created_at': 'Fri Nov 11 12:02:25 +0000 2022', 'id': 1591038637592174592, 'id_str': '1591038637592174592', 'text': 'Mit 1.000 Coronatoten pro Woche, am Vorabend einer Winterwelle mit neuen Varianten und einer zunehmenden Zahl von B… https://t.co/mdfhfNXqa6', 'truncated': True, 'entities': {'hashtags': [], 'symbols': [], 'user_mentions': [], 'urls': [{'url': 'https://t.co/mdfhfNXqa6', 'expanded_url': 'https://twitter.com/i/web/status/1591038637592174592', 'display_url': 'twitter.com/i/web/status/1…', 'indices': [117, 140]}]}, 'source': '<a href=""http://twitter.com/download/iphone"" rel=""nofollow"">Twitter for iPhone</a>', 'in_reply_to_status_id': None, 'in_reply_to_status_id_str': None, 'in_reply_to_user_id': None, 'in_reply_to_user_id_str': None, 'in_reply_to_screen_name': None, 'user': {'id': 3292982985, 'id_str': '3292982985', 'name': 'Prof. Karl Lauterbach', 'screen_name': 'Karl_Lauterbach', 'location': 'Berlin, Deutschland', 'description': 'SPD Bundestagsabgeordneter, Bundesgesundheitsminister, der hier selbst und privat tweetet.', 'url': 'https://t.co/aNTUPwOxBp', 'entities': {'url': {'urls': [{'url': 'https://t.co/aNTUPwOxBp', 'expanded_url': 'http://www.karllauterbach.de', 'display_url': 'karllauterbach.de', 'indices': [0, 23]}]}, 'description': {'urls': []}}, 'protected': False, 'followers_count': 1071054, 'friends_count': 306, 'listed_count': 3330, 'created_at': 'Thu May 21 14:01:21 +0000 2015', 'favourites_count': 192, 'utc_offset': None, 'time_zone': None, 'geo_enabled': False, 'verified': True, 'statuses_count': 10337, 'lang': None, 'contributors_enabled': False, 'is_translator': False, 'is_translation_enabled': False, 'profile_background_color': 'DD2E44', 'profile_background_image_url': 'http://abs.twimg.com/images/themes/theme1/bg.png', 'profile_background_image_url_https': 'https://abs.twimg.com/images/themes/theme1/bg.png', 'profile_background_tile': False, 'profile_image_url': 'http://pbs.twimg.com/profile_images/601388878554079232/db5tdAsW_normal.jpg', 'profile_image_url_https': 'https://pbs.twimg.com/profile_images/601388878554079232/db5tdAsW_normal.jpg', 'profile_banner_url': 'https://pbs.twimg.com/profile_banners/3292982985/1575967880', 'profile_link_color': 'DD2E44', 'profile_sidebar_border_color': 'C0DEED', 'profile_sidebar_fill_color': 'DDEEF6', 'profile_text_color': '333333', 'profile_use_background_image': True, 'has_extended_profile': False, 'default_profile': False, 'default_profile_image': False, 'following': False, 'follow_request_sent': False, 'notifications': False, 'translator_type': 'none', 'withheld_in_countries': []}, 'geo': None, 'coordinates': None, 'place': None, 'contributors': None, 'is_quote_status': False, 'retweet_count': 317, 'favorite_count': 2306, 'favorited': False, 'retweeted': False, 'possibly_sensitive': False, 'lang': 'de'}",5,11,False,False,False,it,[],[],[],"[{'url': 'https://t.co/rKHd3F42dm', 'expanded_url': 'https://twitter.com/karl_lauterbach/status/1591038637592174592', 'display_url': 'twitter.com/karl_lauterbac…', 'indices': [49, 72]}]",0,0,0,1,305236970
36876992,human,Fri Sep 30 17:04:15 +0000 2022,1575894303515213824,1575894303515213824,Hi All! The InterNLP 2022 workshop (https://t.co/vMmeSXIipS) at @NeurIPSConf 2022 submission deadline is on October… https://t.co/q0oWQzMFPU,True,"{'hashtags': [], 'symbols': [], 'user_mentions': [{'screen_name': 'NeurIPSConf', 'name': 'NeurIPS Conference', 'id': 138840988, 'id_str': '138840988', 'indices': [64, 76]}], 'urls': [{'url': 'https://t.co/vMmeSXIipS', 'expanded_url': 'https://internlp.github.io', 'display_url': 'internlp.github.io', 'indices': [36, 59]}, {'url': 'https://t.co/q0oWQzMFPU', 'expanded_url': 'https://twitter.com/i/web/status/1575894303515213824', 'display_url': 'twitter.com/i/web/status/1…', 'indices': [117, 140]}]}","<a href=""https://mobile.twitter.com"" rel=""nofollow"">Twitter Web App</a>",,,,,,"{'id': 36876992, 'id_str': '36876992', 'name': 'Kianté Brantley', 'screen_name': 'xkianteb', 'location': '', 'description': 'Machine Learning Researcher | Postdoctoral Scholar at Cornell | Member of @umdclip, @coralumbc, and @CILVRatNYU | Fitness enthusiast | (He/Him)', 'url': 'https://t.co/wLMqvcoh9g', 'entities': {'url': {'urls': [{'url': 'https://t.co/wLMqvcoh9g', 'expanded_url': 'http://www.cs.umd.edu/~kdbrant', 'display_url': 'cs.umd.edu/~kdbrant', 'indices': [0, 23]}]}, 'description': {'urls': []}}, 'protected': False, 'followers_count': 894, 'friends_count': 1589, 'listed_count': 10, 'created_at': 'Fri May 01 03:59:02 +0000 2009', 'favourites_count': 1147, 'utc_offset': None, 'time_zone': None, 'geo_enabled': False, 'verified': False, 'statuses_count': 2277, 'lang': None, 'contributors_enabled': False, 'is_translator': False, 'is_translation_enabled': False, 'profile_background_color': '000000', 'profile_background_image_url': 'http://abs.twimg.com/images/themes/theme14/bg.gif', 'profile_background_image_url_https': 'https://abs.twimg.com/images/themes/theme14/bg.gif', 'profile_background_tile': False, 'profile_image_url': 'http://pbs.twimg.com/profile_images/1070891213111349255/gHN2o9R9_normal.jpg', 'profile_image_url_https': 'https://pbs.twimg.com/profile_images/1070891213111349255/gHN2o9R9_normal.jpg', 'profile_link_color': '000000', 'profile_sidebar_border_color': '000000', 'profile_sidebar_fill_color': '000000', 'profile_text_color': '000000', 'profile_use_background_image': False, 'has_extended_profile': False, 'default_profile': False, 'default_profile_image': False, 'following': False, 'follow_request_sent': False, 'notifications': False, 'translator_type': 'none', 'withheld_in_countries': []}",,,,,False,,,,5,12,False,False,False,en,[],[],"[{'screen_name': 'NeurIPSConf', 'name': 'NeurIPS Conference', 'id': 138840988, 'id_str': '138840988', 'indices': [64, 76]}]","[{'url': 'https://t.co/vMmeSXIipS', 'expanded_url': 'https://internlp.github.io', 'display_url': 'internlp.github.io', 'indices': [36, 59]}, {'url': 'https://t.co/q0oWQzMFPU', 'expanded_url': 'https://twitter.com/i/web/status/1575894303515213824', 'display_url': 'twitter.com/i/web/status/1…', 'indices': [117, 140]}]",0,0,1,2,36876992
14694914,human,Tue Oct 18 16:48:53 +0000 2022,1582413419973513219,1582413419973513219,"@moyix @tgamblin Some sociological/historical background can be helpful too: When was python3 introduced, and which… https://t.co/bUglBIaNMM",True,"{'hashtags': [], 'symbols': [], 'user_mentions': [{'screen_name': 'moyix', 'name': 'Brendan Dolan-Gavitt', 'id': 15194897, 'id_str': '15194897', 'indices': [0, 6]}, {'screen_name': 'tgamblin', 'name': 'Todd Gamblin', 'id': 6562672, 'id_str': '6562672', 'indices': [7, 16]}], 'urls': [{'url': 'https://t.co/bUglBIaNMM', 'expanded_url': 'https://twitter.com/i/web/status/1582413419973513219', 'display_url': 'twitter.com/i/web/status/1…', 'indices': [117, 140]}]}","<a href=""https://mobile.twitter.com"" rel=""nofollow"">Twitter Web App</a>",1.58224019963068e+18,1.58224019963068e+18,15194897.0,15194897.0,moyix,"{'id': 14694914, 'id_str': '14694914', 'name': 'Nicholas Knoblauch', 'screen_name': 'nwknobla', 'location': 'San Francisco, CA', 'description': 'Statistical Geneticist at #BioMarin Pharmaceutical', 'url': 'https://t.co/QRXGDGG3D2', 'entities': {'url': {'urls': [{'url': 'https://t.co/QRXGDGG3D2', 'expanded_url': 'http://www.knobla.com', 'display_url': 'knobla.com', 'indices': [0, 23]}]}, 'description': {'urls': []}}, 'protected': False, 'followers_count': 192, 'friends_count': 972, 'listed_count': 3, 'created_at': 'Thu May 08 02:10:12 +0000 2008', 'favourites_count': 2168, 'utc_offset': None, 'time_zone': None, 'geo_enabled': True, 'verified': False, 'statuses_count': 365, 'lang': None, 'contributors_enabled': False, 'is_translator': False, 'is_translation_enabled': False, 'profile_background_color': '000000', 'profile_background_image_url': 'http://abs.twimg.com/images/themes/theme5/bg.gif', 'profile_background_image_url_https': 'https://abs.twimg.com/images/themes/theme5/bg.gif', 'profile_background_tile': False, 'profile_image_url': 'http://pbs.twimg.com/profile_images/593793553177776128/vbt54Ymz_normal.jpg', 'profile_image_url_https': 'https://pbs.twimg.com/profile_images/593793553177776128/vbt54Ymz_normal.jpg', 'profile_banner_url': 'https://pbs.twimg.com/profile_banners/14694914/1397843624', 'profile_link_color': '4A913C', 'profile_sidebar_border_color': '000000', 'profile_sidebar_fill_color': '000000', 'profile_text_color': '000000', 'profile_use_background_image': False, 'has_extended_profile': False, 'default_profile': False, 'default_profile_image': False, 'following': False, 'follow_request_sent': False, 'notifications': False, 'translator_type': 'none', 'withheld_in_countries': []}",,,,,False,,,,1,3,False,False,,en,[],[],"[{'screen_name': 'moyix', 'name': 'Brendan Dolan-Gavitt', 'id': 15194897, 'id_str': '15194897', 'indices': [0, 6]}, {'screen_name': 'tgamblin', 'name': 'Todd Gamblin', 'id': 6562672, 'id_str': '6562672', 'indices': [7, 16]}]","[{'url': 'https://t.co/bUglBIaNMM', 'expanded_url': 'https://twitter.com/i/web/status/1582413419973513219', 'display_url': 'twitter.com/i/web/status/1…', 'indices': [117, 140]}]",0,0,2,1,14694914
2182641,human,Wed Nov 09 15:12:21 +0000 2022,1590361660082237440,1590361660082237440,Also featured in a kind of brilliant This Is Us episode!,False,"{'hashtags': [], 'symbols': [], 'user_mentions': [], 'urls': []}","<a href=""https://mobile.twitter.com"" rel=""nofollow"">Twitter Web App</a>",1.590361529412911e+18,1.590361529412911e+18,2182641.0,2182641.0,stevenbjohnson,"{'id': 2182641, 'id_str': '2182641', 'name': 'Steven Johnson', 'screen_name': 'stevenbjohnson', 'location': 'Brooklyn NY & Marin County CA', 'description': 'Author of 13 books, TV host, podcaster. Latest: Extra Life. Newsletter: https://t.co/nPvUHWpDgW. Speech inquiries email: wesn at leighbureau dot com', 'url': 'https://t.co/8fnvgGlM9d', 'entities': {'url': {'urls': [{'url': 'https://t.co/8fnvgGlM9d', 'expanded_url': 'https://adjacentpossible.substack.com/about', 'display_url': 'adjacentpossible.substack.com/about', 'indices': [0, 23]}]}, 'description': {'urls': [{'url': 'https://t.co/nPvUHWpDgW', 'expanded_url': 'http://adjacentpossible.substack.com/about', 'display_url': 'adjacentpossible.substack.com/about', 'indices': [72, 95]}]}}, 'protected': False, 'followers_count': 1104253, 'friends_count': 363, 'listed_count': 5275, 'created_at': 'Sun Mar 25 15:42:05 +0000 2007', 'favourites_count': 57, 'utc_offset': None, 'time_zone': None, 'geo_enabled': False, 'verified': True, 'statuses_count': 9144, 'lang': None, 'contributors_enabled': False, 'is_translator': False, 'is_translation_enabled': False, 'profile_background_color': '9AE4E8', 'profile_background_image_url': 'http://abs.twimg.com/images/themes/theme1/bg.png', 'profile_background_image_url_https': 'https://abs.twimg.com/images/themes/theme1/bg.png', 'profile_background_tile': False, 'profile_image_url': 'http://pbs.twimg.com/profile_images/1388302739189510145/j-2jZu0R_normal.jpg', 'profile_image_url_https': 'https://pbs.twimg.com/profile_images/1388302739189510145/j-2jZu0R_normal.jpg', 'profile_banner_url': 'https://pbs.twimg.com/profile_banners/2182641/1619967580', 'profile_link_color': '0000FF', 'profile_sidebar_border_color': '87BC44', 'profile_sidebar_fill_color': 'E0FF92', 'profile_text_color': '000000', 'profile_use_background_image': True, 'has_extended_profile': False, 'default_profile': False, 'default_profile_image': False, 'following': False, 'follow_request_sent': False, 'notifications': False, 'translator_type': 'none', 'withheld_in_countries': []}",,,,,False,,,,0,2,False,False,,en,[],[],[],[],0,0,0,0,2182641
1231601392139329536,human,Fri Nov 11 15:51:03 +0000 2022,1591096172264845312,1591096172264845312,@Cptjack887 https://t.co/WD18KbGouU,False,"{'hashtags': [], 'symbols': [], 'user_mentions': [{'screen_name': 'Cptjack887', 'name': 'Benne887', 'id': 755299775298277376, 'id_str': '755299775298277376', 'indices': [0, 11]}], 'urls': [], 'media': [{'id': 1591096165549891584, 'id_str': '1591096165549891584', 'indices': [12, 35], 'media_url': 'http://pbs.twimg.com/tweet_video_thumb/FhS1iFcWYAAeTt_.jpg', 'media_url_https': 'https://pbs.twimg.com/tweet_video_thumb/FhS1iFcWYAAeTt_.jpg', 'url': 'https://t.co/WD18KbGouU', 'display_url': 'pic.twitter.com/WD18KbGouU', 'expanded_url': 'https://twitter.com/SatoshiStBets/status/1591096172264845312/photo/1', 'type': 'photo', 'sizes': {'small': {'w': 400, 'h': 274, 'resize': 'fit'}, 'thumb': {'w': 150, 'h': 150, 'resize': 'crop'}, 'large': {'w': 400, 'h': 274, 'resize': 'fit'}, 'medium': {'w': 400, 'h': 274, 'resize': 'fit'}}}]}","<a href=""https://mobile.twitter.com"" rel=""nofollow"">Twitter Web App</a>",1.590992451715883e+18,1.590992451715883e+18,7.552997752982774e+17,7.552997752982774e+17,Cptjack887,"{'id': 1231601392139329536, 'id_str': '1231601392139329536', 'name': 'SatoshiStreetBets', 'screen_name': 'SatoshiStBets', 'location': 'Join the waitlist 👉', 'description': 'Official twitter account of Satoshi Street Bets, a community of 750,000 crypto traders with diamond hands 💎 🙌 Our token: @SatoshiSwapHQ', 'url': 'https://t.co/mUb6lwHNQg', 'entities': {'url': {'urls': [{'url': 'https://t.co/mUb6lwHNQg', 'expanded_url': 'https://ssb.io', 'display_url': 'ssb.io', 'indices': [0, 23]}]}, 'description': {'urls': []}}, 'protected': False, 'followers_count': 81802, 'friends_count': 3, 'listed_count': 196, 'created_at': 'Sun Feb 23 15:27:15 +0000 2020', 'favourites_count': 175, 'utc_offset': None, 'time_zone': None, 'geo_enabled': False, 'verified': False, 'statuses_count': 1067, 'lang': None, 'contributors_enabled': False, 'is_translator': False, 'is_translation_enabled': False, 'profile_background_color': 'F5F8FA', 'profile_background_image_url': None, 'profile_background_image_url_https': None, 'profile_background_tile': False, 'profile_image_url': 'http://pbs.twimg.com/profile_images/1431619919578341380/pLuORH9H_normal.jpg', 'profile_image_url_https': 'https://pbs.twimg.com/profile_images/1431619919578341380/pLuORH9H_normal.jpg', 'profile_banner_url': 'https://pbs.twimg.com/profile_banners/1231601392139329536/1630431277', 'profile_link_color': '1DA1F2', 'profile_sidebar_border_color': 'C0DEED', 'profile_sidebar_fill_color': 'DDEEF6', 'profile_text_color': '333333', 'profile_use_background_image': True, 'has_extended_profile': False, 'default_profile': True, 'default_profile_image': False, 'following': False, 'follow_request_sent': False, 'notifications': False, 'translator_type': 'none', 'withheld_in_countries': []}",,,,,False,,,,0,0,False,False,False,qme,[],[],"[{'screen_name': 'Cptjack887', 'name': 'Benne887', 'id': 755299775298277376, 'id_str': '755299775298277376', 'indices': [0, 11]}]",[],0,0,1,0,1231601392139329536
114820052,human,Tue Nov 08 20:35:21 +0000 2022,1590080556544380928,1590080556544380928,@raomej Or maybe they think I’m also their mama? 🦆,False,"{'hashtags': [], 'symbols': [], 'user_mentions': [{'screen_name': 'raomej', 'name': 'raomej', 'id': 15863643, 'id_str': '15863643', 'indices': [0, 7]}], 'urls': []}","<a href=""http://twitter.com/download/iphone"" rel=""nofollow"">Twitter for iPhone</a>",1.5900803899092132e+18,1.5900803899092132e+18,114820052.0,114820052.0,urbandrea,"{'id': 114820052, 'id_str': '114820052', 'name': 'Andrea Marpillero-Colomina', 'screen_name': 'urbandrea', 'location': 'Brooklyn, NY', 'description': '🌇💎😽', 'url': 'https://t.co/u80wxpBJhj', 'entities': {'url': {'urls': [{'url': 'https://t.co/u80wxpBJhj', 'expanded_url': 'http://urbandrea.com', 'display_url': 'urbandrea.com', 'indices': [0, 23]}]}, 'description': {'urls': []}}, 'protected': False, 'followers_count': 562, 'friends_count': 3369, 'listed_count': 20, 'created_at': 'Tue Feb 16 18:22:56 +0000 2010', 'favourites_count': 6622, 'utc_offset': None, 'time_zone': None, 'geo_enabled': True, 'verified': False, 'statuses_count': 4323, 'lang': None, 'contributors_enabled': False, 'is_translator': False, 'is_translation_enabled': False, 'profile_background_color': 'FF08EA', 'profile_background_image_url': 'http://abs.twimg.com/images/themes/theme19/bg.gif', 'profile_background_image_url_https': 'https://abs.twimg.com/images/themes/theme19/bg.gif', 'profile_background_tile': True, 'profile_image_url': 'http://pbs.twimg.com/profile_images/1196253763759169536/h1beMYMd_normal.jpg', 'profile_image_url_https': 'https://pbs.twimg.com/profile_images/1196253763759169536/h1beMYMd_normal.jpg', 'profile_banner_url': 'https://pbs.twimg.com/profile_banners/114820052/1587998368', 'profile_link_color': '0099CC', 'profile_sidebar_border_color': '000000', 'profile_sidebar_fill_color': 'CEFC03', 'profile_text_color': '333333', 'profile_use_background_image': True, 'has_extended_profile': False, 'default_profile': False, 'default_profile_image': False, 'following': False, 'follow_request_sent': False, 'notifications': False, 'translator_type': 'none', 'withheld_in_countries': []}",,,,,False,,,,0,0,False,False,,en,[],[],"[{'screen_name': 'raomej', 'name': 'raomej', 'id': 15863643, 'id_str': '15863643', 'indices': [0, 7]}]",[],0,0,1,0,114820052
50343115,human,Fri Nov 11 09:51:31 +0000 2022,1591005695398539267,1591005695398539267,"Object-centric models are slowly diffusing their way into robotics, transforming the way language-conditioned contr… https://t.co/MXddhO3gID",True,"{'hashtags': [], 'symbols': [], 'user_mentions': [], 'urls': [{'url': 'https://t.co/MXddhO3gID', 'expanded_url': 'https://twitter.com/i/web/status/1591005695398539267', 'display_url': 'twitter.com/i/web/status/1…', 'indices': [117, 140]}]}","<a href=""https://mobile.twitter.com"" rel=""nofollow"">Twitter Web App</a>",,,,,,"{'id': 50343115, 'id_str': '50343115', 'name': 'Thomas Kipf', 'screen_name': 'thomaskipf', 'location': 'Amsterdam', 'description': 'Machine Learning + Structure: Graphs, Objects, Compositionality. Sr. Research Scientist at Google Brain 🧠. ELLIS Scholar 🇪🇺 \n\nMastodon: https://t.co/zFiBmvSigf', 'url': 'https://t.co/NjUOl2tUng', 'entities': {'url': {'urls': [{'url': 'https://t.co/NjUOl2tUng', 'expanded_url': 'http://tkipf.github.io', 'display_url': 'tkipf.github.io', 'indices': [0, 23]}]}, 'description': {'urls': [{'url': 'https://t.co/zFiBmvSigf', 'expanded_url': 'http://sigmoid.social/@tkipf', 'display_url': 'sigmoid.social/@tkipf', 'indices': [136, 159]}]}}, 'protected': False, 'followers_count': 21905, 'friends_count': 1015, 'listed_count': 358, 'created_at': 'Wed Jun 24 15:54:44 +0000 2009', 'favourites_count': 5914, 'utc_offset': None, 'time_zone': None, 'geo_enabled': True, 'verified': False, 'statuses_count': 1318, 'lang': None, 'contributors_enabled': False, 'is_translator': False, 'is_translation_enabled': False, 'profile_background_color': '000000', 'profile_background_image_url': 'http://abs.twimg.com/images/themes/theme1/bg.png', 'profile_background_image_url_https': 'https://abs.twimg.com/images/themes/theme1/bg.png', 'profile_background_tile': False, 'profile_image_url': 'http://pbs.twimg.com/profile_images/778984689986105349/gcfw2w1H_normal.jpg', 'profile_image_url_https': 'https://pbs.twimg.com/profile_images/778984689986105349/gcfw2w1H_normal.jpg', 'profile_banner_url': 'https://pbs.twimg.com/profile_banners/50343115/1480074597', 'profile_link_color': 'ABB8C2', 'profile_sidebar_border_color': '000000', 'profile_sidebar_fill_color': '000000', 'profile_text_color': '000000', 'profile_use_background_image': False, 'has_extended_profile': False, 'default_profile': False, 'default_profile_image': False, 'following': False, 'follow_request_sent': False, 'notifications': False, 'translator_type': 'none', 'withheld_in_countries': []}",,,,,True,1.5907055248147538e+18,1.5907055248147538e+18,"{'created_at': 'Thu Nov 10 13:58:45 +0000 2022', 'id': 1590705524814753793, 'id_str': '1590705524814753793', 'text': 'StructDiffusion constructs structures out of a single RGB-D image based on high-level language goals. The model tra… https://t.co/R8OFMuqB01', 'truncated': True, 'entities': {'hashtags': [], 'symbols': [], 'user_mentions': [], 'urls': [{'url': 'https://t.co/R8OFMuqB01', 'expanded_url': 'https://twitter.com/i/web/status/1590705524814753793', 'display_url': 'twitter.com/i/web/status/1…', 'indices': [117, 140]}]}, 'source': '<a href=""https://mobile.twitter.com"" rel=""nofollow"">Twitter Web App</a>', 'in_reply_to_status_id': None, 'in_reply_to_status_id_str': None, 'in_reply_to_user_id': None, 'in_reply_to_user_id_str': None, 'in_reply_to_screen_name': None, 'user': {'id': 1451625932171665409, 'id_str': '1451625932171665409', 'name': 'Weiyu Liu', 'screen_name': 'Weiyu_Liu_', 'location': '', 'description': 'Robotics PhD at Georgia Tech', 'url': 'https://t.co/7HAVaBOcRl', 'entities': {'url': {'urls': [{'url': 'https://t.co/7HAVaBOcRl', 'expanded_url': 'http://weiyuliu.com/', 'display_url': 'weiyuliu.com', 'indices': [0, 23]}]}, 'description': {'urls': []}}, 'protected': False, 'followers_count': 204, 'friends_count': 224, 'listed_count': 2, 'created_at': 'Fri Oct 22 19:06:20 +0000 2021', 'favourites_count': 92, 'utc_offset': None, 'time_zone': None, 'geo_enabled': True, 'verified': False, 'statuses_count': 23, 'lang': None, 'contributors_enabled': False, 'is_translator': False, 'is_translation_enabled': False, 'profile_background_color': 'F5F8FA', 'profile_background_image_url': None, 'profile_background_image_url_https': None, 'profile_background_tile': False, 'profile_image_url': 'http://pbs.twimg.com/profile_images/1451626642686857219/FpaL6I22_normal.jpg', 'profile_image_url_https': 'https://pbs.twimg.com/profile_images/1451626642686857219/FpaL6I22_normal.jpg', 'profile_link_color': '1DA1F2', 'profile_sidebar_border_color': 'C0DEED', 'profile_sidebar_fill_color': 'DDEEF6', 'profile_text_color': '333333', 'profile_use_background_image': True, 'has_extended_profile': True, 'default_profile': True, 'default_profile_image': False, 'following': False, 'follow_request_sent': False, 'notifications': False, 'translator_type': 'none', 'withheld_in_countries': []}, 'geo': None, 'coordinates': None, 'place': None, 'contributors': None, 'is_quote_status': False, 'retweet_count': 32, 'favorite_count': 131, 'favorited': False, 'retweeted': False, 'possibly_sensitive': False, 'lang': 'en'}",6,28,False,False,False,en,[],[],[],"[{'url': 'https://t.co/MXddhO3gID', 'expanded_url': 'https://twitter.com/i/web/status/1591005695398539267', 'display_url': 'twitter.com/i/web/status/1…', 'indices': [117, 140]}]",0,0,0,1,50343115
3054361064,human,Fri Nov 11 15:57:19 +0000 2022,1591097751995310080,1591097751995310080,"@JohannaGiraldoG @ehoyosce @cboteromarino 😻 Imagínate, una toda baby y juntándose con las grandes ligas je",False,"{'hashtags': [], 'symbols': [], 'user_mentions': [{'screen_name': 'JohannaGiraldoG', 'name': 'Johanna Giraldo', 'id': 82458162, 'id_str': '82458162', 'indices': [0, 16]}, {'screen_name': 'ehoyosce', 'name': 'Esteban Hoyos Ceballos', 'id': 36860258, 'id_str': '36860258', 'indices': [17, 26]}, {'screen_name': 'cboteromarino', 'name': 'Catalina Botero-Marino', 'id': 2865328068, 'id_str': '2865328068', 'indices': [27, 41]}], 'urls': []}","<a href=""http://twitter.com/download/android"" rel=""nofollow"">Twitter for Android</a>",1.5910958951685448e+18,1.5910958951685448e+18,82458162.0,82458162.0,JohannaGiraldoG,"{'id': 3054361064, 'id_str': '3054361064', 'name': 'Lucía Camacho', 'screen_name': 'LuCamachoG', 'location': '', 'description': 'Researcher on human rights, data justice & tech. Media Democracy Fund fellow at @Dejusticia \nFan of neuroscience & bach -- data science & piano learner', 'url': 'https://t.co/RnAGOClfiJ', 'entities': {'url': {'urls': [{'url': 'https://t.co/RnAGOClfiJ', 'expanded_url': 'https://www.linkedin.com/in/olcg/', 'display_url': 'linkedin.com/in/olcg/', 'indices': [0, 23]}]}, 'description': {'urls': []}}, 'protected': False, 'followers_count': 1293, 'friends_count': 2601, 'listed_count': 3, 'created_at': 'Mon Mar 02 02:48:18 +0000 2015', 'favourites_count': 21531, 'utc_offset': None, 'time_zone': None, 'geo_enabled': False, 'verified': False, 'statuses_count': 3325, 'lang': None, 'contributors_enabled': False, 'is_translator': False, 'is_translation_enabled': False, 'profile_background_color': '000000', 'profile_background_image_url': 'http://abs.twimg.com/images/themes/theme1/bg.png', 'profile_background_image_url_https': 'https://abs.twimg.com/images/themes/theme1/bg.png', 'profile_background_tile': False, 'profile_image_url': 'http://pbs.twimg.com/profile_images/1591103684745875456/VrcWWhpk_normal.jpg', 'profile_image_url_https': 'https://pbs.twimg.com/profile_images/1591103684745875456/VrcWWhpk_normal.jpg', 'profile_banner_url': 'https://pbs.twimg.com/profile_banners/3054361064/1548861529', 'profile_link_color': 'FF691F', 'profile_sidebar_border_color': '000000', 'profile_sidebar_fill_color': '000000', 'profile_text_color': '000000', 'profile_use_background_image': False, 'has_extended_profile': False, 'default_profile': False, 'default_profile_image': False, 'following': False, 'follow_request_sent': False, 'notifications': False, 'translator_type': 'none', 'withheld_in_countries': []}",,,,,False,,,,0,3,False,False,,es,[],[],"[{'screen_name': 'JohannaGiraldoG', 'name': 'Johanna Giraldo', 'id': 82458162, 'id_str': '82458162', 'indices': [0, 16]}, {'screen_name': 'ehoyosce', 'name': 'Esteban Hoyos Ceballos', 'id': 36860258, 'id_str': '36860258', 'indices': [17, 26]}, {'screen_name': 'cboteromarino', 'name': 'Catalina Botero-Marino', 'id': 2865328068, 'id_str': '2865328068', 'indices': [27, 41]}]",[],0,0,3,0,3054361064
158065720,human,Tue Nov 08 22:33:30 +0000 2022,1590110290091577344,1590110290091577344,Love this tool. Hope you make time to vote today! https://t.co/PpXQEg7PwE,False,"{'hashtags': [], 'symbols': [], 'user_mentions': [], 'urls': [{'url': 'https://t.co/PpXQEg7PwE', 'expanded_url': 'https://votersedge.org/votersedge.org/ca', 'display_url': 'votersedge.org/votersedge.org…', 'indices': [50, 73]}]}","<a href=""http://twitter.com/download/iphone"" rel=""nofollow"">Twitter for iPhone</a>",,,,,,"{'id': 158065720, 'id_str': '158065720', 'name': 'Saron', 'screen_name': 'saronyitbarek', 'location': '', 'description': '2x founder, building Disco, @CodeNewbies (acquired). I wore a t-shirt to my wedding. Dev. Podcaster. Habesha @Medium contributor. She/her', 'url': None, 'entities': {'description': {'urls': []}}, 'protected': False, 'followers_count': 37909, 'friends_count': 5393, 'listed_count': 943, 'created_at': 'Mon Jun 21 17:48:50 +0000 2010', 'favourites_count': 57668, 'utc_offset': None, 'time_zone': None, 'geo_enabled': False, 'verified': True, 'statuses_count': 27828, 'lang': None, 'contributors_enabled': False, 'is_translator': False, 'is_translation_enabled': False, 'profile_background_color': 'FFFFFF', 'profile_background_image_url': 'http://abs.twimg.com/images/themes/theme1/bg.png', 'profile_background_image_url_https': 'https://abs.twimg.com/images/themes/theme1/bg.png', 'profile_background_tile': False, 'profile_image_url': 'http://pbs.twimg.com/profile_images/1057577163300364290/XxPn2DSb_normal.jpg', 'profile_image_url_https': 'https://pbs.twimg.com/profile_images/1057577163300364290/XxPn2DSb_normal.jpg', 'profile_banner_url': 'https://pbs.twimg.com/profile_banners/158065720/1500255450', 'profile_link_color': '1EBDF7', 'profile_sidebar_border_color': 'FFFFFF', 'profile_sidebar_fill_color': 'DDEEF6', 'profile_text_color': '333333', 'profile_use_background_image': False, 'has_extended_profile': True, 'default_profile': False, 'default_profile_image': False, 'following': False, 'follow_request_sent': False, 'notifications': False, 'translator_type': 'none', 'withheld_in_countries': []}",,,,,False,,,,0,4,False,False,False,en,[],[],[],"[{'url': 'https://t.co/PpXQEg7PwE', 'expanded_url': 'https://votersedge.org/votersedge.org/ca', 'display_url': 'votersedge.org/votersedge.org…', 'indices': [50, 73]}]",0,0,0,1,158065720
1256624907305103360,bot,Tue Nov 16 02:34:53 +0000 2021,1460436181364068357,1460436181364068357,@VijeshKPoojari1 @SunRisers 😅😅,False,"{'hashtags': [], 'symbols': [], 'user_mentions': [{'screen_name': 'VijeshKPoojari1', 'name': 'Vijesh K Poojari', 'id': 1018444419257815040, 'id_str': '1018444419257815040', 'indices': [0, 16]}, {'screen_name': 'SunRisers', 'name': 'SunRisers Hyderabad', 'id': 989137039, 'id_str': '989137039', 'indices': [17, 27]}], 'urls': []}","<a href=""http://twitter.com/download/android"" rel=""nofollow"">Twitter for Android</a>",1.4601658561184197e+18,1.4601658561184195e+18,1.018444419257815e+18,1.018444419257815e+18,VijeshKPoojari1,"{'id': 1256624907305103360, 'id_str': '1256624907305103360', 'name': 'Mohammed Aashir', 'screen_name': 'aashir_mohammed', 'location': 'India', 'description': '', 'url': None, 'entities': {'description': {'urls': []}}, 'protected': False, 'followers_count': 21, 'friends_count': 53, 'listed_count': 0, 'created_at': 'Sat May 02 16:41:56 +0000 2020', 'favourites_count': 547, 'utc_offset': None, 'time_zone': None, 'geo_enabled': False, 'verified': False, 'statuses_count': 31, 'lang': None, 'contributors_enabled': False, 'is_translator': False, 'is_translation_enabled': False, 'profile_background_color': 'F5F8FA', 'profile_background_image_url': None, 'profile_background_image_url_https': None, 'profile_background_tile': False, 'profile_image_url': 'http://pbs.twimg.com/profile_images/1269901991028785153/H9gGlnVi_normal.jpg', 'profile_image_url_https': 'https://pbs.twimg.com/profile_images/1269901991028785153/H9gGlnVi_normal.jpg', 'profile_link_color': '1DA1F2', 'profile_sidebar_border_color': 'C0DEED', 'profile_sidebar_fill_color': 'DDEEF6', 'profile_text_color': '333333', 'profile_use_background_image': True, 'has_extended_profile': False, 'default_profile': True, 'default_profile_image': False, 'following': False, 'follow_request_sent': False, 'notifications': False, 'translator_type': 'none', 'withheld_in_countries': []}",,,,,False,,,,0,1,False,False,,und,[],[],"[{'screen_name': 'VijeshKPoojari1', 'name': 'Vijesh K Poojari', 'id': 1018444419257815040, 'id_str': '1018444419257815040', 'indices': [0, 16]}, {'screen_name': 'SunRisers', 'name': 'SunRisers Hyderabad', 'id': 989137039, 'id_str': '989137039', 'indices': [17, 27]}]",[],0,0,2,0,1256624907305103360
1435411515230785540,human,Tue Oct 04 10:20:03 +0000 2022,1577242137045110785,1577242137045110785,@Antess123 Super 😍😍,False,"{'hashtags': [], 'symbols': [], 'user_mentions': [{'screen_name': 'Antess123', 'name': 'Antess', 'id': 1552861294621085700, 'id_str': '1552861294621085700', 'indices': [0, 10]}], 'urls': []}","<a href=""http://twitter.com/download/android"" rel=""nofollow"">Twitter for Android</a>",1.5770926214150676e+18,1.5770926214150676e+18,1.5528612946210857e+18,1.5528612946210857e+18,Antess123,"{'id': 1435411515230785540, 'id_str': '1435411515230785540', 'name': 'Abdoul aziz Bachar', 'screen_name': 'BacharAbdoul', 'location': '', 'description': 'Simplement', 'url': None, 'entities': {'description': {'urls': []}}, 'protected': False, 'followers_count': 247, 'friends_count': 870, 'listed_count': 0, 'created_at': 'Wed Sep 08 01:16:11 +0000 2021', 'favourites_count': 283, 'utc_offset': None, 'time_zone': None, 'geo_enabled': False, 'verified': False, 'statuses_count': 88, 'lang': None, 'contributors_enabled': False, 'is_translator': False, 'is_translation_enabled': False, 'profile_background_color': 'F5F8FA', 'profile_background_image_url': None, 'profile_background_image_url_https': None, 'profile_background_tile': False, 'profile_image_url': 'http://pbs.twimg.com/profile_images/1435411849986596865/0t9z7gsQ_normal.jpg', 'profile_image_url_https': 'https://pbs.twimg.com/profile_images/1435411849986596865/0t9z7gsQ_normal.jpg', 'profile_link_color': '1DA1F2', 'profile_sidebar_border_color': 'C0DEED', 'profile_sidebar_fill_color': 'DDEEF6', 'profile_text_color': '333333', 'profile_use_background_image': True, 'has_extended_profile': True, 'default_profile': True, 'default_profile_image': False, 'following': False, 'follow_request_sent': False, 'notifications': False, 'translator_type': 'none', 'withheld_in_countries': []}",,,,,False,,,,0,1,False,False,,en,[],[],"[{'screen_name': 'Antess123', 'name': 'Antess', 'id': 1552861294621085700, 'id_str': '1552861294621085700', 'indices': [0, 10]}]",[],0,0,1,0,1435411515230785540
901231978766376961,human,Sun Oct 23 14:31:04 +0000 2022,1584190675196661760,1584190675196661760,https://t.co/7Yf8ESbRoZ https://t.co/GJhDu5qyvM,False,"{'hashtags': [], 'symbols': [], 'user_mentions': [], 'urls': [{'url': 'https://t.co/7Yf8ESbRoZ', 'expanded_url': 'https://www.nytimes.com/2022/10/21/arts/design/museum-food-exhibitions.html', 'display_url': 'nytimes.com/2022/10/21/art…', 'indices': [0, 23]}], 'media': [{'id': 1584190525321748487, 'id_str': '1584190525321748487', 'indices': [24, 47], 'media_url': 'http://pbs.twimg.com/media/Ffws465XoAcOsM2.jpg', 'media_url_https': 'https://pbs.twimg.com/media/Ffws465XoAcOsM2.jpg', 'url': 'https://t.co/GJhDu5qyvM', 'display_url': 'pic.twitter.com/GJhDu5qyvM', 'expanded_url': 'https://twitter.com/marc_trev/status/1584190675196661760/photo/1', 'type': 'photo', 'sizes': {'medium': {'w': 600, 'h': 592, 'resize': 'fit'}, 'thumb': {'w': 150, 'h': 150, 'resize': 'crop'}, 'small': {'w': 600, 'h': 592, 'resize': 'fit'}, 'large': {'w': 600, 'h': 592, 'resize': 'fit'}}}]}","<a href=""https://mobile.twitter.com"" rel=""nofollow"">Twitter Web App</a>",,,,,,"{'id': 901231978766376961, 'id_str': '901231978766376961', 'name': 'Marcos Trevisan', 'screen_name': 'marc_trev', 'location': '', 'description': 'Investigador en CONICET / Profesor en el departamento de Física FCEN-UBA', 'url': None, 'entities': {'description': {'urls': []}}, 'protected': False, 'followers_count': 144, 'friends_count': 240, 'listed_count': 1, 'created_at': 'Fri Aug 25 23:57:02 +0000 2017', 'favourites_count': 495, 'utc_offset': None, 'time_zone': None, 'geo_enabled': False, 'verified': False, 'statuses_count': 50, 'lang': None, 'contributors_enabled': False, 'is_translator': False, 'is_translation_enabled': False, 'profile_background_color': 'F5F8FA', 'profile_background_image_url': None, 'profile_background_image_url_https': None, 'profile_background_tile': False, 'profile_image_url': 'http://pbs.twimg.com/profile_images/1584588354414329857/byGg1uR3_normal.jpg', 'profile_image_url_https': 'https://pbs.twimg.com/profile_images/1584588354414329857/byGg1uR3_normal.jpg', 'profile_banner_url': 'https://pbs.twimg.com/profile_banners/901231978766376961/1580915841', 'profile_link_color': '1DA1F2', 'profile_sidebar_border_color': 'C0DEED', 'profile_sidebar_fill_color': 'DDEEF6', 'profile_text_color': '333333', 'profile_use_background_image': True, 'has_extended_profile': True, 'default_profile': True, 'default_profile_image': False, 'following': False, 'follow_request_sent': False, 'notifications': False, 'translator_type': 'none', 'withheld_in_countries': []}",,,,,False,,,,1,6,False,False,False,zxx,[],[],[],"[{'url': 'https://t.co/7Yf8ESbRoZ', 'expanded_url': 'https://www.nytimes.com/2022/10/21/arts/design/museum-food-exhibitions.html', 'display_url': 'nytimes.com/2022/10/21/art…', 'indices': [0, 23]}]",0,0,0,1,901231978766376961
1232773000627396608,human,Fri Jul 15 17:59:34 +0000 2022,1548004360575016963,1548004360575016963,@cathlab_laura @CardioTeamNNUH Great work Laura &amp; team 👏👏,False,"{'hashtags': [], 'symbols': [], 'user_mentions': [{'screen_name': 'cathlab_laura', 'name': 'Laura Aitken', 'id': 958637794225770501, 'id_str': '958637794225770501', 'indices': [0, 14]}, {'screen_name': 'CardioTeamNNUH', 'name': 'Cardiology Department NNUH', 'id': 970671773514596353, 'id_str': '970671773514596353', 'indices': [15, 30]}], 'urls': []}","<a href=""http://twitter.com/download/iphone"" rel=""nofollow"">Twitter for iPhone</a>",1.5478327936603996e+18,1.5478327936603996e+18,9.586377942257704e+17,9.586377942257705e+17,cathlab_laura,"{'id': 1232773000627396608, 'id_str': '1232773000627396608', 'name': 'NNUH Resuscitation & Education Services-RRT', 'screen_name': 'NNUHTeamResus', 'location': 'Norwich,Norfolk', 'description': 'The NNUH Resuscitation Departments official Twitter account.', 'url': None, 'entities': {'description': {'urls': []}}, 'protected': False, 'followers_count': 458, 'friends_count': 510, 'listed_count': 0, 'created_at': 'Wed Feb 26 21:02:55 +0000 2020', 'favourites_count': 360, 'utc_offset': None, 'time_zone': None, 'geo_enabled': True, 'verified': False, 'statuses_count': 213, 'lang': None, 'contributors_enabled': False, 'is_translator': False, 'is_translation_enabled': False, 'profile_background_color': 'F5F8FA', 'profile_background_image_url': None, 'profile_background_image_url_https': None, 'profile_background_tile': False, 'profile_image_url': 'http://pbs.twimg.com/profile_images/1418255925312360451/tx_YGCzJ_normal.jpg', 'profile_image_url_https': 'https://pbs.twimg.com/profile_images/1418255925312360451/tx_YGCzJ_normal.jpg', 'profile_banner_url': 'https://pbs.twimg.com/profile_banners/1232773000627396608/1582751526', 'profile_link_color': '1DA1F2', 'profile_sidebar_border_color': 'C0DEED', 'profile_sidebar_fill_color': 'DDEEF6', 'profile_text_color': '333333', 'profile_use_background_image': True, 'has_extended_profile': False, 'default_profile': True, 'default_profile_image': False, 'following': False, 'follow_request_sent': False, 'notifications': False, 'translator_type': 'none', 'withheld_in_countries': []}",,,,,False,,,,0,1,False,False,,en,[],[],"[{'screen_name': 'cathlab_laura', 'name': 'Laura Aitken', 'id': 958637794225770501, 'id_str': '958637794225770501', 'indices': [0, 14]}, {'screen_name': 'CardioTeamNNUH', 'name': 'Cardiology Department NNUH', 'id': 970671773514596353, 'id_str': '970671773514596353', 'indices': [15, 30]}]",[],0,0,2,0,1232773000627396608
1478744084500078593,bot,Thu Feb 10 08:09:44 +0000 2022,1491685805005410304,1491685805005410304,@fullylow @CDenbesten @KD7BurnerAcount @TheHoopCentral 2 of those seasons with the wizards bc he was bored and 2 wi… https://t.co/OeMwykGaP2,True,"{'hashtags': [], 'symbols': [], 'user_mentions': [{'screen_name': 'fullylow', 'name': 'goat', 'id': 840038703292637186, 'id_str': '840038703292637186', 'indices': [0, 9]}, {'screen_name': 'CDenbesten', 'name': 'Dutchy', 'id': 629848280, 'id_str': '629848280', 'indices': [10, 21]}, {'screen_name': 'KD7BurnerAcount', 'name': 'KD', 'id': 1159390184322076672, 'id_str': '1159390184322076672', 'indices': [22, 38]}, {'screen_name': 'TheHoopCentral', 'name': 'Hoop Central', 'id': 3022889996, 'id_str': '3022889996', 'indices': [39, 54]}], 'urls': [{'url': 'https://t.co/OeMwykGaP2', 'expanded_url': 'https://twitter.com/i/web/status/1491685805005410304', 'display_url': 'twitter.com/i/web/status/1…', 'indices': [117, 140]}]}","<a href=""http://twitter.com/download/iphone"" rel=""nofollow"">Twitter for iPhone</a>",1.491659615221817e+18,1.4916596152218173e+18,8.400387032926372e+17,8.400387032926372e+17,fullylow,"{'id': 1478744084500078593, 'id_str': '1478744084500078593', 'name': 'Alex', 'screen_name': 'endoplasmarist2', 'location': '', 'description': 'New account', 'url': None, 'entities': {'description': {'urls': []}}, 'protected': False, 'followers_count': 21, 'friends_count': 219, 'listed_count': 0, 'created_at': 'Wed Jan 05 15:04:09 +0000 2022', 'favourites_count': 128, 'utc_offset': None, 'time_zone': None, 'geo_enabled': False, 'verified': False, 'statuses_count': 4, 'lang': None, 'contributors_enabled': False, 'is_translator': False, 'is_translation_enabled': False, 'profile_background_color': 'F5F8FA', 'profile_background_image_url': None, 'profile_background_image_url_https': None, 'profile_background_tile': False, 'profile_image_url': 'http://pbs.twimg.com/profile_images/1478744197284909063/rgzE3KWo_normal.jpg', 'profile_image_url_https': 'https://pbs.twimg.com/profile_images/1478744197284909063/rgzE3KWo_normal.jpg', 'profile_link_color': '1DA1F2', 'profile_sidebar_border_color': 'C0DEED', 'profile_sidebar_fill_color': 'DDEEF6', 'profile_text_color': '333333', 'profile_use_background_image': True, 'has_extended_profile': True, 'default_profile': True, 'default_profile_image': False, 'following': False, 'follow_request_sent': False, 'notifications': False, 'translator_type': 'none', 'withheld_in_countries': []}",,,,,False,,,,0,1,False,False,,en,[],[],"[{'screen_name': 'fullylow', 'name': 'goat', 'id': 840038703292637186, 'id_str': '840038703292637186', 'indices': [0, 9]}, {'screen_name': 'CDenbesten', 'name': 'Dutchy', 'id': 629848280, 'id_str': '629848280', 'indices': [10, 21]}, {'screen_name': 'KD7BurnerAcount', 'name': 'KD', 'id': 1159390184322076672, 'id_str': '1159390184322076672', 'indices': [22, 38]}, {'screen_name': 'TheHoopCentral', 'name': 'Hoop Central', 'id': 3022889996, 'id_str': '3022889996', 'indices': [39, 54]}]","[{'url': 'https://t.co/OeMwykGaP2', 'expanded_url': 'https://twitter.com/i/web/status/1491685805005410304', 'display_url': 'twitter.com/i/web/status/1…', 'indices': [117, 140]}]",0,0,4,1,1478744084500078593
43194755,human,Fri Nov 11 16:07:16 +0000 2022,1591100252438007809,1591100252438007809,@Quudeee Thank you for reposting our content to get our latest PSA out there! 🌎,False,"{'hashtags': [], 'symbols': [], 'user_mentions': [{'screen_name': 'Quudeee', 'name': 'QD', 'id': 1562072427320037376, 'id_str': '1562072427320037376', 'indices': [0, 8]}], 'urls': []}","<a href=""https://mobile.twitter.com"" rel=""nofollow"">Twitter Web App</a>",1.5909394907090166e+18,1.5909394907090166e+18,1.5620724273200374e+18,1.5620724273200374e+18,Quudeee,"{'id': 43194755, 'id_str': '43194755', 'name': 'WildAid', 'screen_name': 'WildAid', 'location': 'San Francisco', 'description': 'WildAid fights for wildlife by targeting consumer demand for illicit products including ivory, rhino horn and shark fin. Join us. #JoinTheHerd', 'url': 'https://t.co/wU5vJQAPMx', 'entities': {'url': {'urls': [{'url': 'https://t.co/wU5vJQAPMx', 'expanded_url': 'http://wildaid.org', 'display_url': 'wildaid.org', 'indices': [0, 23]}]}, 'description': {'urls': []}}, 'protected': False, 'followers_count': 63716, 'friends_count': 1799, 'listed_count': 968, 'created_at': 'Thu May 28 20:57:20 +0000 2009', 'favourites_count': 15373, 'utc_offset': None, 'time_zone': None, 'geo_enabled': True, 'verified': True, 'statuses_count': 15154, 'lang': None, 'contributors_enabled': False, 'is_translator': False, 'is_translation_enabled': False, 'profile_background_color': '0099B9', 'profile_background_image_url': 'http://abs.twimg.com/images/themes/theme4/bg.gif', 'profile_background_image_url_https': 'https://abs.twimg.com/images/themes/theme4/bg.gif', 'profile_background_tile': False, 'profile_image_url': 'http://pbs.twimg.com/profile_images/1562915203724980226/S8u3QmMl_normal.jpg', 'profile_image_url_https': 'https://pbs.twimg.com/profile_images/1562915203724980226/S8u3QmMl_normal.jpg', 'profile_banner_url': 'https://pbs.twimg.com/profile_banners/43194755/1463853345', 'profile_link_color': '000000', 'profile_sidebar_border_color': 'FFFFFF', 'profile_sidebar_fill_color': '95E8EC', 'profile_text_color': '3C3940', 'profile_use_background_image': True, 'has_extended_profile': False, 'default_profile': False, 'default_profile_image': False, 'following': False, 'follow_request_sent': False, 'notifications': False, 'translator_type': 'none', 'withheld_in_countries': []}",,,"{'id': '0509a6acb3d27ec4', 'url': 'https://api.twitter.com/1.1/geo/id/0509a6acb3d27ec4.json', 'place_type': 'city', 'name': 'Thousand Oaks', 'full_name': 'Thousand Oaks, CA', 'country_code': 'US', 'country': 'United States', 'contained_within': [], 'bounding_box': {'type': 'Polygon', 'coordinates': [[[-119.061758, 34.126875], [-118.776015, 34.126875], [-118.776015, 34.2500812], [-119.061758, 34.2500812]]]}, 'attributes': {}}",,False,,,,0,0,False,False,,en,[],[],"[{'screen_name': 'Quudeee', 'name': 'QD', 'id': 1562072427320037376, 'id_str': '1562072427320037376', 'indices': [0, 8]}]",[],0,0,1,0,43194755
1372879289050308610,bot,Sun May 15 05:05:03 +0000 2022,1525703786215493633,1525703786215493633,Have you read our whitepaper? There's a lot in store for you! Head over to GitHub and see what future awaits!… https://t.co/ggpZcZoAkN,True,"{'hashtags': [], 'symbols': [], 'user_mentions': [], 'urls': [{'url': 'https://t.co/ggpZcZoAkN', 'expanded_url': 'https://twitter.com/i/web/status/1525703786215493633', 'display_url': 'twitter.com/i/web/status/1…', 'indices': [111, 134]}]}","<a href=""https://recurpost.com"" rel=""nofollow"">recurpost.com</a>",,,,,,"{'id': 1372879289050308610, 'id_str': '1372879289050308610', 'name': 'Vegaswap Relaunch', 'screen_name': 'VegaswapAMM', 'location': 'Blue Earth, MN', 'description': 'Vegaswap is your next generation AMM Protocol to solve impermanent loss with SMART Pools and Dynamic Fees Join our Telegram chat group https://t.co/Il6NiSVDVL 🔥', 'url': 'https://t.co/fJnKYIsplC', 'entities': {'url': {'urls': [{'url': 'https://t.co/fJnKYIsplC', 'expanded_url': 'http://vegaswap.io', 'display_url': 'vegaswap.io', 'indices': [0, 23]}]}, 'description': {'urls': [{'url': 'https://t.co/Il6NiSVDVL', 'expanded_url': 'http://t.me/VegaswapRelaunch', 'display_url': 't.me/VegaswapRelaun…', 'indices': [135, 158]}]}}, 'protected': False, 'followers_count': 21273, 'friends_count': 42, 'listed_count': 31, 'created_at': 'Fri Mar 19 11:55:23 +0000 2021', 'favourites_count': 607, 'utc_offset': None, 'time_zone': None, 'geo_enabled': False, 'verified': False, 'statuses_count': 989, 'lang': None, 'contributors_enabled': False, 'is_translator': False, 'is_translation_enabled': False, 'profile_background_color': 'F5F8FA', 'profile_background_image_url': None, 'profile_background_image_url_https': None, 'profile_background_tile': False, 'profile_image_url': 'http://pbs.twimg.com/profile_images/1390137204287033349/8stRZ37g_normal.jpg', 'profile_image_url_https': 'https://pbs.twimg.com/profile_images/1390137204287033349/8stRZ37g_normal.jpg', 'profile_banner_url': 'https://pbs.twimg.com/profile_banners/1372879289050308610/1634031694', 'profile_link_color': '1DA1F2', 'profile_sidebar_border_color': 'C0DEED', 'profile_sidebar_fill_color': 'DDEEF6', 'profile_text_color': '333333', 'profile_use_background_image': True, 'has_extended_profile': False, 'default_profile': True, 'default_profile_image': False, 'following': False, 'follow_request_sent': False, 'notifications': False, 'translator_type': 'none', 'withheld_in_countries': []}",,,,,False,,,,1,0,False,False,False,en,[],[],[],"[{'url': 'https://t.co/ggpZcZoAkN', 'expanded_url': 'https://twitter.com/i/web/status/1525703786215493633', 'display_url': 'twitter.com/i/web/status/1…', 'indices': [111, 134]}]",0,0,0,1,1372879289050308610
1130741271478378496,bot,Wed Nov 09 11:02:59 +0000 2022,1590298901684240384,1590298901684240384,"Sign her up for the Olympics! 

Oh wait! Maybe make the the Paralympics 🤔 https://t.co/0T05A0HBNe",False,"{'hashtags': [], 'symbols': [], 'user_mentions': [], 'urls': [], 'media': [{'id': 1590298859212881920, 'id_str': '1590298859212881920', 'indices': [74, 97], 'media_url': 'http://pbs.twimg.com/ext_tw_video_thumb/1590298859212881920/pu/img/Kn1k9NUmuQLhrMt2.jpg', 'media_url_https': 'https://pbs.twimg.com/ext_tw_video_thumb/1590298859212881920/pu/img/Kn1k9NUmuQLhrMt2.jpg', 'url': 'https://t.co/0T05A0HBNe', 'display_url': 'pic.twitter.com/0T05A0HBNe', 'expanded_url': 'https://twitter.com/clownabsolute1/status/1590298901684240384/video/1', 'type': 'photo', 'sizes': {'thumb': {'w': 150, 'h': 150, 'resize': 'crop'}, 'small': {'w': 383, 'h': 680, 'resize': 'fit'}, 'large': {'w': 720, 'h': 1280, 'resize': 'fit'}, 'medium': {'w': 675, 'h': 1200, 'resize': 'fit'}}}]}","<a href=""http://twitter.com/download/iphone"" rel=""nofollow"">Twitter for iPhone</a>",,,,,,"{'id': 1130741271478378496, 'id_str': '1130741271478378496', 'name': 'You Absolute Clown', 'screen_name': 'clownabsolute1', 'location': 'South Wales, UK', 'description': ""Don't own any of the content. Just spreading it around for a laugh.  Follow @VesperCrimson, my music production page."", 'url': None, 'entities': {'description': {'urls': []}}, 'protected': False, 'followers_count': 226957, 'friends_count': 40, 'listed_count': 931, 'created_at': 'Tue May 21 07:45:02 +0000 2019', 'favourites_count': 1416, 'utc_offset': None, 'time_zone': None, 'geo_enabled': False, 'verified': False, 'statuses_count': 80, 'lang': None, 'contributors_enabled': False, 'is_translator': False, 'is_translation_enabled': False, 'profile_background_color': 'F5F8FA', 'profile_background_image_url': None, 'profile_background_image_url_https': None, 'profile_background_tile': False, 'profile_image_url': 'http://pbs.twimg.com/profile_images/1476538615073288193/Un5jxr6P_normal.jpg', 'profile_image_url_https': 'https://pbs.twimg.com/profile_images/1476538615073288193/Un5jxr6P_normal.jpg', 'profile_banner_url': 'https://pbs.twimg.com/profile_banners/1130741271478378496/1640869959', 'profile_link_color': '1DA1F2', 'profile_sidebar_border_color': 'C0DEED', 'profile_sidebar_fill_color': 'DDEEF6', 'profile_text_color': '333333', 'profile_use_background_image': True, 'has_extended_profile': True, 'default_profile': True, 'default_profile_image': False, 'following': False, 'follow_request_sent': False, 'notifications': False, 'translator_type': 'none', 'withheld_in_countries': []}",,,,,False,,,,20,209,False,False,False,en,[],[],[],[],0,0,0,0,1130741271478378496
633907829,human,Fri Jul 27 21:00:02 +0000 2012,228957946112008193,228957946112008193,"Live Partial Liver Transplant Patient Thanks Stanford Physicians for Rare, Life-Changing Operation http://t.co/4QsojyE3",False,"{'hashtags': [], 'symbols': [], 'user_mentions': [], 'urls': [{'url': 'http://t.co/4QsojyE3', 'expanded_url': 'http://bit.ly/P6ZXt9', 'display_url': 'bit.ly/P6ZXt9', 'indices': [99, 119]}]}","<a href=""https://dev.twitter.com/docs/tfw"" rel=""nofollow"">Twitter for Websites</a>",,,,,,"{'id': 633907829, 'id_str': '633907829', 'name': 'Linda Apeles', 'screen_name': 'StanfordHospPR', 'location': 'Stanford, CA', 'description': 'Media Relations Manager at Stanford Hospital & Clinics', 'url': 'http://t.co/x02nwhQ0xW', 'entities': {'url': {'urls': [{'url': 'http://t.co/x02nwhQ0xW', 'expanded_url': 'http://stanfordhospital.org/', 'display_url': 'stanfordhospital.org', 'indices': [0, 22]}]}, 'description': {'urls': []}}, 'protected': False, 'followers_count': 25, 'friends_count': 46, 'listed_count': 0, 'created_at': 'Thu Jul 12 17:41:08 +0000 2012', 'favourites_count': 0, 'utc_offset': None, 'time_zone': None, 'geo_enabled': False, 'verified': False, 'statuses_count': 3, 'lang': None, 'contributors_enabled': False, 'is_translator': False, 'is_translation_enabled': False, 'profile_background_color': 'C0DEED', 'profile_background_image_url': 'http://abs.twimg.com/images/themes/theme1/bg.png', 'profile_background_image_url_https': 'https://abs.twimg.com/images/themes/theme1/bg.png', 'profile_background_tile': False, 'profile_image_url': 'http://pbs.twimg.com/profile_images/2391664899/da3skj0cp3l3q21powur_normal.jpeg', 'profile_image_url_https': 'https://pbs.twimg.com/profile_images/2391664899/da3skj0cp3l3q21powur_normal.jpeg', 'profile_link_color': '1DA1F2', 'profile_sidebar_border_color': 'C0DEED', 'profile_sidebar_fill_color': 'DDEEF6', 'profile_text_color': '333333', 'profile_use_background_image': True, 'has_extended_profile': False, 'default_profile': True, 'default_profile_image': False, 'following': False, 'follow_request_sent': False, 'notifications': False, 'translator_type': 'none', 'withheld_in_countries': []}",,,,,False,,,,0,0,False,False,False,en,[],[],[],"[{'url': 'http://t.co/4QsojyE3', 'expanded_url': 'http://bit.ly/P6ZXt9', 'display_url': 'bit.ly/P6ZXt9', 'indices': [99, 119]}]",0,0,0,1,633907829
8724862,human,Fri Nov 11 12:49:00 +0000 2022,1591050358201409536,1591050358201409536,"“My most developed skill is negotiation — and it is a horizontal, not a vertical skill. It doesn’t depend on deep i… https://t.co/MP27zQScl7",True,"{'hashtags': [], 'symbols': [], 'user_mentions': [], 'urls': [{'url': 'https://t.co/MP27zQScl7', 'expanded_url': 'https://twitter.com/i/web/status/1591050358201409536', 'display_url': 'twitter.com/i/web/status/1…', 'indices': [117, 140]}]}","<a href=""https://sproutsocial.com"" rel=""nofollow"">Sprout Social</a>",,,,,,"{'id': 8724862, 'id_str': '8724862', 'name': 'MIT Sloan School of Management', 'screen_name': 'MITSloan', 'location': 'Cambridge, MA', 'description': 'Ideas made to matter.', 'url': 'https://t.co/e696lGN18P', 'entities': {'url': {'urls': [{'url': 'https://t.co/e696lGN18P', 'expanded_url': 'http://mitsloan.mit.edu', 'display_url': 'mitsloan.mit.edu', 'indices': [0, 23]}]}, 'description': {'urls': []}}, 'protected': False, 'followers_count': 276989, 'friends_count': 1189, 'listed_count': 3842, 'created_at': 'Fri Sep 07 14:20:25 +0000 2007', 'favourites_count': 3071, 'utc_offset': None, 'time_zone': None, 'geo_enabled': True, 'verified': True, 'statuses_count': 29720, 'lang': None, 'contributors_enabled': False, 'is_translator': False, 'is_translation_enabled': False, 'profile_background_color': '970033', 'profile_background_image_url': 'http://abs.twimg.com/images/themes/theme6/bg.gif', 'profile_background_image_url_https': 'https://abs.twimg.com/images/themes/theme6/bg.gif', 'profile_background_tile': False, 'profile_image_url': 'http://pbs.twimg.com/profile_images/973932722652700672/n7h0JpfE_normal.jpg', 'profile_image_url_https': 'https://pbs.twimg.com/profile_images/973932722652700672/n7h0JpfE_normal.jpg', 'profile_banner_url': 'https://pbs.twimg.com/profile_banners/8724862/1655485678', 'profile_link_color': 'A90534', 'profile_sidebar_border_color': 'FFFFFF', 'profile_sidebar_fill_color': 'F3F3F3', 'profile_text_color': '4F535E', 'profile_use_background_image': True, 'has_extended_profile': False, 'default_profile': False, 'default_profile_image': False, 'following': False, 'follow_request_sent': False, 'notifications': False, 'translator_type': 'none', 'withheld_in_countries': []}",,,,,False,,,,0,2,False,False,False,en,[],[],[],"[{'url': 'https://t.co/MP27zQScl7', 'expanded_url': 'https://twitter.com/i/web/status/1591050358201409536', 'display_url': 'twitter.com/i/web/status/1…', 'indices': [117, 140]}]",0,0,0,1,8724862
285685293,human,Fri Nov 11 02:22:31 +0000 2022,1590892700383186946,1590892700383186946,@_VicenteSerrano @AlfredoJalife Me caí que te va a estallar la cabeza.,False,"{'hashtags': [], 'symbols': [], 'user_mentions': [{'screen_name': '_VicenteSerrano', 'name': 'Sin Censura', 'id': 628750106, 'id_str': '628750106', 'indices': [0, 16]}, {'screen_name': 'AlfredoJalife', 'name': 'Alfredo Jalife-Rahme', 'id': 66269763, 'id_str': '66269763', 'indices': [17, 31]}], 'urls': []}","<a href=""http://twitter.com/download/android"" rel=""nofollow"">Twitter for Android</a>",1.5907298155059077e+18,1.5907298155059077e+18,628750106.0,628750106.0,_VicenteSerrano,"{'id': 285685293, 'id_str': '285685293', 'name': 'T1CORIOS', 'screen_name': 'VICENTERIOSOLEA', 'location': 'GUERRERO', 'description': '', 'url': None, 'entities': {'description': {'urls': []}}, 'protected': False, 'followers_count': 56, 'friends_count': 239, 'listed_count': 0, 'created_at': 'Thu Apr 21 16:05:31 +0000 2011', 'favourites_count': 15484, 'utc_offset': None, 'time_zone': None, 'geo_enabled': True, 'verified': False, 'statuses_count': 4625, 'lang': None, 'contributors_enabled': False, 'is_translator': False, 'is_translation_enabled': False, 'profile_background_color': 'C0DEED', 'profile_background_image_url': 'http://abs.twimg.com/images/themes/theme1/bg.png', 'profile_background_image_url_https': 'https://abs.twimg.com/images/themes/theme1/bg.png', 'profile_background_tile': False, 'profile_image_url': 'http://pbs.twimg.com/profile_images/1330502321097363458/-Czyach5_normal.jpg', 'profile_image_url_https': 'https://pbs.twimg.com/profile_images/1330502321097363458/-Czyach5_normal.jpg', 'profile_banner_url': 'https://pbs.twimg.com/profile_banners/285685293/1531569915', 'profile_link_color': '1DA1F2', 'profile_sidebar_border_color': 'C0DEED', 'profile_sidebar_fill_color': 'DDEEF6', 'profile_text_color': '333333', 'profile_use_background_image': True, 'has_extended_profile': True, 'default_profile': True, 'default_profile_image': False, 'following': False, 'follow_request_sent': False, 'notifications': False, 'translator_type': 'none', 'withheld_in_countries': []}",,,,,False,,,,0,0,False,False,,es,[],[],"[{'screen_name': '_VicenteSerrano', 'name': 'Sin Censura', 'id': 628750106, 'id_str': '628750106', 'indices': [0, 16]}, {'screen_name': 'AlfredoJalife', 'name': 'Alfredo Jalife-Rahme', 'id': 66269763, 'id_str': '66269763', 'indices': [17, 31]}]",[],0,0,2,0,285685293
2793278536,human,Tue Apr 28 23:02:41 +0000 2015,593188613430587392,593188613430587392,Welcome @RealIainDowie,False,"{'hashtags': [], 'symbols': [], 'user_mentions': [{'screen_name': 'RealIainDowie', 'name': 'Iain Dowie', 'id': 3219109425, 'id_str': '3219109425', 'indices': [8, 22]}], 'urls': []}","<a href=""http://twitter.com/download/iphone"" rel=""nofollow"">Twitter for iPhone</a>",,,,,,"{'id': 2793278536, 'id_str': '2793278536', 'name': 'Graeme Souness', 'screen_name': 'mrGraemeSouness', 'location': '', 'description': 'official account of Graeme James Souness', 'url': None, 'entities': {'description': {'urls': []}}, 'protected': False, 'followers_count': 2103, 'friends_count': 29, 'listed_count': 10, 'created_at': 'Tue Sep 30 00:59:07 +0000 2014', 'favourites_count': 12, 'utc_offset': None, 'time_zone': None, 'geo_enabled': False, 'verified': False, 'statuses_count': 6, 'lang': None, 'contributors_enabled': False, 'is_translator': False, 'is_translation_enabled': False, 'profile_background_color': 'C0DEED', 'profile_background_image_url': 'http://abs.twimg.com/images/themes/theme1/bg.png', 'profile_background_image_url_https': 'https://abs.twimg.com/images/themes/theme1/bg.png', 'profile_background_tile': False, 'profile_image_url': 'http://pbs.twimg.com/profile_images/516756067121111041/g6E1S7HN_normal.jpeg', 'profile_image_url_https': 'https://pbs.twimg.com/profile_images/516756067121111041/g6E1S7HN_normal.jpeg', 'profile_link_color': '1DA1F2', 'profile_sidebar_border_color': 'C0DEED', 'profile_sidebar_fill_color': 'DDEEF6', 'profile_text_color': '333333', 'profile_use_background_image': True, 'has_extended_profile': False, 'default_profile': True, 'default_profile_image': False, 'following': False, 'follow_request_sent': False, 'notifications': False, 'translator_type': 'none', 'withheld_in_countries': []}",,,,,False,,,,1,3,False,False,,en,[],[],"[{'screen_name': 'RealIainDowie', 'name': 'Iain Dowie', 'id': 3219109425, 'id_str': '3219109425', 'indices': [8, 22]}]",[],0,0,1,0,2793278536
1442379663452504064,human,Fri Sep 23 17:54:14 +0000 2022,1573370166779744256,1573370166779744256,#MahsaAmini,False,"{'hashtags': [{'text': 'MahsaAmini', 'indices': [0, 11]}], 'symbols': [], 'user_mentions': [], 'urls': []}","<a href=""https://mobile.twitter.com"" rel=""nofollow"">Twitter Web App</a>",,,,,,"{'id': 1442379663452504064, 'id_str': '1442379663452504064', 'name': 'Pink one', 'screen_name': 'mjnazir9', 'location': 'Lost in sureal world', 'description': '', 'url': None, 'entities': {'description': {'urls': []}}, 'protected': False, 'followers_count': 0, 'friends_count': 108, 'listed_count': 0, 'created_at': 'Mon Sep 27 06:45:16 +0000 2021', 'favourites_count': 69, 'utc_offset': None, 'time_zone': None, 'geo_enabled': False, 'verified': False, 'statuses_count': 22, 'lang': None, 'contributors_enabled': False, 'is_translator': False, 'is_translation_enabled': False, 'profile_background_color': 'F5F8FA', 'profile_background_image_url': None, 'profile_background_image_url_https': None, 'profile_background_tile': False, 'profile_image_url': 'http://pbs.twimg.com/profile_images/1449053047833956359/VIkApINM_normal.jpg', 'profile_image_url_https': 'https://pbs.twimg.com/profile_images/1449053047833956359/VIkApINM_normal.jpg', 'profile_link_color': '1DA1F2', 'profile_sidebar_border_color': 'C0DEED', 'profile_sidebar_fill_color': 'DDEEF6', 'profile_text_color': '333333', 'profile_use_background_image': True, 'has_extended_profile': True, 'default_profile': True, 'default_profile_image': False, 'following': False, 'follow_request_sent': False, 'notifications': False, 'translator_type': 'none', 'withheld_in_countries': []}",,,,,False,,,,0,0,False,False,,qht,"[{'text': 'MahsaAmini', 'indices': [0, 11]}]",[],[],[],1,0,0,0,1442379663452504064
1052261717835751425,human,Tue Mar 22 06:23:00 +0000 2022,1506154456823615493,1506154456823615493,@FrauBadbits https://t.co/yqZNSmxjEJ,False,"{'hashtags': [], 'symbols': [], 'user_mentions': [{'screen_name': 'FrauBadbits', 'name': 'yvonne.', 'id': 1212360344363921409, 'id_str': '1212360344363921409', 'indices': [0, 12]}], 'urls': [], 'media': [{'id': 1506154448728563715, 'id_str': '1506154448728563715', 'indices': [13, 36], 'media_url': 'http://pbs.twimg.com/tweet_video_thumb/FObvfb1XIAMk_ok.jpg', 'media_url_https': 'https://pbs.twimg.com/tweet_video_thumb/FObvfb1XIAMk_ok.jpg', 'url': 'https://t.co/yqZNSmxjEJ', 'display_url': 'pic.twitter.com/yqZNSmxjEJ', 'expanded_url': 'https://twitter.com/DataScienceDoc/status/1506154456823615493/photo/1', 'type': 'photo', 'sizes': {'thumb': {'w': 150, 'h': 150, 'resize': 'crop'}, 'small': {'w': 320, 'h': 176, 'resize': 'fit'}, 'medium': {'w': 320, 'h': 176, 'resize': 'fit'}, 'large': {'w': 320, 'h': 176, 'resize': 'fit'}}}]}","<a href=""http://twitter.com/#!/download/ipad"" rel=""nofollow"">Twitter for iPad</a>",1.5016966798458102e+18,1.5016966798458102e+18,1.2123603443639214e+18,1.2123603443639214e+18,FrauBadbits,"{'id': 1052261717835751425, 'id_str': '1052261717835751425', 'name': 'DataScienceDoc', 'screen_name': 'DataScienceDoc', 'location': 'Würzburg, Deutschland', 'description': '#🤓 effect size matters! 🧑\u200d💻 speaks fluent English, German, Spanish, Java, Assembler, Python and R #🧑\u200d🏫📈 teaches OR', 'url': None, 'entities': {'description': {'urls': []}}, 'protected': False, 'followers_count': 7, 'friends_count': 181, 'listed_count': 0, 'created_at': 'Tue Oct 16 18:15:18 +0000 2018', 'favourites_count': 149, 'utc_offset': None, 'time_zone': None, 'geo_enabled': False, 'verified': False, 'statuses_count': 49, 'lang': None, 'contributors_enabled': False, 'is_translator': False, 'is_translation_enabled': False, 'profile_background_color': 'F5F8FA', 'profile_background_image_url': None, 'profile_background_image_url_https': None, 'profile_background_tile': False, 'profile_image_url': 'http://pbs.twimg.com/profile_images/1437874351098011662/z8hsVwkm_normal.jpg', 'profile_image_url_https': 'https://pbs.twimg.com/profile_images/1437874351098011662/z8hsVwkm_normal.jpg', 'profile_banner_url': 'https://pbs.twimg.com/profile_banners/1052261717835751425/1632571054', 'profile_link_color': '1DA1F2', 'profile_sidebar_border_color': 'C0DEED', 'profile_sidebar_fill_color': 'DDEEF6', 'profile_text_color': '333333', 'profile_use_background_image': True, 'has_extended_profile': False, 'default_profile': True, 'default_profile_image': False, 'following': False, 'follow_request_sent': False, 'notifications': False, 'translator_type': 'none', 'withheld_in_countries': []}",,,,,False,,,,0,0,False,False,False,qme,[],[],"[{'screen_name': 'FrauBadbits', 'name': 'yvonne.', 'id': 1212360344363921409, 'id_str': '1212360344363921409', 'indices': [0, 12]}]",[],0,0,1,0,1052261717835751425
3393521,human,Wed Oct 06 20:19:53 +0000 2021,1445846292760907778,1445846292760907778,gm - it wasn't me 😇,False,"{'hashtags': [], 'symbols': [], 'user_mentions': [], 'urls': []}","<a href=""https://mobile.twitter.com"" rel=""nofollow"">Twitter Web App</a>",,,,,,"{'id': 3393521, 'id_str': '3393521', 'name': 'Tom Anderson', 'screen_name': 'myspacetom', 'location': 'Oahu, Hawaii', 'description': 'Enjoying the good life / New Hobbies: Surfing, Architecture-Design, Photography', 'url': 'https://t.co/K7so8nvkWJ', 'entities': {'url': {'urls': [{'url': 'https://t.co/K7so8nvkWJ', 'expanded_url': 'http://instagram.com/myspacetom', 'display_url': 'instagram.com/myspacetom', 'indices': [0, 23]}]}, 'description': {'urls': []}}, 'protected': False, 'followers_count': 310719, 'friends_count': 707, 'listed_count': 1283, 'created_at': 'Wed Apr 04 04:46:58 +0000 2007', 'favourites_count': 243, 'utc_offset': None, 'time_zone': None, 'geo_enabled': True, 'verified': True, 'statuses_count': 2214, 'lang': None, 'contributors_enabled': False, 'is_translator': False, 'is_translation_enabled': False, 'profile_background_color': '352726', 'profile_background_image_url': 'http://abs.twimg.com/images/themes/theme5/bg.gif', 'profile_background_image_url_https': 'https://abs.twimg.com/images/themes/theme5/bg.gif', 'profile_background_tile': False, 'profile_image_url': 'http://pbs.twimg.com/profile_images/1237550450/mstom_normal.jpg', 'profile_image_url_https': 'https://pbs.twimg.com/profile_images/1237550450/mstom_normal.jpg', 'profile_banner_url': 'https://pbs.twimg.com/profile_banners/3393521/1400059577', 'profile_link_color': '2C4CCF', 'profile_sidebar_border_color': '829D5E', 'profile_sidebar_fill_color': '99CC33', 'profile_text_color': '3E4415', 'profile_use_background_image': True, 'has_extended_profile': False, 'default_profile': False, 'default_profile_image': False, 'following': False, 'follow_request_sent': False, 'notifications': False, 'translator_type': 'none', 'withheld_in_countries': []}",,,,,False,,,,11050,122170,False,False,,en,[],[],[],[],0,0,0,0,3393521
75338122,human,Wed Oct 12 20:17:10 +0000 2022,1580291507860348929,1580291507860348929,thanks @ritvikshriv. We should collaborate soon :) https://t.co/nv7oXTYOTJ,False,"{'hashtags': [], 'symbols': [], 'user_mentions': [{'screen_name': 'ritvikshriv', 'name': 'Ritvik Shrivastava', 'id': 1578520417, 'id_str': '1578520417', 'indices': [7, 19]}], 'urls': [{'url': 'https://t.co/nv7oXTYOTJ', 'expanded_url': 'https://twitter.com/ritvikshriv/status/1580226802009526278', 'display_url': 'twitter.com/ritvikshriv/st…', 'indices': [51, 74]}]}","<a href=""https://mobile.twitter.com"" rel=""nofollow"">Twitter Web App</a>",,,,,,"{'id': 75338122, 'id_str': '75338122', 'name': 'debanjan', 'screen_name': 'debanjanG', 'location': 'MIT', 'description': 'Computational Linguistics. Computational Social Science. Auteur-driven films. Ex Rutgers/Columbia DSI; Now MIT Brain+Cognitive. Views are my own.', 'url': None, 'entities': {'description': {'urls': []}}, 'protected': False, 'followers_count': 274, 'friends_count': 854, 'listed_count': 3, 'created_at': 'Fri Sep 18 17:38:48 +0000 2009', 'favourites_count': 2300, 'utc_offset': None, 'time_zone': None, 'geo_enabled': True, 'verified': False, 'statuses_count': 665, 'lang': None, 'contributors_enabled': False, 'is_translator': False, 'is_translation_enabled': False, 'profile_background_color': 'C0DEED', 'profile_background_image_url': 'http://abs.twimg.com/images/themes/theme1/bg.png', 'profile_background_image_url_https': 'https://abs.twimg.com/images/themes/theme1/bg.png', 'profile_background_tile': False, 'profile_image_url': 'http://pbs.twimg.com/profile_images/618614659457908736/q5ucxdlz_normal.jpg', 'profile_image_url_https': 'https://pbs.twimg.com/profile_images/618614659457908736/q5ucxdlz_normal.jpg', 'profile_link_color': '1DA1F2', 'profile_sidebar_border_color': 'C0DEED', 'profile_sidebar_fill_color': 'DDEEF6', 'profile_text_color': '333333', 'profile_use_background_image': True, 'has_extended_profile': False, 'default_profile': True, 'default_profile_image': False, 'following': False, 'follow_request_sent': False, 'notifications': False, 'translator_type': 'none', 'withheld_in_countries': []}",,,,,True,1.5802268020095263e+18,1.5802268020095263e+18,"{'created_at': 'Wed Oct 12 16:00:03 +0000 2022', 'id': 1580226802009526278, 'id_str': '1580226802009526278', 'text': 'What an excellent read! https://t.co/CWJiNv4u0o', 'truncated': False, 'entities': {'hashtags': [], 'symbols': [], 'user_mentions': [], 'urls': [{'url': 'https://t.co/CWJiNv4u0o', 'expanded_url': 'https://twitter.com/TuhinChakr/status/1579900012024463360', 'display_url': 'twitter.com/TuhinChakr/sta…', 'indices': [24, 47]}]}, 'source': '<a href=""http://twitter.com/download/android"" rel=""nofollow"">Twitter for Android</a>', 'in_reply_to_status_id': None, 'in_reply_to_status_id_str': None, 'in_reply_to_user_id': None, 'in_reply_to_user_id_str': None, 'in_reply_to_screen_name': None, 'user': {'id': 1578520417, 'id_str': '1578520417', 'name': 'Ritvik Shrivastava', 'screen_name': 'ritvikshriv', 'location': 'San Francisco, CA', 'description': 'ML @Cisco |\nPrev: NLP @ColumbiaCompSci @columbianlp; ML @IBMResearch, @iitdelhi |\nhe/him; views are my own.', 'url': 'https://t.co/I9vLOk8S5D', 'entities': {'url': {'urls': [{'url': 'https://t.co/I9vLOk8S5D', 'expanded_url': 'https://scholar.google.com/citations?user=ccQ3SgsAAAAJ&hl=en', 'display_url': 'scholar.google.com/citations?user…', 'indices': [0, 23]}]}, 'description': {'urls': []}}, 'protected': False, 'followers_count': 59, 'friends_count': 226, 'listed_count': 1, 'created_at': 'Mon Jul 08 19:58:05 +0000 2013', 'favourites_count': 1297, 'utc_offset': None, 'time_zone': None, 'geo_enabled': False, 'verified': False, 'statuses_count': 69, 'lang': None, 'contributors_enabled': False, 'is_translator': False, 'is_translation_enabled': False, 'profile_background_color': 'C0DEED', 'profile_background_image_url': 'http://abs.twimg.com/images/themes/theme1/bg.png', 'profile_background_image_url_https': 'https://abs.twimg.com/images/themes/theme1/bg.png', 'profile_background_tile': False, 'profile_image_url': 'http://pbs.twimg.com/profile_images/1385739331113996289/uRGrS48n_normal.jpg', 'profile_image_url_https': 'https://pbs.twimg.com/profile_images/1385739331113996289/uRGrS48n_normal.jpg', 'profile_banner_url': 'https://pbs.twimg.com/profile_banners/1578520417/1556433027', 'profile_link_color': '1DA1F2', 'profile_sidebar_border_color': 'C0DEED', 'profile_sidebar_fill_color': 'DDEEF6', 'profile_text_color': '333333', 'profile_use_background_image': True, 'has_extended_profile': False, 'default_profile': True, 'default_profile_image': False, 'following': False, 'follow_request_sent': False, 'notifications': False, 'translator_type': 'none', 'withheld_in_countries': []}, 'geo': None, 'coordinates': None, 'place': None, 'contributors': None, 'is_quote_status': True, 'quoted_status_id': 1579900012024463360, 'quoted_status_id_str': '1579900012024463360', 'retweet_count': 1, 'favorite_count': 3, 'favorited': False, 'retweeted': False, 'possibly_sensitive': False, 'lang': 'en'}",0,1,False,False,False,en,[],[],"[{'screen_name': 'ritvikshriv', 'name': 'Ritvik Shrivastava', 'id': 1578520417, 'id_str': '1578520417', 'indices': [7, 19]}]","[{'url': 'https://t.co/nv7oXTYOTJ', 'expanded_url': 'https://twitter.com/ritvikshriv/status/1580226802009526278', 'display_url': 'twitter.com/ritvikshriv/st…', 'indices': [51, 74]}]",0,0,1,1,75338122
1215256234682650625,human,Wed Nov 09 23:23:13 +0000 2022,1590485188571992066,1590485188571992066,@nspector4 @sunlorrie Hi,False,"{'hashtags': [], 'symbols': [], 'user_mentions': [{'screen_name': 'nspector4', 'name': 'Norman Spector', 'id': 232519990, 'id_str': '232519990', 'indices': [0, 10]}, {'screen_name': 'sunlorrie', 'name': 'Lorrie Goldstein', 'id': 255340030, 'id_str': '255340030', 'indices': [11, 21]}], 'urls': []}","<a href=""https://mobile.twitter.com"" rel=""nofollow"">Twitter Web App</a>",1.5903208645073674e+18,1.5903208645073674e+18,232519990.0,232519990.0,nspector4,"{'id': 1215256234682650625, 'id_str': '1215256234682650625', 'name': 'Judith Wilson', 'screen_name': 'Preciou33886098', 'location': '', 'description': '(hug) All my friends says I am a honest,loyal, passionate, generous, giving, affectionate, supportive, sensitive, and a good listener who is easy to get along !', 'url': None, 'entities': {'description': {'urls': []}}, 'protected': False, 'followers_count': 526, 'friends_count': 2444, 'listed_count': 1, 'created_at': 'Thu Jan 09 12:57:27 +0000 2020', 'favourites_count': 2136, 'utc_offset': None, 'time_zone': None, 'geo_enabled': False, 'verified': False, 'statuses_count': 120, 'lang': None, 'contributors_enabled': False, 'is_translator': False, 'is_translation_enabled': False, 'profile_background_color': 'F5F8FA', 'profile_background_image_url': None, 'profile_background_image_url_https': None, 'profile_background_tile': False, 'profile_image_url': 'http://pbs.twimg.com/profile_images/1392433253697662982/g0z5DHBd_normal.jpg', 'profile_image_url_https': 'https://pbs.twimg.com/profile_images/1392433253697662982/g0z5DHBd_normal.jpg', 'profile_banner_url': 'https://pbs.twimg.com/profile_banners/1215256234682650625/1646894931', 'profile_link_color': '1DA1F2', 'profile_sidebar_border_color': 'C0DEED', 'profile_sidebar_fill_color': 'DDEEF6', 'profile_text_color': '333333', 'profile_use_background_image': True, 'has_extended_profile': False, 'default_profile': True, 'default_profile_image': False, 'following': False, 'follow_request_sent': False, 'notifications': False, 'translator_type': 'none', 'withheld_in_countries': []}",,,,,False,,,,0,0,False,False,,und,[],[],"[{'screen_name': 'nspector4', 'name': 'Norman Spector', 'id': 232519990, 'id_str': '232519990', 'indices': [0, 10]}, {'screen_name': 'sunlorrie', 'name': 'Lorrie Goldstein', 'id': 255340030, 'id_str': '255340030', 'indices': [11, 21]}]",[],0,0,2,0,1215256234682650625
370112958,human,Wed Nov 09 16:13:17 +0000 2022,1590376994210197504,1590376994210197504,@BuzitaNoctuna Yo creo que en lugar de hacerle un bien al Presidente y a la tan ansiada victoria que la mayoría des… https://t.co/m9EOuKKdBY,True,"{'hashtags': [], 'symbols': [], 'user_mentions': [{'screen_name': 'BuzitaNoctuna', 'name': 'Buzita Nocturna', 'id': 1865969791, 'id_str': '1865969791', 'indices': [0, 14]}], 'urls': [{'url': 'https://t.co/m9EOuKKdBY', 'expanded_url': 'https://twitter.com/i/web/status/1590376994210197504', 'display_url': 'twitter.com/i/web/status/1…', 'indices': [117, 140]}]}","<a href=""http://twitter.com/download/iphone"" rel=""nofollow"">Twitter for iPhone</a>",1.5903466608650977e+18,1.5903466608650977e+18,1865969791.0,1865969791.0,BuzitaNoctuna,"{'id': 370112958, 'id_str': '370112958', 'name': 'Gabrielle 💙', 'screen_name': 'gabriellesibeli', 'location': 'Planet Earth', 'description': 'La música hace que el mundo sea mejor. Musique rend le monde meilleur. Music makes the world better. #SUJU 💙❤️💙 ELF/ELFish', 'url': None, 'entities': {'description': {'urls': []}}, 'protected': False, 'followers_count': 552, 'friends_count': 837, 'listed_count': 18, 'created_at': 'Thu Sep 08 13:50:21 +0000 2011', 'favourites_count': 13673, 'utc_offset': None, 'time_zone': None, 'geo_enabled': True, 'verified': False, 'statuses_count': 6732, 'lang': None, 'contributors_enabled': False, 'is_translator': False, 'is_translation_enabled': False, 'profile_background_color': 'C0DEED', 'profile_background_image_url': 'http://abs.twimg.com/images/themes/theme1/bg.png', 'profile_background_image_url_https': 'https://abs.twimg.com/images/themes/theme1/bg.png', 'profile_background_tile': False, 'profile_image_url': 'http://pbs.twimg.com/profile_images/1539674331525038081/YcjyArlt_normal.jpg', 'profile_image_url_https': 'https://pbs.twimg.com/profile_images/1539674331525038081/YcjyArlt_normal.jpg', 'profile_banner_url': 'https://pbs.twimg.com/profile_banners/370112958/1649300075', 'profile_link_color': '1DA1F2', 'profile_sidebar_border_color': 'C0DEED', 'profile_sidebar_fill_color': 'DDEEF6', 'profile_text_color': '333333', 'profile_use_background_image': True, 'has_extended_profile': True, 'default_profile': True, 'default_profile_image': False, 'following': False, 'follow_request_sent': False, 'notifications': False, 'translator_type': 'none', 'withheld_in_countries': []}",,,,,False,,,,0,1,False,False,,es,[],[],"[{'screen_name': 'BuzitaNoctuna', 'name': 'Buzita Nocturna', 'id': 1865969791, 'id_str': '1865969791', 'indices': [0, 14]}]","[{'url': 'https://t.co/m9EOuKKdBY', 'expanded_url': 'https://twitter.com/i/web/status/1590376994210197504', 'display_url': 'twitter.com/i/web/status/1…', 'indices': [117, 140]}]",0,0,1,1,370112958
2427885031,human,Thu Oct 13 19:37:20 +0000 2022,1580643872014684162,1580643872014684162,The LGBTQ community is a political force with the power to decide the outcome of elections. Alienate and attack the… https://t.co/XmmPjGS4yK,True,"{'hashtags': [], 'symbols': [], 'user_mentions': [], 'urls': [{'url': 'https://t.co/XmmPjGS4yK', 'expanded_url': 'https://twitter.com/i/web/status/1580643872014684162', 'display_url': 'twitter.com/i/web/status/1…', 'indices': [117, 140]}]}","<a href=""http://twitter.com/download/iphone"" rel=""nofollow"">Twitter for iPhone</a>",,,,,,"{'id': 2427885031, 'id_str': '2427885031', 'name': 'Chad Griffin', 'screen_name': 'ChadHGriffin', 'location': 'Los Angeles, CA', 'description': 'Fighting for Equality & Justice • Former President, Human Rights Campaign • @Georgetownsfs Grad • Clinton WH Alum • Strategist • Dog Dad • #BidenHarris • #BLM', 'url': None, 'entities': {'description': {'urls': []}}, 'protected': False, 'followers_count': 25405, 'friends_count': 3930, 'listed_count': 332, 'created_at': 'Fri Apr 04 21:36:50 +0000 2014', 'favourites_count': 8831, 'utc_offset': None, 'time_zone': None, 'geo_enabled': True, 'verified': True, 'statuses_count': 6939, 'lang': None, 'contributors_enabled': False, 'is_translator': False, 'is_translation_enabled': False, 'profile_background_color': 'C0DEED', 'profile_background_image_url': 'http://abs.twimg.com/images/themes/theme1/bg.png', 'profile_background_image_url_https': 'https://abs.twimg.com/images/themes/theme1/bg.png', 'profile_background_tile': False, 'profile_image_url': 'http://pbs.twimg.com/profile_images/650160004364922880/fozHZ1XD_normal.jpg', 'profile_image_url_https': 'https://pbs.twimg.com/profile_images/650160004364922880/fozHZ1XD_normal.jpg', 'profile_banner_url': 'https://pbs.twimg.com/profile_banners/2427885031/1605012166', 'profile_link_color': '1DA1F2', 'profile_sidebar_border_color': 'C0DEED', 'profile_sidebar_fill_color': 'DDEEF6', 'profile_text_color': '333333', 'profile_use_background_image': True, 'has_extended_profile': False, 'default_profile': True, 'default_profile_image': False, 'following': False, 'follow_request_sent': False, 'notifications': False, 'translator_type': 'none', 'withheld_in_countries': []}",,,,,True,1.5805162789469184e+18,1.5805162789469184e+18,"{'created_at': 'Thu Oct 13 11:10:20 +0000 2022', 'id': 1580516278946918404, 'id_str': '1580516278946918404', 'text': 'New report out this morning from @HRC and @bgsu shows the proportion of the American electorate identifying as… https://t.co/2hmJrFEAsN', 'truncated': True, 'entities': {'hashtags': [], 'symbols': [], 'user_mentions': [{'screen_name': 'HRC', 'name': 'Human Rights Campaign', 'id': 19608297, 'id_str': '19608297', 'indices': [33, 37]}, {'screen_name': 'bgsu', 'name': 'Bowling Green State University', 'id': 17388662, 'id_str': '17388662', 'indices': [42, 47]}], 'urls': [{'url': 'https://t.co/2hmJrFEAsN', 'expanded_url': 'https://twitter.com/i/web/status/1580516278946918404', 'display_url': 'twitter.com/i/web/status/1…', 'indices': [112, 135]}]}, 'source': '<a href=""http://twitter.com/download/iphone"" rel=""nofollow"">Twitter for iPhone</a>', 'in_reply_to_status_id': None, 'in_reply_to_status_id_str': None, 'in_reply_to_user_id': None, 'in_reply_to_user_id_str': None, 'in_reply_to_screen_name': None, 'user': {'id': 57637181, 'id_str': '57637181', 'name': 'Geoff Wetrosky', 'screen_name': 'gwetrosky', 'location': 'Washington, DC', 'description': 'World traveler stuck in one place. In the meantime, occupied with politics and doing all the good I can. | National Campaign Director, @HRC.', 'url': None, 'entities': {'description': {'urls': []}}, 'protected': False, 'followers_count': 636, 'friends_count': 824, 'listed_count': 8, 'created_at': 'Fri Jul 17 13:04:52 +0000 2009', 'favourites_count': 835, 'utc_offset': None, 'time_zone': None, 'geo_enabled': True, 'verified': False, 'statuses_count': 2091, 'lang': None, 'contributors_enabled': False, 'is_translator': False, 'is_translation_enabled': False, 'profile_background_color': 'C0DEED', 'profile_background_image_url': 'http://abs.twimg.com/images/themes/theme1/bg.png', 'profile_background_image_url_https': 'https://abs.twimg.com/images/themes/theme1/bg.png', 'profile_background_tile': False, 'profile_image_url': 'http://pbs.twimg.com/profile_images/1005180361343725569/MTJ8L1iQ_normal.jpg', 'profile_image_url_https': 'https://pbs.twimg.com/profile_images/1005180361343725569/MTJ8L1iQ_normal.jpg', 'profile_banner_url': 'https://pbs.twimg.com/profile_banners/57637181/1354553191', 'profile_link_color': '0084B4', 'profile_sidebar_border_color': 'C0DEED', 'profile_sidebar_fill_color': 'DDEEF6', 'profile_text_color': '333333', 'profile_use_background_image': True, 'has_extended_profile': False, 'default_profile': False, 'default_profile_image': False, 'following': False, 'follow_request_sent': False, 'notifications': False, 'translator_type': 'none', 'withheld_in_countries': []}, 'geo': None, 'coordinates': None, 'place': {'id': '01fbe706f872cb32', 'url': 'https://api.twitter.com/1.1/geo/id/01fbe706f872cb32.json', 'place_type': 'city', 'name': 'Washington', 'full_name': 'Washington, DC', 'country_code': 'US', 'country': 'United States', 'contained_within': [], 'bounding_box': {'type': 'Polygon', 'coordinates': [[[-77.119401, 38.801826], [-76.909396, 38.801826], [-76.909396, 38.9953797], [-77.119401, 38.9953797]]]}, 'attributes': {}}, 'contributors': None, 'is_quote_status': False, 'retweet_count': 6, 'favorite_count': 14, 'favorited': False, 'retweeted': False, 'possibly_sensitive': False, 'lang': 'en'}",1,11,False,False,False,en,[],[],[],"[{'url': 'https://t.co/XmmPjGS4yK', 'expanded_url': 'https://twitter.com/i/web/status/1580643872014684162', 'display_url': 'twitter.com/i/web/status/1…', 'indices': [117, 140]}]",0,0,0,1,2427885031
2237311590,human,Wed Mar 08 22:53:41 +0000 2017,839610097638735872,839610097638735872,vish,False,"{'hashtags': [], 'symbols': [], 'user_mentions': [], 'urls': []}","<a href=""http://twitter.com/download/iphone"" rel=""nofollow"">Twitter for iPhone</a>",,,,,,"{'id': 2237311590, 'id_str': '2237311590', 'name': 'gabi', 'screen_name': 'hoodsassy', 'location': '', 'description': 'hã', 'url': None, 'entities': {'description': {'urls': []}}, 'protected': False, 'followers_count': 2255, 'friends_count': 2229, 'listed_count': 20, 'created_at': 'Mon Dec 09 08:56:07 +0000 2013', 'favourites_count': 1013, 'utc_offset': None, 'time_zone': None, 'geo_enabled': True, 'verified': False, 'statuses_count': 49630, 'lang': None, 'contributors_enabled': False, 'is_translator': False, 'is_translation_enabled': False, 'profile_background_color': '000000', 'profile_background_image_url': 'http://abs.twimg.com/images/themes/theme1/bg.png', 'profile_background_image_url_https': 'https://abs.twimg.com/images/themes/theme1/bg.png', 'profile_background_tile': True, 'profile_image_url': 'http://pbs.twimg.com/profile_images/810178266464141312/YfwSCw2m_normal.jpg', 'profile_image_url_https': 'https://pbs.twimg.com/profile_images/810178266464141312/YfwSCw2m_normal.jpg', 'profile_banner_url': 'https://pbs.twimg.com/profile_banners/2237311590/1481996913', 'profile_link_color': '000000', 'profile_sidebar_border_color': '000000', 'profile_sidebar_fill_color': 'DDEEF6', 'profile_text_color': '333333', 'profile_use_background_image': False, 'has_extended_profile': False, 'default_profile': False, 'default_profile_image': False, 'following': False, 'follow_request_sent': False, 'notifications': False, 'translator_type': 'none', 'withheld_in_countries': []}",,,,,False,,,,0,0,False,False,,en,[],[],[],[],0,0,0,0,2237311590
2266573932,human,Wed Oct 25 07:30:49 +0000 2017,923089448383819777,923089448383819777,Truly incredibly beautiful @YellowstoneNPS https://t.co/HUIHQRaosZ,False,"{'hashtags': [], 'symbols': [], 'user_mentions': [{'screen_name': 'YellowstoneNPS', 'name': 'Yellowstone National Park', 'id': 44992488, 'id_str': '44992488', 'indices': [27, 42]}], 'urls': [{'url': 'https://t.co/HUIHQRaosZ', 'expanded_url': 'https://twitter.com/planetepics/status/923086726695997440', 'display_url': 'twitter.com/planetepics/st…', 'indices': [43, 66]}]}","<a href=""http://twitter.com/download/iphone"" rel=""nofollow"">Twitter for iPhone</a>",,,,,,"{'id': 2266573932, 'id_str': '2266573932', 'name': 'TrvlGenie App', 'screen_name': 'TrvlGenieApp', 'location': 'San Francisco, CA', 'description': 'TrvlGenie plans your vacation: just enter your TIME & BUDGET. 1000s of Expert Recommended Itineraries Around the World. -- Download the Free App!', 'url': 'https://t.co/P6IqZKDIxL', 'entities': {'url': {'urls': [{'url': 'https://t.co/P6IqZKDIxL', 'expanded_url': 'http://www.trvlgenie.com', 'display_url': 'trvlgenie.com', 'indices': [0, 23]}]}, 'description': {'urls': []}}, 'protected': False, 'followers_count': 26269, 'friends_count': 22496, 'listed_count': 152, 'created_at': 'Sat Dec 28 23:32:59 +0000 2013', 'favourites_count': 19776, 'utc_offset': None, 'time_zone': None, 'geo_enabled': True, 'verified': False, 'statuses_count': 4451, 'lang': None, 'contributors_enabled': False, 'is_translator': False, 'is_translation_enabled': False, 'profile_background_color': 'C0DEED', 'profile_background_image_url': 'http://abs.twimg.com/images/themes/theme1/bg.png', 'profile_background_image_url_https': 'https://abs.twimg.com/images/themes/theme1/bg.png', 'profile_background_tile': False, 'profile_image_url': 'http://pbs.twimg.com/profile_images/655289469050818560/ktLZOla__normal.png', 'profile_image_url_https': 'https://pbs.twimg.com/profile_images/655289469050818560/ktLZOla__normal.png', 'profile_banner_url': 'https://pbs.twimg.com/profile_banners/2266573932/1445072522', 'profile_link_color': '1DA1F2', 'profile_sidebar_border_color': 'C0DEED', 'profile_sidebar_fill_color': 'DDEEF6', 'profile_text_color': '333333', 'profile_use_background_image': True, 'has_extended_profile': False, 'default_profile': True, 'default_profile_image': False, 'following': False, 'follow_request_sent': False, 'notifications': False, 'translator_type': 'none', 'withheld_in_countries': []}",,,"{'id': '435a15a8bf629083', 'url': 'https://api.twitter.com/1.1/geo/id/435a15a8bf629083.json', 'place_type': 'city', 'name': 'Coquitlam', 'full_name': 'Coquitlam, British Columbia', 'country_code': 'CA', 'country': 'Canada', 'contained_within': [], 'bounding_box': {'type': 'Polygon', 'coordinates': [[[-122.893434, 49.219352], [-122.618118, 49.219352], [-122.618118, 49.351565], [-122.893434, 49.351565]]]}, 'attributes': {}}",,True,,,,1,10,False,False,False,en,[],[],"[{'screen_name': 'YellowstoneNPS', 'name': 'Yellowstone National Park', 'id': 44992488, 'id_str': '44992488', 'indices': [27, 42]}]","[{'url': 'https://t.co/HUIHQRaosZ', 'expanded_url': 'https://twitter.com/planetepics/status/923086726695997440', 'display_url': 'twitter.com/planetepics/st…', 'indices': [43, 66]}]",0,0,1,1,2266573932
1283463794837135360,human,Fri May 20 21:25:52 +0000 2022,1527762556407799808,1527762556407799808,@dc_moyer @Vanderbilt_CS Congrats! 🎉🎉,False,"{'hashtags': [], 'symbols': [], 'user_mentions': [{'screen_name': 'dc_moyer', 'name': 'Daniel Moyer', 'id': 2688850410, 'id_str': '2688850410', 'indices': [0, 9]}, {'screen_name': 'Vanderbilt_CS', 'name': 'Vanderbilt Computer Science', 'id': 1293645999966228480, 'id_str': '1293645999966228480', 'indices': [10, 24]}], 'urls': []}","<a href=""https://mobile.twitter.com"" rel=""nofollow"">Twitter Web App</a>",1.526714510895108e+18,1.526714510895108e+18,2688850410.0,2688850410.0,dc_moyer,"{'id': 1283463794837135360, 'id_str': '1283463794837135360', 'name': 'Sungmin Hong', 'screen_name': 'SungminHong12', 'location': 'Santa Clara, CA', 'description': 'Applied Scientist II @awscloud ML Solutions Lab @amazonscience', 'url': 'https://t.co/bGavpvAhwH', 'entities': {'url': {'urls': [{'url': 'https://t.co/bGavpvAhwH', 'expanded_url': 'https://www.sungminhong.com/', 'display_url': 'sungminhong.com', 'indices': [0, 23]}]}, 'description': {'urls': []}}, 'protected': False, 'followers_count': 105, 'friends_count': 95, 'listed_count': 0, 'created_at': 'Wed Jul 15 18:09:58 +0000 2020', 'favourites_count': 484, 'utc_offset': None, 'time_zone': None, 'geo_enabled': False, 'verified': False, 'statuses_count': 104, 'lang': None, 'contributors_enabled': False, 'is_translator': False, 'is_translation_enabled': False, 'profile_background_color': 'F5F8FA', 'profile_background_image_url': None, 'profile_background_image_url_https': None, 'profile_background_tile': False, 'profile_image_url': 'http://pbs.twimg.com/profile_images/1283464897116995584/82irWSvB_normal.jpg', 'profile_image_url_https': 'https://pbs.twimg.com/profile_images/1283464897116995584/82irWSvB_normal.jpg', 'profile_link_color': '1DA1F2', 'profile_sidebar_border_color': 'C0DEED', 'profile_sidebar_fill_color': 'DDEEF6', 'profile_text_color': '333333', 'profile_use_background_image': True, 'has_extended_profile': True, 'default_profile': True, 'default_profile_image': False, 'following': False, 'follow_request_sent': False, 'notifications': False, 'translator_type': 'none', 'withheld_in_countries': []}",,,,,False,,,,0,1,False,False,,en,[],[],"[{'screen_name': 'dc_moyer', 'name': 'Daniel Moyer', 'id': 2688850410, 'id_str': '2688850410', 'indices': [0, 9]}, {'screen_name': 'Vanderbilt_CS', 'name': 'Vanderbilt Computer Science', 'id': 1293645999966228480, 'id_str': '1293645999966228480', 'indices': [10, 24]}]",[],0,0,2,0,1283463794837135360
1030044999180853248,human,Sun Aug 26 11:19:30 +0000 2018,1033675298431164416,1033675298431164416,https://t.co/s2tEzp1b83,False,"{'hashtags': [], 'symbols': [], 'user_mentions': [], 'urls': [{'url': 'https://t.co/s2tEzp1b83', 'expanded_url': 'https://youtu.be/Cr8ePWbEQKQ', 'display_url': 'youtu.be/Cr8ePWbEQKQ', 'indices': [0, 23]}]}","<a href=""http://twitter.com/download/android"" rel=""nofollow"">Twitter for Android</a>",,,,,,"{'id': 1030044999180853248, 'id_str': '1030044999180853248', 'name': '$risti', 'screen_name': 'gyan_shareBlog', 'location': 'West Bengal, India', 'description': 'Blogger at https://t.co/zkAT2Gtvde\n#HealthBlogger #IndianBlogger', 'url': 'https://t.co/YIAfUtk7w7', 'entities': {'url': {'urls': [{'url': 'https://t.co/YIAfUtk7w7', 'expanded_url': 'http://www.gyanshares.com', 'display_url': 'gyanshares.com', 'indices': [0, 23]}]}, 'description': {'urls': [{'url': 'https://t.co/zkAT2Gtvde', 'expanded_url': 'http://gyanshares.com', 'display_url': 'gyanshares.com', 'indices': [11, 34]}]}}, 'protected': False, 'followers_count': 2, 'friends_count': 16, 'listed_count': 0, 'created_at': 'Thu Aug 16 10:53:59 +0000 2018', 'favourites_count': 73, 'utc_offset': None, 'time_zone': None, 'geo_enabled': False, 'verified': False, 'statuses_count': 35, 'lang': None, 'contributors_enabled': False, 'is_translator': False, 'is_translation_enabled': False, 'profile_background_color': 'F5F8FA', 'profile_background_image_url': None, 'profile_background_image_url_https': None, 'profile_background_tile': False, 'profile_image_url': 'http://pbs.twimg.com/profile_images/1030046421242839040/ShPWZstb_normal.jpg', 'profile_image_url_https': 'https://pbs.twimg.com/profile_images/1030046421242839040/ShPWZstb_normal.jpg', 'profile_link_color': '1DA1F2', 'profile_sidebar_border_color': 'C0DEED', 'profile_sidebar_fill_color': 'DDEEF6', 'profile_text_color': '333333', 'profile_use_background_image': True, 'has_extended_profile': False, 'default_profile': True, 'default_profile_image': False, 'following': False, 'follow_request_sent': False, 'notifications': False, 'translator_type': 'none', 'withheld_in_countries': []}",,,,,False,,,,0,0,False,False,False,zxx,[],[],[],"[{'url': 'https://t.co/s2tEzp1b83', 'expanded_url': 'https://youtu.be/Cr8ePWbEQKQ', 'display_url': 'youtu.be/Cr8ePWbEQKQ', 'indices': [0, 23]}]",0,0,0,1,1030044999180853248
1371483467003785222,human,Fri Nov 11 11:40:53 +0000 2022,1591033217716752386,1591033217716752386,@dasemaheno من هر وقت میخوام از خونه برم بیرون اول همه جارو جمع و جور و تمیز میکنم بعد میرم که اگه مردم و برنگشتم آبروم پیش بقیه نره,False,"{'hashtags': [], 'symbols': [], 'user_mentions': [{'screen_name': 'dasemaheno', 'name': 'موز', 'id': 1089597517, 'id_str': '1089597517', 'indices': [0, 11]}], 'urls': []}","<a href=""http://twitter.com/download/android"" rel=""nofollow"">Twitter for Android</a>",1.5910182703368274e+18,1.5910182703368274e+18,1089597517.0,1089597517.0,dasemaheno,"{'id': 1371483467003785222, 'id_str': '1371483467003785222', 'name': 'دختری گیر کرده در واقعیت', 'screen_name': 'ziiiiiiiiiiiira', 'location': '', 'description': '', 'url': None, 'entities': {'description': {'urls': []}}, 'protected': False, 'followers_count': 424, 'friends_count': 206, 'listed_count': 0, 'created_at': 'Mon Mar 15 15:29:00 +0000 2021', 'favourites_count': 28537, 'utc_offset': None, 'time_zone': None, 'geo_enabled': True, 'verified': False, 'statuses_count': 12143, 'lang': None, 'contributors_enabled': False, 'is_translator': False, 'is_translation_enabled': False, 'profile_background_color': 'F5F8FA', 'profile_background_image_url': None, 'profile_background_image_url_https': None, 'profile_background_tile': False, 'profile_image_url': 'http://pbs.twimg.com/profile_images/1588959072623202305/HhTDfWzv_normal.jpg', 'profile_image_url_https': 'https://pbs.twimg.com/profile_images/1588959072623202305/HhTDfWzv_normal.jpg', 'profile_link_color': '1DA1F2', 'profile_sidebar_border_color': 'C0DEED', 'profile_sidebar_fill_color': 'DDEEF6', 'profile_text_color': '333333', 'profile_use_background_image': True, 'has_extended_profile': True, 'default_profile': True, 'default_profile_image': False, 'following': False, 'follow_request_sent': False, 'notifications': False, 'translator_type': 'none', 'withheld_in_countries': []}",,,,,False,,,,0,1,False,False,,fa,[],[],"[{'screen_name': 'dasemaheno', 'name': 'موز', 'id': 1089597517, 'id_str': '1089597517', 'indices': [0, 11]}]",[],0,0,1,0,1371483467003785222
18898143,human,Fri Nov 11 15:56:08 +0000 2022,1591097450915323904,1591097450915323904,Check out our upcoming events!!!!!! https://t.co/cZXiyrd4aH,False,"{'hashtags': [], 'symbols': [], 'user_mentions': [], 'urls': [], 'media': [{'id': 1591097429855801344, 'id_str': '1591097429855801344', 'indices': [36, 59], 'media_url': 'http://pbs.twimg.com/media/FhS2rrWXkAAhktd.png', 'media_url_https': 'https://pbs.twimg.com/media/FhS2rrWXkAAhktd.png', 'url': 'https://t.co/cZXiyrd4aH', 'display_url': 'pic.twitter.com/cZXiyrd4aH', 'expanded_url': 'https://twitter.com/WorkItDaily/status/1591097450915323904/photo/1', 'type': 'photo', 'sizes': {'small': {'w': 680, 'h': 680, 'resize': 'fit'}, 'medium': {'w': 1080, 'h': 1080, 'resize': 'fit'}, 'large': {'w': 1080, 'h': 1080, 'resize': 'fit'}, 'thumb': {'w': 150, 'h': 150, 'resize': 'crop'}}}]}","<a href=""https://sproutsocial.com"" rel=""nofollow"">Sprout Social</a>",,,,,,"{'id': 18898143, 'id_str': '18898143', 'name': 'Work It Daily', 'screen_name': 'WorkItDaily', 'location': 'Hampton, NH', 'description': 'Trusted, Easy-To-Use Career Support. We remove the stress and confusion tied to your career! 🙌', 'url': 'https://t.co/AVt6tXIqkF', 'entities': {'url': {'urls': [{'url': 'https://t.co/AVt6tXIqkF', 'expanded_url': 'http://workitdaily.com/', 'display_url': 'workitdaily.com', 'indices': [0, 23]}]}, 'description': {'urls': []}}, 'protected': False, 'followers_count': 82543, 'friends_count': 4591, 'listed_count': 2866, 'created_at': 'Mon Jan 12 11:23:47 +0000 2009', 'favourites_count': 7362, 'utc_offset': None, 'time_zone': None, 'geo_enabled': False, 'verified': False, 'statuses_count': 70358, 'lang': None, 'contributors_enabled': False, 'is_translator': False, 'is_translation_enabled': False, 'profile_background_color': '000000', 'profile_background_image_url': 'http://abs.twimg.com/images/themes/theme3/bg.gif', 'profile_background_image_url_https': 'https://abs.twimg.com/images/themes/theme3/bg.gif', 'profile_background_tile': False, 'profile_image_url': 'http://pbs.twimg.com/profile_images/1349373437354106881/1R9V7dAU_normal.jpg', 'profile_image_url_https': 'https://pbs.twimg.com/profile_images/1349373437354106881/1R9V7dAU_normal.jpg', 'profile_banner_url': 'https://pbs.twimg.com/profile_banners/18898143/1489081768', 'profile_link_color': '0099FF', 'profile_sidebar_border_color': '000000', 'profile_sidebar_fill_color': '000000', 'profile_text_color': '000000', 'profile_use_background_image': False, 'has_extended_profile': True, 'default_profile': False, 'default_profile_image': False, 'following': False, 'follow_request_sent': False, 'notifications': False, 'translator_type': 'none', 'withheld_in_countries': []}",,,,,False,,,,1,1,False,False,False,en,[],[],[],[],0,0,0,0,18898143
239060144,human,Fri Nov 11 15:25:46 +0000 2022,1591089810013573122,1591089810013573122,"Guys, join Bimbo Ademoye at the 'Three Crowns Wall of Thank You' and drop a thank you note for your mom.

Venue: Ik… https://t.co/FC9fwgbD2Z",True,"{'hashtags': [], 'symbols': [], 'user_mentions': [], 'urls': [{'url': 'https://t.co/FC9fwgbD2Z', 'expanded_url': 'https://twitter.com/i/web/status/1591089810013573122', 'display_url': 'twitter.com/i/web/status/1…', 'indices': [117, 140]}]}","<a href=""http://twitter.com/download/android"" rel=""nofollow"">Twitter for Android</a>",,,,,,"{'id': 239060144, 'id_str': '239060144', 'name': 'Sir Mondaylee💡', 'screen_name': 'Mondaylee', 'location': 'Exactly where God wants me', 'description': ""|| Personal Development Enthusiast|| Life Coach|| Football Lover|| Dog Lover|| You're Good Enough|| Keep Your Eyes On The Prize|| We All Have Greatness In Us||"", 'url': 'https://t.co/p91UnKQp8Q', 'entities': {'url': {'urls': [{'url': 'https://t.co/p91UnKQp8Q', 'expanded_url': 'https://twitter.com/search?q=from%3Amondaylee%20-filter%3Areplies&t=uvBIOTLJMNxmegV1ZXaRbQ&s=09', 'display_url': 'twitter.com/search?q=from%…', 'indices': [0, 23]}]}, 'description': {'urls': []}}, 'protected': False, 'followers_count': 71654, 'friends_count': 39458, 'listed_count': 18, 'created_at': 'Sun Jan 16 18:23:31 +0000 2011', 'favourites_count': 387876, 'utc_offset': None, 'time_zone': None, 'geo_enabled': True, 'verified': False, 'statuses_count': 282087, 'lang': None, 'contributors_enabled': False, 'is_translator': False, 'is_translation_enabled': False, 'profile_background_color': 'C0DEED', 'profile_background_image_url': 'http://abs.twimg.com/images/themes/theme1/bg.png', 'profile_background_image_url_https': 'https://abs.twimg.com/images/themes/theme1/bg.png', 'profile_background_tile': True, 'profile_image_url': 'http://pbs.twimg.com/profile_images/1580136618639474693/hd-YoJbC_normal.jpg', 'profile_image_url_https': 'https://pbs.twimg.com/profile_images/1580136618639474693/hd-YoJbC_normal.jpg', 'profile_banner_url': 'https://pbs.twimg.com/profile_banners/239060144/1620602434', 'profile_link_color': '333333', 'profile_sidebar_border_color': 'C0DEED', 'profile_sidebar_fill_color': 'DDEEF6', 'profile_text_color': '0084B4', 'profile_use_background_image': True, 'has_extended_profile': True, 'default_profile': False, 'default_profile_image': False, 'following': False, 'follow_request_sent': False, 'notifications': False, 'translator_type': 'none', 'withheld_in_countries': []}",,,,,False,,,,10,13,False,False,False,en,[],[],[],"[{'url': 'https://t.co/FC9fwgbD2Z', 'expanded_url': 'https://twitter.com/i/web/status/1591089810013573122', 'display_url': 'twitter.com/i/web/status/1…', 'indices': [117, 140]}]",0,0,0,1,239060144
400630125,human,Fri Nov 11 16:02:07 +0000 2022,1591098958231003136,1591098958231003136,"Monica, O My Darling is a fun weekend watch #MonicaOMyDarling  https://t.co/H0yZGRhFKE",False,"{'hashtags': [{'text': 'MonicaOMyDarling', 'indices': [44, 61]}], 'symbols': [], 'user_mentions': [], 'urls': [{'url': 'https://t.co/H0yZGRhFKE', 'expanded_url': 'https://www.theweek.in/review/movies/2022/11/11/monica-o-my-darling-review-this-dark-comedy-crime-drama-is-a-fun-watch.html', 'display_url': 'theweek.in/review/movies/…', 'indices': [63, 86]}]}","<a href=""https://mobile.twitter.com"" rel=""nofollow"">Twitter Web App</a>",,,,,,"{'id': 400630125, 'id_str': '400630125', 'name': 'THE WEEK', 'screen_name': 'TheWeekLive', 'location': 'India', 'description': 'Journalism with a Human Touch | Official Twitter handle of THE WEEK India magazine | Published by the Malayala Manorama group | https://t.co/tSR2ISHh6o', 'url': 'https://t.co/MCu97HCUHb', 'entities': {'url': {'urls': [{'url': 'https://t.co/MCu97HCUHb', 'expanded_url': 'http://www.theweek.in', 'display_url': 'theweek.in', 'indices': [0, 23]}]}, 'description': {'urls': [{'url': 'https://t.co/tSR2ISHh6o', 'expanded_url': 'http://theweek.in', 'display_url': 'theweek.in', 'indices': [128, 151]}]}}, 'protected': False, 'followers_count': 24830, 'friends_count': 315, 'listed_count': 191, 'created_at': 'Sat Oct 29 10:14:49 +0000 2011', 'favourites_count': 474, 'utc_offset': None, 'time_zone': None, 'geo_enabled': True, 'verified': True, 'statuses_count': 78169, 'lang': None, 'contributors_enabled': False, 'is_translator': False, 'is_translation_enabled': False, 'profile_background_color': 'B80000', 'profile_background_image_url': 'http://abs.twimg.com/images/themes/theme14/bg.gif', 'profile_background_image_url_https': 'https://abs.twimg.com/images/themes/theme14/bg.gif', 'profile_background_tile': False, 'profile_image_url': 'http://pbs.twimg.com/profile_images/639701923004723200/s2BgkstR_normal.png', 'profile_image_url_https': 'https://pbs.twimg.com/profile_images/639701923004723200/s2BgkstR_normal.png', 'profile_banner_url': 'https://pbs.twimg.com/profile_banners/400630125/1668059058', 'profile_link_color': 'B80000', 'profile_sidebar_border_color': '000000', 'profile_sidebar_fill_color': 'EFEFEF', 'profile_text_color': '333333', 'profile_use_background_image': False, 'has_extended_profile': True, 'default_profile': False, 'default_profile_image': False, 'following': False, 'follow_request_sent': False, 'notifications': False, 'translator_type': 'none', 'withheld_in_countries': []}",,,,,False,,,,0,1,False,False,False,en,"[{'text': 'MonicaOMyDarling', 'indices': [44, 61]}]",[],[],"[{'url': 'https://t.co/H0yZGRhFKE', 'expanded_url': 'https://www.theweek.in/review/movies/2022/11/11/monica-o-my-darling-review-this-dark-comedy-crime-drama-is-a-fun-watch.html', 'display_url': 'theweek.in/review/movies/…', 'indices': [63, 86]}]",1,0,0,1,400630125
456274497,human,Fri Nov 11 15:22:48 +0000 2022,1591089063498780673,1591089063498780673,"@michaeljknowles Kamala Harris called Joe Biden a racist and then said she believed Tara Riede.

Now she is his VP",False,"{'hashtags': [], 'symbols': [], 'user_mentions': [{'screen_name': 'michaeljknowles', 'name': 'Michael Knowles', 'id': 31047836, 'id_str': '31047836', 'indices': [0, 16]}], 'urls': []}","<a href=""https://mobile.twitter.com"" rel=""nofollow"">Twitter Web App</a>",1.5909013768333107e+18,1.5909013768333107e+18,31047836.0,31047836.0,michaeljknowles,"{'id': 456274497, 'id_str': '456274497', 'name': '⬛⬛⬛⬛⬛ ¢ent', 'screen_name': 'fitzyMFNcent', 'location': 'Sandusky, OH', 'description': 'I\'m a former ""artist to the stars"" and made the #Bennington show laugh once', 'url': None, 'entities': {'description': {'urls': []}}, 'protected': False, 'followers_count': 768, 'friends_count': 712, 'listed_count': 15, 'created_at': 'Fri Jan 06 02:20:06 +0000 2012', 'favourites_count': 27553, 'utc_offset': None, 'time_zone': None, 'geo_enabled': True, 'verified': False, 'statuses_count': 18414, 'lang': None, 'contributors_enabled': False, 'is_translator': False, 'is_translation_enabled': False, 'profile_background_color': 'C0DEED', 'profile_background_image_url': 'http://abs.twimg.com/images/themes/theme1/bg.png', 'profile_background_image_url_https': 'https://abs.twimg.com/images/themes/theme1/bg.png', 'profile_background_tile': False, 'profile_image_url': 'http://pbs.twimg.com/profile_images/1572794308616491011/byJqtq7M_normal.jpg', 'profile_image_url_https': 'https://pbs.twimg.com/profile_images/1572794308616491011/byJqtq7M_normal.jpg', 'profile_banner_url': 'https://pbs.twimg.com/profile_banners/456274497/1452345695', 'profile_link_color': '3B94D9', 'profile_sidebar_border_color': 'C0DEED', 'profile_sidebar_fill_color': 'DDEEF6', 'profile_text_color': '333333', 'profile_use_background_image': True, 'has_extended_profile': True, 'default_profile': False, 'default_profile_image': False, 'following': False, 'follow_request_sent': False, 'notifications': False, 'translator_type': 'none', 'withheld_in_countries': []}",,,,,False,,,,0,0,False,False,,en,[],[],"[{'screen_name': 'michaeljknowles', 'name': 'Michael Knowles', 'id': 31047836, 'id_str': '31047836', 'indices': [0, 16]}]",[],0,0,1,0,456274497
1086612410478268416,human,Sat Nov 09 09:33:36 +0000 2019,1193099306376552448,1193099306376552448,Program attached https://t.co/6plE5Eambv,False,"{'hashtags': [], 'symbols': [], 'user_mentions': [], 'urls': [], 'media': [{'id': 1193099297828548613, 'id_str': '1193099297828548613', 'indices': [17, 40], 'media_url': 'http://pbs.twimg.com/media/EI69fXTWsAUCcuK.jpg', 'media_url_https': 'https://pbs.twimg.com/media/EI69fXTWsAUCcuK.jpg', 'url': 'https://t.co/6plE5Eambv', 'display_url': 'pic.twitter.com/6plE5Eambv', 'expanded_url': 'https://twitter.com/HOPERISEProjec1/status/1193099306376552448/photo/1', 'type': 'photo', 'sizes': {'thumb': {'w': 150, 'h': 150, 'resize': 'crop'}, 'medium': {'w': 910, 'h': 1200, 'resize': 'fit'}, 'small': {'w': 515, 'h': 680, 'resize': 'fit'}, 'large': {'w': 1125, 'h': 1484, 'resize': 'fit'}}}]}","<a href=""http://twitter.com/download/iphone"" rel=""nofollow"">Twitter for iPhone</a>",1.1930991952065083e+18,1.1930991952065085e+18,1.0866124104782684e+18,1.0866124104782684e+18,HOPERISEProjec1,"{'id': 1086612410478268416, 'id_str': '1086612410478268416', 'name': 'HOPE RISE Project', 'screen_name': 'HOPERISEProjec1', 'location': 'Birmingham, England', 'description': 'This is the official twitter account of HOPE Project funded under the Marie Skłodowska-Curie grant agreement No 823958', 'url': 'https://t.co/PGLv1RF08I', 'entities': {'url': {'urls': [{'url': 'https://t.co/PGLv1RF08I', 'expanded_url': 'https://cordis.europa.eu/project/rcn/219181/en', 'display_url': 'cordis.europa.eu/project/rcn/21…', 'indices': [0, 23]}]}, 'description': {'urls': []}}, 'protected': False, 'followers_count': 47, 'friends_count': 170, 'listed_count': 0, 'created_at': 'Sat Jan 19 13:12:41 +0000 2019', 'favourites_count': 12, 'utc_offset': None, 'time_zone': None, 'geo_enabled': False, 'verified': False, 'statuses_count': 19, 'lang': None, 'contributors_enabled': False, 'is_translator': False, 'is_translation_enabled': False, 'profile_background_color': 'F5F8FA', 'profile_background_image_url': None, 'profile_background_image_url_https': None, 'profile_background_tile': False, 'profile_image_url': 'http://pbs.twimg.com/profile_images/1086612538798817280/9GZuIqJd_normal.png', 'profile_image_url_https': 'https://pbs.twimg.com/profile_images/1086612538798817280/9GZuIqJd_normal.png', 'profile_link_color': '1DA1F2', 'profile_sidebar_border_color': 'C0DEED', 'profile_sidebar_fill_color': 'DDEEF6', 'profile_text_color': '333333', 'profile_use_background_image': True, 'has_extended_profile': True, 'default_profile': True, 'default_profile_image': False, 'following': False, 'follow_request_sent': False, 'notifications': False, 'translator_type': 'none', 'withheld_in_countries': []}",,,,,False,,,,0,0,False,False,False,en,[],[],[],[],0,0,0,0,1086612410478268416
199369366,human,Wed Jan 15 00:45:13 +0000 2014,423254511063277569,423254511063277569,"Sorry about the downtime, folks! We're working on it.",False,"{'hashtags': [], 'symbols': [], 'user_mentions': [], 'urls': []}","<a href=""http://twitter.com"" rel=""nofollow"">Twitter Web Client</a>",,,,,,"{'id': 199369366, 'id_str': '199369366', 'name': 'Scholrly', 'screen_name': 'scholrly', 'location': 'Atlanta, GA', 'description': 'Scholrly is a social search engine for computer science. We help researchers and businesses find the people tackling cool problems. Questions? learn@scholr.ly', 'url': 'http://t.co/STwqzw8QIe', 'entities': {'url': {'urls': [{'url': 'http://t.co/STwqzw8QIe', 'expanded_url': 'http://scholr.ly', 'display_url': 'scholr.ly', 'indices': [0, 22]}]}, 'description': {'urls': []}}, 'protected': False, 'followers_count': 428, 'friends_count': 172, 'listed_count': 35, 'created_at': 'Wed Oct 06 17:57:29 +0000 2010', 'favourites_count': 6, 'utc_offset': None, 'time_zone': None, 'geo_enabled': True, 'verified': False, 'statuses_count': 469, 'lang': None, 'contributors_enabled': False, 'is_translator': False, 'is_translation_enabled': False, 'profile_background_color': '0E0F0D', 'profile_background_image_url': 'http://abs.twimg.com/images/themes/theme5/bg.gif', 'profile_background_image_url_https': 'https://abs.twimg.com/images/themes/theme5/bg.gif', 'profile_background_tile': True, 'profile_image_url': 'http://pbs.twimg.com/profile_images/1291835594/sch_avatar_normal.png', 'profile_image_url_https': 'https://pbs.twimg.com/profile_images/1291835594/sch_avatar_normal.png', 'profile_banner_url': 'https://pbs.twimg.com/profile_banners/199369366/1357532182', 'profile_link_color': '000367', 'profile_sidebar_border_color': '666666', 'profile_sidebar_fill_color': 'EDEDED', 'profile_text_color': '5DB900', 'profile_use_background_image': True, 'has_extended_profile': False, 'default_profile': False, 'default_profile_image': False, 'following': False, 'follow_request_sent': False, 'notifications': False, 'translator_type': 'none', 'withheld_in_countries': []}",,,,,False,,,,0,1,False,False,,en,[],[],[],[],0,0,0,0,199369366
57398614,human,Fri Nov 11 16:01:35 +0000 2022,1591098824491147265,1591098824491147265,"BlockFi, prestamista de criptos, también suspende retiros a causa del colapso de FTX https://t.co/iVKEAzKNpY",False,"{'hashtags': [], 'symbols': [], 'user_mentions': [], 'urls': [{'url': 'https://t.co/iVKEAzKNpY', 'expanded_url': 'https://mx.investing.com/news/cryptocurrency-news/blockfi-prestamista-de-criptos-suspende-retiros-a-causa-del-colapso-de-ftx-2443117', 'display_url': 'mx.investing.com/news/cryptocur…', 'indices': [85, 108]}]}","<a href=""http://twitter.com/download/iphone"" rel=""nofollow"">Twitter for iPhone</a>",,,,,,"{'id': 57398614, 'id_str': '57398614', 'name': 'Guillermo Barba', 'screen_name': 'memobarba', 'location': 'Mexico City', 'description': 'Economista,UNAM; Máster en Economía de la Escuela Austríaca, URJC. #Oro, #bitcoin y #libertad! Editor de #TopMoneyReport. RT≠respaldo. Opinión a título personal', 'url': 'https://t.co/iH646tFH0o', 'entities': {'url': {'urls': [{'url': 'https://t.co/iH646tFH0o', 'expanded_url': 'https://www.topmoneyreport.com.mx/', 'display_url': 'topmoneyreport.com.mx', 'indices': [0, 23]}]}, 'description': {'urls': []}}, 'protected': False, 'followers_count': 206281, 'friends_count': 174308, 'listed_count': 999, 'created_at': 'Thu Jul 16 17:59:24 +0000 2009', 'favourites_count': 139193, 'utc_offset': None, 'time_zone': None, 'geo_enabled': True, 'verified': True, 'statuses_count': 167565, 'lang': None, 'contributors_enabled': False, 'is_translator': False, 'is_translation_enabled': False, 'profile_background_color': '022330', 'profile_background_image_url': 'http://abs.twimg.com/images/themes/theme15/bg.png', 'profile_background_image_url_https': 'https://abs.twimg.com/images/themes/theme15/bg.png', 'profile_background_tile': True, 'profile_image_url': 'http://pbs.twimg.com/profile_images/1428370064562999306/vZtwVWTT_normal.jpg', 'profile_image_url_https': 'https://pbs.twimg.com/profile_images/1428370064562999306/vZtwVWTT_normal.jpg', 'profile_banner_url': 'https://pbs.twimg.com/profile_banners/57398614/1633453202', 'profile_link_color': '0084B4', 'profile_sidebar_border_color': '000000', 'profile_sidebar_fill_color': 'C0DFEC', 'profile_text_color': '333333', 'profile_use_background_image': True, 'has_extended_profile': True, 'default_profile': False, 'default_profile_image': False, 'following': False, 'follow_request_sent': False, 'notifications': False, 'translator_type': 'none', 'withheld_in_countries': []}",,,,,False,,,,1,2,False,False,False,es,[],[],[],"[{'url': 'https://t.co/iVKEAzKNpY', 'expanded_url': 'https://mx.investing.com/news/cryptocurrency-news/blockfi-prestamista-de-criptos-suspende-retiros-a-causa-del-colapso-de-ftx-2443117', 'display_url': 'mx.investing.com/news/cryptocur…', 'indices': [85, 108]}]",0,0,0,1,57398614
233160369,human,Wed Aug 12 11:27:02 +0000 2020,1293509293174657025,1293509293174657025,@lorin_crawford @MSFTResearch Very exciting news! Congratulations Lorin!,False,"{'hashtags': [], 'symbols': [], 'user_mentions': [{'screen_name': 'lorin_crawford', 'name': 'Lorin Crawford', 'id': 874910671133081601, 'id_str': '874910671133081601', 'indices': [0, 15]}, {'screen_name': 'MSFTResearch', 'name': 'Microsoft Research', 'id': 21457289, 'id_str': '21457289', 'indices': [16, 29]}], 'urls': []}","<a href=""http://twitter.com/download/android"" rel=""nofollow"">Twitter for Android</a>",1.2932395912821146e+18,1.2932395912821146e+18,8.749106711330816e+17,8.749106711330816e+17,lorin_crawford,"{'id': 233160369, 'id_str': '233160369', 'name': 'Xiang Zhou', 'screen_name': 'xzlab_org', 'location': 'Ann Arbor', 'description': 'Genetics, Genomics, Statistics', 'url': 'http://t.co/KNHW8tSDhB', 'entities': {'url': {'urls': [{'url': 'http://t.co/KNHW8tSDhB', 'expanded_url': 'http://www.xzlab.org', 'display_url': 'xzlab.org', 'indices': [0, 22]}]}, 'description': {'urls': []}}, 'protected': False, 'followers_count': 535, 'friends_count': 149, 'listed_count': 7, 'created_at': 'Sun Jan 02 13:22:40 +0000 2011', 'favourites_count': 52, 'utc_offset': None, 'time_zone': None, 'geo_enabled': False, 'verified': False, 'statuses_count': 33, 'lang': None, 'contributors_enabled': False, 'is_translator': False, 'is_translation_enabled': True, 'profile_background_color': 'C0DEED', 'profile_background_image_url': 'http://abs.twimg.com/images/themes/theme1/bg.png', 'profile_background_image_url_https': 'https://abs.twimg.com/images/themes/theme1/bg.png', 'profile_background_tile': False, 'profile_image_url': 'http://pbs.twimg.com/profile_images/531835748698165248/Y3yw-1YM_normal.jpeg', 'profile_image_url_https': 'https://pbs.twimg.com/profile_images/531835748698165248/Y3yw-1YM_normal.jpeg', 'profile_link_color': '1DA1F2', 'profile_sidebar_border_color': 'C0DEED', 'profile_sidebar_fill_color': 'DDEEF6', 'profile_text_color': '333333', 'profile_use_background_image': True, 'has_extended_profile': False, 'default_profile': True, 'default_profile_image': False, 'following': False, 'follow_request_sent': False, 'notifications': False, 'translator_type': 'none', 'withheld_in_countries': []}",,,,,False,,,,0,1,False,False,,en,[],[],"[{'screen_name': 'lorin_crawford', 'name': 'Lorin Crawford', 'id': 874910671133081601, 'id_str': '874910671133081601', 'indices': [0, 15]}, {'screen_name': 'MSFTResearch', 'name': 'Microsoft Research', 'id': 21457289, 'id_str': '21457289', 'indices': [16, 29]}]",[],0,0,2,0,233160369
940578188979253248,human,Wed Nov 02 14:04:20 +0000 2022,1587807827300679681,1587807827300679681,RocDev Newsletter - https://t.co/gJKFlJfgnI https://t.co/TxK6YunfwQ,False,"{'hashtags': [], 'symbols': [], 'user_mentions': [], 'urls': [{'url': 'https://t.co/gJKFlJfgnI', 'expanded_url': 'https://mailchi.mp/1416a822a73e/rocdev-newsletter-12153920', 'display_url': 'mailchi.mp/1416a822a73e/r…', 'indices': [20, 43]}], 'media': [{'id': 1587807821600620544, 'id_str': '1587807821600620544', 'indices': [44, 67], 'media_url': 'http://pbs.twimg.com/media/FgkGzRoXgAAhWw6.jpg', 'media_url_https': 'https://pbs.twimg.com/media/FgkGzRoXgAAhWw6.jpg', 'url': 'https://t.co/TxK6YunfwQ', 'display_url': 'pic.twitter.com/TxK6YunfwQ', 'expanded_url': 'https://twitter.com/RocDevFdn/status/1587807827300679681/photo/1', 'type': 'photo', 'sizes': {'large': {'w': 2048, 'h': 1024, 'resize': 'fit'}, 'thumb': {'w': 150, 'h': 150, 'resize': 'crop'}, 'medium': {'w': 1200, 'h': 600, 'resize': 'fit'}, 'small': {'w': 680, 'h': 340, 'resize': 'fit'}}}]}","<a href=""http://www.mailchimp.com"" rel=""nofollow"">Mailchimp</a>",,,,,,"{'id': 940578188979253248, 'id_str': '940578188979253248', 'name': 'RocDev', 'screen_name': 'RocDevFdn', 'location': 'Rochester, NY', 'description': '', 'url': 'https://t.co/1c7DBePVtR', 'entities': {'url': {'urls': [{'url': 'https://t.co/1c7DBePVtR', 'expanded_url': 'https://roc.dev', 'display_url': 'roc.dev', 'indices': [0, 23]}]}, 'description': {'urls': []}}, 'protected': False, 'followers_count': 99, 'friends_count': 119, 'listed_count': 0, 'created_at': 'Tue Dec 12 13:44:50 +0000 2017', 'favourites_count': 42, 'utc_offset': None, 'time_zone': None, 'geo_enabled': False, 'verified': False, 'statuses_count': 143, 'lang': None, 'contributors_enabled': False, 'is_translator': False, 'is_translation_enabled': False, 'profile_background_color': '000000', 'profile_background_image_url': 'http://abs.twimg.com/images/themes/theme1/bg.png', 'profile_background_image_url_https': 'https://abs.twimg.com/images/themes/theme1/bg.png', 'profile_background_tile': False, 'profile_image_url': 'http://pbs.twimg.com/profile_images/941146849368424448/4OMKFx85_normal.jpg', 'profile_image_url_https': 'https://pbs.twimg.com/profile_images/941146849368424448/4OMKFx85_normal.jpg', 'profile_link_color': '757575', 'profile_sidebar_border_color': '000000', 'profile_sidebar_fill_color': '000000', 'profile_text_color': '000000', 'profile_use_background_image': False, 'has_extended_profile': False, 'default_profile': False, 'default_profile_image': False, 'following': False, 'follow_request_sent': False, 'notifications': False, 'translator_type': 'none', 'withheld_in_countries': []}",,,,,False,,,,0,0,False,False,False,ht,[],[],[],"[{'url': 'https://t.co/gJKFlJfgnI', 'expanded_url': 'https://mailchi.mp/1416a822a73e/rocdev-newsletter-12153920', 'display_url': 'mailchi.mp/1416a822a73e/r…', 'indices': [20, 43]}]",0,0,0,1,940578188979253248
1243354663933493249,human,Wed Dec 09 16:29:50 +0000 2020,1336709652994686979,1336709652994686979,@HDFCBank_Cares WHY AFTER REPEATED MESSAGES AND EMAILS NOBODY IS RESPONDING AND GIVING LEGITIMATE SOLUTIONS? WHY I… https://t.co/Va7fxuFehJ,True,"{'hashtags': [], 'symbols': [], 'user_mentions': [{'screen_name': 'HDFCBank_Cares', 'name': 'HDFC Bank Cares', 'id': 145931959, 'id_str': '145931959', 'indices': [0, 15]}], 'urls': [{'url': 'https://t.co/Va7fxuFehJ', 'expanded_url': 'https://twitter.com/i/web/status/1336709652994686979', 'display_url': 'twitter.com/i/web/status/1…', 'indices': [116, 139]}]}","<a href=""http://twitter.com/download/android"" rel=""nofollow"">Twitter for Android</a>",1.3347564156138988e+18,1.3347564156138988e+18,145931959.0,145931959.0,HDFCBank_Cares,"{'id': 1243354663933493249, 'id_str': '1243354663933493249', 'name': 'Neeraj Kumar', 'screen_name': 'nkneeraj95', 'location': 'New Delhi, India', 'description': '', 'url': None, 'entities': {'description': {'urls': []}}, 'protected': False, 'followers_count': 16, 'friends_count': 922, 'listed_count': 1, 'created_at': 'Fri Mar 27 01:50:42 +0000 2020', 'favourites_count': 1055, 'utc_offset': None, 'time_zone': None, 'geo_enabled': False, 'verified': False, 'statuses_count': 31, 'lang': None, 'contributors_enabled': False, 'is_translator': False, 'is_translation_enabled': False, 'profile_background_color': 'F5F8FA', 'profile_background_image_url': None, 'profile_background_image_url_https': None, 'profile_background_tile': False, 'profile_image_url': 'http://pbs.twimg.com/profile_images/1243942566019522561/nmzpz1_b_normal.jpg', 'profile_image_url_https': 'https://pbs.twimg.com/profile_images/1243942566019522561/nmzpz1_b_normal.jpg', 'profile_link_color': '1DA1F2', 'profile_sidebar_border_color': 'C0DEED', 'profile_sidebar_fill_color': 'DDEEF6', 'profile_text_color': '333333', 'profile_use_background_image': True, 'has_extended_profile': False, 'default_profile': True, 'default_profile_image': False, 'following': False, 'follow_request_sent': False, 'notifications': False, 'translator_type': 'none', 'withheld_in_countries': []}",,,,,False,,,,0,0,False,False,,en,[],[],"[{'screen_name': 'HDFCBank_Cares', 'name': 'HDFC Bank Cares', 'id': 145931959, 'id_str': '145931959', 'indices': [0, 15]}]","[{'url': 'https://t.co/Va7fxuFehJ', 'expanded_url': 'https://twitter.com/i/web/status/1336709652994686979', 'display_url': 'twitter.com/i/web/status/1…', 'indices': [116, 139]}]",0,0,1,1,1243354663933493249
781982295863484456,bot,Thu Nov 03 20:47:23 +0000 2022,1588271643025371137,1588271643025371137,Election Day (Nov. 8) is rapidly approaching! If you are seeking ways to get informed and involved in the Midterm E… https://t.co/fX0z7Dvjrt,True,"{'hashtags': [], 'symbols': [], 'user_mentions': [], 'urls': [{'url': 'https://t.co/fX0z7Dvjrt', 'expanded_url': 'https://twitter.com/i/web/status/1588271643025371137', 'display_url': 'twitter.com/i/web/status/1…', 'indices': [117, 140]}]}","<a href=""http://twitter.com/download/iphone"" rel=""nofollow"">Twitter for iPhone</a>",,,,,,"{'id': 781982295863484456, 'id_str': '781982295863484456', 'name': 'Black Mamas Matter Alliance', 'screen_name': 'BlkMamasMatter', 'location': '', 'description': 'We envision a world where Black Mamas have the rights, respect, and resources to thrive before, during, and after pregnancy. RTs 🚫 endorsements!', 'url': 'https://t.co/CBoyFLwLgz', 'entities': {'url': {'urls': [{'url': 'https://t.co/CBoyFLwLgz', 'expanded_url': 'https://linktr.ee/blkmamasmatter', 'display_url': 'linktr.ee/blkmamasmatter', 'indices': [0, 23]}]}, 'description': {'urls': []}}, 'protected': False, 'followers_count': 25533, 'friends_count': 309, 'listed_count': 200, 'created_at': 'Fri Sep 30 22:21:22 +0000 2016', 'favourites_count': 4551, 'utc_offset': None, 'time_zone': None, 'geo_enabled': True, 'verified': False, 'statuses_count': 5479, 'lang': None, 'contributors_enabled': False, 'is_translator': False, 'is_translation_enabled': False, 'profile_background_color': '000000', 'profile_background_image_url': 'http://abs.twimg.com/images/themes/theme1/bg.png', 'profile_background_image_url_https': 'https://abs.twimg.com/images/themes/theme1/bg.png', 'profile_background_tile': False, 'profile_image_url': 'http://pbs.twimg.com/profile_images/1034061111878926338/F6noKVPX_normal.jpg', 'profile_image_url_https': 'https://pbs.twimg.com/profile_images/1034061111878926338/F6noKVPX_normal.jpg', 'profile_banner_url': 'https://pbs.twimg.com/profile_banners/781982295863484456/1557841834', 'profile_link_color': 'A06780', 'profile_sidebar_border_color': '000000', 'profile_sidebar_fill_color': '000000', 'profile_text_color': '000000', 'profile_use_background_image': False, 'has_extended_profile': False, 'default_profile': False, 'default_profile_image': False, 'following': False, 'follow_request_sent': False, 'notifications': False, 'translator_type': 'none', 'withheld_in_countries': []}",,,,,False,,,,8,13,False,False,False,en,[],[],[],"[{'url': 'https://t.co/fX0z7Dvjrt', 'expanded_url': 'https://twitter.com/i/web/status/1588271643025371137', 'display_url': 'twitter.com/i/web/status/1…', 'indices': [117, 140]}]",0,0,0,1,781982295863484456
927837253,human,Fri Nov 11 14:09:09 +0000 2022,1591070531083960322,1591070531083960322,@ashipra I joined mastodon a few days before madness started in Twitter so I picked the most obvious one at that ti… https://t.co/podClaiVJe,True,"{'hashtags': [], 'symbols': [], 'user_mentions': [{'screen_name': 'ashipra', 'name': 'Shipra Agrawal', 'id': 29684499, 'id_str': '29684499', 'indices': [0, 8]}], 'urls': [{'url': 'https://t.co/podClaiVJe', 'expanded_url': 'https://twitter.com/i/web/status/1591070531083960322', 'display_url': 'twitter.com/i/web/status/1…', 'indices': [117, 140]}]}","<a href=""http://twitter.com/download/iphone"" rel=""nofollow"">Twitter for iPhone</a>",1.5910703689112207e+18,1.5910703689112207e+18,927837253.0,927837253.0,EmtiyazKhan,"{'id': 927837253, 'id_str': '927837253', 'name': 'Emtiyaz Khan', 'screen_name': 'EmtiyazKhan', 'location': 'Tokyo-to, Japan', 'description': 'Team leader at @RIKEN_AIP_EN. Opinions my own. Follow me at https://t.co/jXDOS1HKXE', 'url': 'https://t.co/Gvn7c5Dtg3', 'entities': {'url': {'urls': [{'url': 'https://t.co/Gvn7c5Dtg3', 'expanded_url': 'https://emtiyaz.github.io', 'display_url': 'emtiyaz.github.io', 'indices': [0, 23]}]}, 'description': {'urls': [{'url': 'https://t.co/jXDOS1HKXE', 'expanded_url': 'https://mastodon.social/@emtiyaz#', 'display_url': 'mastodon.social/@emtiyaz#', 'indices': [60, 83]}]}}, 'protected': False, 'followers_count': 10538, 'friends_count': 224, 'listed_count': 108, 'created_at': 'Mon Nov 05 15:32:22 +0000 2012', 'favourites_count': 9977, 'utc_offset': None, 'time_zone': None, 'geo_enabled': False, 'verified': False, 'statuses_count': 5402, 'lang': None, 'contributors_enabled': False, 'is_translator': False, 'is_translation_enabled': False, 'profile_background_color': '000000', 'profile_background_image_url': 'http://abs.twimg.com/images/themes/theme1/bg.png', 'profile_background_image_url_https': 'https://abs.twimg.com/images/themes/theme1/bg.png', 'profile_background_tile': False, 'profile_image_url': 'http://pbs.twimg.com/profile_images/1391603927968145410/gr1Ig8Aa_normal.jpg', 'profile_image_url_https': 'https://pbs.twimg.com/profile_images/1391603927968145410/gr1Ig8Aa_normal.jpg', 'profile_link_color': '89C9FA', 'profile_sidebar_border_color': '000000', 'profile_sidebar_fill_color': '000000', 'profile_text_color': '000000', 'profile_use_background_image': False, 'has_extended_profile': False, 'default_profile': False, 'default_profile_image': False, 'following': False, 'follow_request_sent': False, 'notifications': False, 'translator_type': 'none', 'withheld_in_countries': []}",,,,,False,,,,0,0,False,False,False,en,[],[],"[{'screen_name': 'ashipra', 'name': 'Shipra Agrawal', 'id': 29684499, 'id_str': '29684499', 'indices': [0, 8]}]","[{'url': 'https://t.co/podClaiVJe', 'expanded_url': 'https://twitter.com/i/web/status/1591070531083960322', 'display_url': 'twitter.com/i/web/status/1…', 'indices': [117, 140]}]",0,0,1,1,927837253
1356705529528283136,human,Thu Nov 10 18:13:22 +0000 2022,1590769602639720448,1590769602639720448,Top of the league 🌟 https://t.co/Qe5ehAfAgt,False,"{'hashtags': [], 'symbols': [], 'user_mentions': [], 'urls': [], 'media': [{'id': 1590769552836759565, 'id_str': '1590769552836759565', 'indices': [20, 43], 'media_url': 'http://pbs.twimg.com/ext_tw_video_thumb/1590769552836759565/pu/img/rxW6j_bDFCzDpvUq.jpg', 'media_url_https': 'https://pbs.twimg.com/ext_tw_video_thumb/1590769552836759565/pu/img/rxW6j_bDFCzDpvUq.jpg', 'url': 'https://t.co/Qe5ehAfAgt', 'display_url': 'pic.twitter.com/Qe5ehAfAgt', 'expanded_url': 'https://twitter.com/ArsenaIVids/status/1590769602639720448/video/1', 'type': 'photo', 'sizes': {'medium': {'w': 576, 'h': 576, 'resize': 'fit'}, 'thumb': {'w': 150, 'h': 150, 'resize': 'crop'}, 'small': {'w': 576, 'h': 576, 'resize': 'fit'}, 'large': {'w': 576, 'h': 576, 'resize': 'fit'}}}]}","<a href=""http://twitter.com/download/iphone"" rel=""nofollow"">Twitter for iPhone</a>",,,,,,"{'id': 1356705529528283136, 'id_str': '1356705529528283136', 'name': 'Arsenal Vids That Go Hard', 'screen_name': 'ArsenaIVids', 'location': '', 'description': 'super mik arteta', 'url': None, 'entities': {'description': {'urls': []}}, 'protected': False, 'followers_count': 34564, 'friends_count': 649, 'listed_count': 259, 'created_at': 'Tue Feb 02 20:46:24 +0000 2021', 'favourites_count': 246, 'utc_offset': None, 'time_zone': None, 'geo_enabled': False, 'verified': False, 'statuses_count': 34, 'lang': None, 'contributors_enabled': False, 'is_translator': False, 'is_translation_enabled': False, 'profile_background_color': 'F5F8FA', 'profile_background_image_url': None, 'profile_background_image_url_https': None, 'profile_background_tile': False, 'profile_image_url': 'http://pbs.twimg.com/profile_images/1569077298942382081/zCxbN8kQ_normal.jpg', 'profile_image_url_https': 'https://pbs.twimg.com/profile_images/1569077298942382081/zCxbN8kQ_normal.jpg', 'profile_banner_url': 'https://pbs.twimg.com/profile_banners/1356705529528283136/1662932366', 'profile_link_color': '1DA1F2', 'profile_sidebar_border_color': 'C0DEED', 'profile_sidebar_fill_color': 'DDEEF6', 'profile_text_color': '333333', 'profile_use_background_image': True, 'has_extended_profile': True, 'default_profile': True, 'default_profile_image': False, 'following': False, 'follow_request_sent': False, 'notifications': False, 'translator_type': 'none', 'withheld_in_countries': []}",,,,,False,,,,746,4608,False,False,False,en,[],[],[],[],0,0,0,0,1356705529528283136
124745749,human,Wed Nov 09 06:46:23 +0000 2022,1590234327950196738,1590234327950196738,"@Aarzaai_Ishq Pukhta hoti hai agar maslihat andaish ho aql
Ishq ho maslihat andaish toh hai khaam abhi

Bekhatar ku… https://t.co/bMYIMVNFih",True,"{'hashtags': [], 'symbols': [], 'user_mentions': [{'screen_name': 'Aarzaai_Ishq', 'name': 'Aarz-e-ishq', 'id': 1227597117369331718, 'id_str': '1227597117369331718', 'indices': [0, 13]}], 'urls': [{'url': 'https://t.co/bMYIMVNFih', 'expanded_url': 'https://twitter.com/i/web/status/1590234327950196738', 'display_url': 'twitter.com/i/web/status/1…', 'indices': [117, 140]}]}","<a href=""http://twitter.com/download/iphone"" rel=""nofollow"">Twitter for iPhone</a>",1.590209535280812e+18,1.590209535280812e+18,1.2275971173693317e+18,1.2275971173693317e+18,Aarzaai_Ishq,"{'id': 124745749, 'id_str': '124745749', 'name': 'Tushant Mittal', 'screen_name': 'mittaltushant', 'location': 'Chicago, IL', 'description': 'A CS theory grad student interested in food, history and bits of “useless” trivia.', 'url': 'https://t.co/stEN8ohoWv', 'entities': {'url': {'urls': [{'url': 'https://t.co/stEN8ohoWv', 'expanded_url': 'https://mittaltushant.github.io', 'display_url': 'mittaltushant.github.io', 'indices': [0, 23]}]}, 'description': {'urls': []}}, 'protected': False, 'followers_count': 238, 'friends_count': 609, 'listed_count': 0, 'created_at': 'Sat Mar 20 12:24:18 +0000 2010', 'favourites_count': 23664, 'utc_offset': None, 'time_zone': None, 'geo_enabled': False, 'verified': False, 'statuses_count': 641, 'lang': None, 'contributors_enabled': False, 'is_translator': False, 'is_translation_enabled': False, 'profile_background_color': 'C0DEED', 'profile_background_image_url': 'http://abs.twimg.com/images/themes/theme1/bg.png', 'profile_background_image_url_https': 'https://abs.twimg.com/images/themes/theme1/bg.png', 'profile_background_tile': False, 'profile_image_url': 'http://pbs.twimg.com/profile_images/1543635714599968769/ul2K8N_f_normal.jpg', 'profile_image_url_https': 'https://pbs.twimg.com/profile_images/1543635714599968769/ul2K8N_f_normal.jpg', 'profile_link_color': '1DA1F2', 'profile_sidebar_border_color': 'C0DEED', 'profile_sidebar_fill_color': 'DDEEF6', 'profile_text_color': '333333', 'profile_use_background_image': True, 'has_extended_profile': True, 'default_profile': True, 'default_profile_image': False, 'following': False, 'follow_request_sent': False, 'notifications': False, 'translator_type': 'none', 'withheld_in_countries': []}",,,,,False,,,,0,3,False,False,,hi,[],[],"[{'screen_name': 'Aarzaai_Ishq', 'name': 'Aarz-e-ishq', 'id': 1227597117369331718, 'id_str': '1227597117369331718', 'indices': [0, 13]}]","[{'url': 'https://t.co/bMYIMVNFih', 'expanded_url': 'https://twitter.com/i/web/status/1590234327950196738', 'display_url': 'twitter.com/i/web/status/1…', 'indices': [117, 140]}]",0,0,1,1,124745749
1044979644183838720,human,Thu Oct 20 09:12:14 +0000 2022,1583023276657631233,1583023276657631233,Got a new #eufunded project? Want to reach a global audience? Find out more about the #OpenAccess journal that can… https://t.co/PNOvmjfmD6,True,"{'hashtags': [{'text': 'eufunded', 'indices': [10, 19]}, {'text': 'OpenAccess', 'indices': [86, 97]}], 'symbols': [], 'user_mentions': [], 'urls': [{'url': 'https://t.co/PNOvmjfmD6', 'expanded_url': 'https://twitter.com/i/web/status/1583023276657631233', 'display_url': 'twitter.com/i/web/status/1…', 'indices': [116, 139]}]}","<a href=""https://mobile.twitter.com"" rel=""nofollow"">Twitter Web App</a>",,,,,,"{'id': 1044979644183838720, 'id_str': '1044979644183838720', 'name': '(EDMA) European Dissemination Media Agency', 'screen_name': 'EUDissemination', 'location': 'England, United Kingdom', 'description': 'EDMA specialise in the promotion of EU and nationally-funded research projects. \nPublishers of the Project Repository Journal: https://t.co/uVrzHfcZWe', 'url': 'https://t.co/wUo6ZHcH5o', 'entities': {'url': {'urls': [{'url': 'https://t.co/wUo6ZHcH5o', 'expanded_url': 'http://www.europeandissemination.eu', 'display_url': 'europeandissemination.eu', 'indices': [0, 23]}]}, 'description': {'urls': [{'url': 'https://t.co/uVrzHfcZWe', 'expanded_url': 'http://bit.ly/ThePRj', 'display_url': 'bit.ly/ThePRj', 'indices': [127, 150]}]}}, 'protected': False, 'followers_count': 1766, 'friends_count': 4111, 'listed_count': 5, 'created_at': 'Wed Sep 26 15:58:56 +0000 2018', 'favourites_count': 937, 'utc_offset': None, 'time_zone': None, 'geo_enabled': False, 'verified': False, 'statuses_count': 2085, 'lang': None, 'contributors_enabled': False, 'is_translator': False, 'is_translation_enabled': False, 'profile_background_color': '000000', 'profile_background_image_url': 'http://abs.twimg.com/images/themes/theme1/bg.png', 'profile_background_image_url_https': 'https://abs.twimg.com/images/themes/theme1/bg.png', 'profile_background_tile': False, 'profile_image_url': 'http://pbs.twimg.com/profile_images/1054692207234613248/jvId2wuE_normal.jpg', 'profile_image_url_https': 'https://pbs.twimg.com/profile_images/1054692207234613248/jvId2wuE_normal.jpg', 'profile_banner_url': 'https://pbs.twimg.com/profile_banners/1044979644183838720/1537981181', 'profile_link_color': '1B95E0', 'profile_sidebar_border_color': '000000', 'profile_sidebar_fill_color': '000000', 'profile_text_color': '000000', 'profile_use_background_image': False, 'has_extended_profile': False, 'default_profile': False, 'default_profile_image': False, 'following': False, 'follow_request_sent': False, 'notifications': False, 'translator_type': 'none', 'withheld_in_countries': []}",,,,,False,,,,0,0,False,False,False,en,"[{'text': 'eufunded', 'indices': [10, 19]}, {'text': 'OpenAccess', 'indices': [86, 97]}]",[],[],"[{'url': 'https://t.co/PNOvmjfmD6', 'expanded_url': 'https://twitter.com/i/web/status/1583023276657631233', 'display_url': 'twitter.com/i/web/status/1…', 'indices': [116, 139]}]",2,0,0,1,1044979644183838720
958405675998162944,human,Tue Apr 24 19:48:27 +0000 2018,988867283878600704,988867283878600704,@ATLRealtorSales Great Job continue success to you and the providence group,False,"{'hashtags': [], 'symbols': [], 'user_mentions': [{'screen_name': 'ATLRealtorSales', 'name': 'Jennifer Mackey - Atlanta| Realtor', 'id': 194939192, 'id_str': '194939192', 'indices': [0, 16]}], 'urls': []}","<a href=""http://twitter.com/download/android"" rel=""nofollow"">Twitter for Android</a>",9.88560696370778e+17,9.885606963707781e+17,194939192.0,194939192.0,ATLRealtorSales,"{'id': 958405675998162944, 'id_str': '958405675998162944', 'name': 'Robert Stephens', 'screen_name': 'RobertS53734596', 'location': 'Atlanta, GA', 'description': 'New Homes Sales Consultant at Lake Iris located in McDonough Ga. 30252', 'url': None, 'entities': {'description': {'urls': []}}, 'protected': False, 'followers_count': 16, 'friends_count': 140, 'listed_count': 0, 'created_at': 'Tue Jan 30 18:24:54 +0000 2018', 'favourites_count': 0, 'utc_offset': None, 'time_zone': None, 'geo_enabled': False, 'verified': False, 'statuses_count': 4, 'lang': None, 'contributors_enabled': False, 'is_translator': False, 'is_translation_enabled': False, 'profile_background_color': 'F5F8FA', 'profile_background_image_url': None, 'profile_background_image_url_https': None, 'profile_background_tile': False, 'profile_image_url': 'http://pbs.twimg.com/profile_images/958408694546534401/xmAMjfk-_normal.jpg', 'profile_image_url_https': 'https://pbs.twimg.com/profile_images/958408694546534401/xmAMjfk-_normal.jpg', 'profile_link_color': '1DA1F2', 'profile_sidebar_border_color': 'C0DEED', 'profile_sidebar_fill_color': 'DDEEF6', 'profile_text_color': '333333', 'profile_use_background_image': True, 'has_extended_profile': False, 'default_profile': True, 'default_profile_image': False, 'following': False, 'follow_request_sent': False, 'notifications': False, 'translator_type': 'none', 'withheld_in_countries': []}",,,,,False,,,,0,0,False,False,,en,[],[],"[{'screen_name': 'ATLRealtorSales', 'name': 'Jennifer Mackey - Atlanta| Realtor', 'id': 194939192, 'id_str': '194939192', 'indices': [0, 16]}]",[],0,0,1,0,958405675998162944
1484498142825431040,human,Thu Mar 03 20:08:54 +0000 2022,1499476932508860422,1499476932508860422,"@TheSandboxGame I just participated in the daily #SandboxAlphaS2Contest for a chance to earn up to 1,000 $SAND! Day… https://t.co/5uucofEHB2",True,"{'hashtags': [{'text': 'SandboxAlphaS2Contest', 'indices': [49, 71]}], 'symbols': [{'text': 'SAND', 'indices': [105, 110]}], 'user_mentions': [{'screen_name': 'TheSandboxGame', 'name': 'The Sandbox', 'id': 347831597, 'id_str': '347831597', 'indices': [0, 15]}], 'urls': [{'url': 'https://t.co/5uucofEHB2', 'expanded_url': 'https://twitter.com/i/web/status/1499476932508860422', 'display_url': 'twitter.com/i/web/status/1…', 'indices': [117, 140]}]}","<a href=""https://operaevent.co"" rel=""nofollow"">Opera Event, Inc.</a>",1.4994596973337436e+18,1.4994596973337436e+18,347831597.0,347831597.0,TheSandboxGame,"{'id': 1484498142825431040, 'id_str': '1484498142825431040', 'name': 'Spirea Tiberiu', 'screen_name': 'Zeleking', 'location': '', 'description': '', 'url': None, 'entities': {'description': {'urls': []}}, 'protected': False, 'followers_count': 0, 'friends_count': 7, 'listed_count': 0, 'created_at': 'Fri Jan 21 12:08:44 +0000 2022', 'favourites_count': 0, 'utc_offset': None, 'time_zone': None, 'geo_enabled': False, 'verified': False, 'statuses_count': 3, 'lang': None, 'contributors_enabled': False, 'is_translator': False, 'is_translation_enabled': False, 'profile_background_color': 'F5F8FA', 'profile_background_image_url': None, 'profile_background_image_url_https': None, 'profile_background_tile': False, 'profile_image_url': 'http://pbs.twimg.com/profile_images/1484498193928921089/i7W_JFpt_normal.jpg', 'profile_image_url_https': 'https://pbs.twimg.com/profile_images/1484498193928921089/i7W_JFpt_normal.jpg', 'profile_link_color': '1DA1F2', 'profile_sidebar_border_color': 'C0DEED', 'profile_sidebar_fill_color': 'DDEEF6', 'profile_text_color': '333333', 'profile_use_background_image': True, 'has_extended_profile': True, 'default_profile': True, 'default_profile_image': False, 'following': False, 'follow_request_sent': False, 'notifications': False, 'translator_type': 'none', 'withheld_in_countries': []}",,,,,False,,,,0,0,False,False,False,en,"[{'text': 'SandboxAlphaS2Contest', 'indices': [49, 71]}]","[{'text': 'SAND', 'indices': [105, 110]}]","[{'screen_name': 'TheSandboxGame', 'name': 'The Sandbox', 'id': 347831597, 'id_str': '347831597', 'indices': [0, 15]}]","[{'url': 'https://t.co/5uucofEHB2', 'expanded_url': 'https://twitter.com/i/web/status/1499476932508860422', 'display_url': 'twitter.com/i/web/status/1…', 'indices': [117, 140]}]",1,1,1,1,1484498142825431040
1484243495283879936,human,Fri Nov 11 02:26:44 +0000 2022,1590893758643834880,1590893758643834880,"WHERE did the rumor of the nonexistent RED WAVE come from?Well, RIGHT HERE,our new king @elonmusk is the king of mi… https://t.co/2LGWopiOgE",True,"{'hashtags': [], 'symbols': [], 'user_mentions': [{'screen_name': 'elonmusk', 'name': 'Elon Musk', 'id': 44196397, 'id_str': '44196397', 'indices': [88, 97]}], 'urls': [{'url': 'https://t.co/2LGWopiOgE', 'expanded_url': 'https://twitter.com/i/web/status/1590893758643834880', 'display_url': 'twitter.com/i/web/status/1…', 'indices': [117, 140]}]}","<a href=""http://twitter.com/download/iphone"" rel=""nofollow"">Twitter for iPhone</a>",,,,,,"{'id': 1484243495283879936, 'id_str': '1484243495283879936', 'name': 'dona darling ☮️', 'screen_name': 'DonalynBarone', 'location': '', 'description': 'BLACK LIVES MATTER, they always mattered', 'url': None, 'entities': {'description': {'urls': []}}, 'protected': False, 'followers_count': 637, 'friends_count': 1496, 'listed_count': 1, 'created_at': 'Thu Jan 20 19:17:20 +0000 2022', 'favourites_count': 4534, 'utc_offset': None, 'time_zone': None, 'geo_enabled': False, 'verified': False, 'statuses_count': 17074, 'lang': None, 'contributors_enabled': False, 'is_translator': False, 'is_translation_enabled': False, 'profile_background_color': 'F5F8FA', 'profile_background_image_url': None, 'profile_background_image_url_https': None, 'profile_background_tile': False, 'profile_image_url': 'http://pbs.twimg.com/profile_images/1484243808267091968/qbKl0Dym_normal.jpg', 'profile_image_url_https': 'https://pbs.twimg.com/profile_images/1484243808267091968/qbKl0Dym_normal.jpg', 'profile_link_color': '1DA1F2', 'profile_sidebar_border_color': 'C0DEED', 'profile_sidebar_fill_color': 'DDEEF6', 'profile_text_color': '333333', 'profile_use_background_image': True, 'has_extended_profile': True, 'default_profile': True, 'default_profile_image': False, 'following': False, 'follow_request_sent': False, 'notifications': False, 'translator_type': 'none', 'withheld_in_countries': []}",,,,,False,,,,0,2,False,False,,en,[],[],"[{'screen_name': 'elonmusk', 'name': 'Elon Musk', 'id': 44196397, 'id_str': '44196397', 'indices': [88, 97]}]","[{'url': 'https://t.co/2LGWopiOgE', 'expanded_url': 'https://twitter.com/i/web/status/1590893758643834880', 'display_url': 'twitter.com/i/web/status/1…', 'indices': [117, 140]}]",0,0,1,1,1484243495283879936
913284448686301184,human,Sun Jul 19 17:16:13 +0000 2020,1284899859061829633,1284899859061829633,@ArnabGoswamiRTV I am very proud to say that I am a Hindu..#HinduHatingPeta #HinduRashtra #Hindus,False,"{'hashtags': [{'text': 'HinduHatingPeta', 'indices': [59, 75]}, {'text': 'HinduRashtra', 'indices': [76, 89]}, {'text': 'Hindus', 'indices': [90, 97]}], 'symbols': [], 'user_mentions': [{'screen_name': 'ArnabGoswamiRTv', 'name': 'Arnab Way', 'id': 1338159106583003138, 'id_str': '1338159106583003138', 'indices': [0, 16]}], 'urls': []}","<a href=""http://twitter.com/download/android"" rel=""nofollow"">Twitter for Android</a>",1.284896916904403e+18,1.284896916904403e+18,101984908.0,101984908.0,SanatanWays,"{'id': 913284448686301184, 'id_str': '913284448686301184', 'name': 'Jayarama Uluvana', 'screen_name': 'UJayarama', 'location': 'Kasaragod, India', 'description': 'Sanskrit Teacher, Farmer', 'url': None, 'entities': {'description': {'urls': []}}, 'protected': False, 'followers_count': 47, 'friends_count': 211, 'listed_count': 0, 'created_at': 'Thu Sep 28 06:09:15 +0000 2017', 'favourites_count': 243, 'utc_offset': None, 'time_zone': None, 'geo_enabled': True, 'verified': False, 'statuses_count': 137, 'lang': None, 'contributors_enabled': False, 'is_translator': False, 'is_translation_enabled': False, 'profile_background_color': 'F5F8FA', 'profile_background_image_url': None, 'profile_background_image_url_https': None, 'profile_background_tile': False, 'profile_image_url': 'http://pbs.twimg.com/profile_images/913294838400901120/Gpzi0xrK_normal.jpg', 'profile_image_url_https': 'https://pbs.twimg.com/profile_images/913294838400901120/Gpzi0xrK_normal.jpg', 'profile_banner_url': 'https://pbs.twimg.com/profile_banners/913284448686301184/1586004621', 'profile_link_color': '1DA1F2', 'profile_sidebar_border_color': 'C0DEED', 'profile_sidebar_fill_color': 'DDEEF6', 'profile_text_color': '333333', 'profile_use_background_image': True, 'has_extended_profile': True, 'default_profile': True, 'default_profile_image': False, 'following': False, 'follow_request_sent': False, 'notifications': False, 'translator_type': 'none', 'withheld_in_countries': []}",,,,,False,,,,0,0,False,False,,en,"[{'text': 'HinduHatingPeta', 'indices': [59, 75]}, {'text': 'HinduRashtra', 'indices': [76, 89]}, {'text': 'Hindus', 'indices': [90, 97]}]",[],"[{'screen_name': 'ArnabGoswamiRTv', 'name': 'Arnab Way', 'id': 1338159106583003138, 'id_str': '1338159106583003138', 'indices': [0, 16]}]",[],3,0,1,0,913284448686301184
59001491,human,Thu Nov 10 22:09:50 +0000 2022,1590829111035011084,1590829111035011084,@Brian_Pelo Wow,False,"{'hashtags': [], 'symbols': [], 'user_mentions': [{'screen_name': 'Brian_Pelo', 'name': '𝔅𝔯𝔦𝔞𝔫 𝔓𝔢𝔩𝔬', 'id': 2596431585, 'id_str': '2596431585', 'indices': [0, 11]}], 'urls': []}","<a href=""http://twitter.com/download/iphone"" rel=""nofollow"">Twitter for iPhone</a>",1.5908282512318996e+18,1.5908282512318996e+18,2596431585.0,2596431585.0,Brian_Pelo,"{'id': 59001491, 'id_str': '59001491', 'name': 'Jeff Howe', 'screen_name': 'jeffphowe', 'location': 'Boston', 'description': ""NFL National Insider for @TheAthletic. Follow me. You'll feel better about yourself. https://t.co/FF7H3LYLgE"", 'url': 'https://t.co/FF7H3LYLgE', 'entities': {'url': {'urls': [{'url': 'https://t.co/FF7H3LYLgE', 'expanded_url': 'http://theathletic.com/howe', 'display_url': 'theathletic.com/howe', 'indices': [0, 23]}]}, 'description': {'urls': [{'url': 'https://t.co/FF7H3LYLgE', 'expanded_url': 'http://theathletic.com/howe', 'display_url': 'theathletic.com/howe', 'indices': [85, 108]}]}}, 'protected': False, 'followers_count': 141524, 'friends_count': 662, 'listed_count': 3115, 'created_at': 'Wed Jul 22 02:08:06 +0000 2009', 'favourites_count': 42181, 'utc_offset': None, 'time_zone': None, 'geo_enabled': False, 'verified': True, 'statuses_count': 74119, 'lang': None, 'contributors_enabled': False, 'is_translator': False, 'is_translation_enabled': False, 'profile_background_color': '1A1B1F', 'profile_background_image_url': 'http://abs.twimg.com/images/themes/theme9/bg.gif', 'profile_background_image_url_https': 'https://abs.twimg.com/images/themes/theme9/bg.gif', 'profile_background_tile': False, 'profile_image_url': 'http://pbs.twimg.com/profile_images/1388232398467387399/LfNTcSbT_normal.jpg', 'profile_image_url_https': 'https://pbs.twimg.com/profile_images/1388232398467387399/LfNTcSbT_normal.jpg', 'profile_banner_url': 'https://pbs.twimg.com/profile_banners/59001491/1533587783', 'profile_link_color': '2FC2EF', 'profile_sidebar_border_color': '181A1E', 'profile_sidebar_fill_color': '252429', 'profile_text_color': '666666', 'profile_use_background_image': False, 'has_extended_profile': False, 'default_profile': False, 'default_profile_image': False, 'following': False, 'follow_request_sent': False, 'notifications': False, 'translator_type': 'none', 'withheld_in_countries': []}",,,,,False,,,,0,1,False,False,,und,[],[],"[{'screen_name': 'Brian_Pelo', 'name': '𝔅𝔯𝔦𝔞𝔫 𝔓𝔢𝔩𝔬', 'id': 2596431585, 'id_str': '2596431585', 'indices': [0, 11]}]",[],0,0,1,0,59001491
907577359498338304,bot,Fri Apr 22 19:43:21 +0000 2022,1517589898785861632,1517589898785861632,@shreyas_0_9 @IPL Haha 😂🙌,False,"{'hashtags': [], 'symbols': [], 'user_mentions': [{'screen_name': 'shreyas_0_9', 'name': 'Shreyas Tripathi', 'id': 1032153905222897665, 'id_str': '1032153905222897665', 'indices': [0, 12]}, {'screen_name': 'IPL', 'name': 'IndianPremierLeague', 'id': 15639696, 'id_str': '15639696', 'indices': [13, 17]}], 'urls': []}","<a href=""http://twitter.com/download/android"" rel=""nofollow"">Twitter for Android</a>",1.5175786457995674e+18,1.5175786457995674e+18,1.0321539052228977e+18,1.0321539052228977e+18,shreyas_0_9,"{'id': 907577359498338304, 'id_str': '907577359498338304', 'name': 'Yash', 'screen_name': 'Yash78084388', 'location': '', 'description': 'Artist 🎨\nSports Enthusiast 🏏⚽🎾\n#7❣️', 'url': None, 'entities': {'description': {'urls': []}}, 'protected': False, 'followers_count': 30, 'friends_count': 192, 'listed_count': 1, 'created_at': 'Tue Sep 12 12:11:19 +0000 2017', 'favourites_count': 7259, 'utc_offset': None, 'time_zone': None, 'geo_enabled': False, 'verified': False, 'statuses_count': 65, 'lang': None, 'contributors_enabled': False, 'is_translator': False, 'is_translation_enabled': False, 'profile_background_color': 'F5F8FA', 'profile_background_image_url': None, 'profile_background_image_url_https': None, 'profile_background_tile': False, 'profile_image_url': 'http://pbs.twimg.com/profile_images/1288865862179532801/-epJoMLa_normal.jpg', 'profile_image_url_https': 'https://pbs.twimg.com/profile_images/1288865862179532801/-epJoMLa_normal.jpg', 'profile_link_color': '1DA1F2', 'profile_sidebar_border_color': 'C0DEED', 'profile_sidebar_fill_color': 'DDEEF6', 'profile_text_color': '333333', 'profile_use_background_image': True, 'has_extended_profile': False, 'default_profile': True, 'default_profile_image': False, 'following': False, 'follow_request_sent': False, 'notifications': False, 'translator_type': 'none', 'withheld_in_countries': []}",,,,,False,,,,0,1,False,False,,tl,[],[],"[{'screen_name': 'shreyas_0_9', 'name': 'Shreyas Tripathi', 'id': 1032153905222897665, 'id_str': '1032153905222897665', 'indices': [0, 12]}, {'screen_name': 'IPL', 'name': 'IndianPremierLeague', 'id': 15639696, 'id_str': '15639696', 'indices': [13, 17]}]",[],0,0,2,0,907577359498338304
180038665,human,Fri Dec 31 19:52:54 +0000 2021,1477004860641927174,1477004860641927174,"#2021 has been truly the unforgettable year ever for my life.

Thanks for everything.

https://t.co/eqhR3QHFmP",False,"{'hashtags': [], 'symbols': [], 'user_mentions': [], 'urls': [{'url': 'https://t.co/eqhR3QHFmP', 'expanded_url': 'https://youtu.be/rdi7G1hY4-w', 'display_url': 'youtu.be/rdi7G1hY4-w', 'indices': [87, 110]}]}","<a href=""http://twitter.com/download/android"" rel=""nofollow"">Twitter for Android</a>",,,,,,"{'id': 180038665, 'id_str': '180038665', 'name': 'Osman Sayginer', 'screen_name': 'osmansayginer', 'location': '', 'description': '#Goodness and #love will always win. \n#nature and #science will save us.\n\n🧪https://t.co/IxbMhhQJof', 'url': 'https://t.co/A41wRvQyfM', 'entities': {'url': {'urls': [{'url': 'https://t.co/A41wRvQyfM', 'expanded_url': 'http://www.sayginer.com', 'display_url': 'sayginer.com', 'indices': [0, 23]}]}, 'description': {'urls': [{'url': 'https://t.co/IxbMhhQJof', 'expanded_url': 'http://collab.sayginer.com', 'display_url': 'collab.sayginer.com', 'indices': [75, 98]}]}}, 'protected': False, 'followers_count': 218, 'friends_count': 169, 'listed_count': 2, 'created_at': 'Wed Aug 18 18:02:30 +0000 2010', 'favourites_count': 837, 'utc_offset': None, 'time_zone': None, 'geo_enabled': True, 'verified': False, 'statuses_count': 211, 'lang': None, 'contributors_enabled': False, 'is_translator': False, 'is_translation_enabled': False, 'profile_background_color': '148FB8', 'profile_background_image_url': 'http://abs.twimg.com/images/themes/theme2/bg.gif', 'profile_background_image_url_https': 'https://abs.twimg.com/images/themes/theme2/bg.gif', 'profile_background_tile': True, 'profile_image_url': 'http://pbs.twimg.com/profile_images/1408529615866445825/0W0rgypk_normal.jpg', 'profile_image_url_https': 'https://pbs.twimg.com/profile_images/1408529615866445825/0W0rgypk_normal.jpg', 'profile_banner_url': 'https://pbs.twimg.com/profile_banners/180038665/1624655111', 'profile_link_color': '0F3F4D', 'profile_sidebar_border_color': '000000', 'profile_sidebar_fill_color': 'DAECF4', 'profile_text_color': '663B12', 'profile_use_background_image': True, 'has_extended_profile': True, 'default_profile': False, 'default_profile_image': False, 'following': False, 'follow_request_sent': False, 'notifications': False, 'translator_type': 'none', 'withheld_in_countries': []}",,,"{'id': '018e2bf71a3ef896', 'url': 'https://api.twitter.com/1.1/geo/id/018e2bf71a3ef896.json', 'place_type': 'city', 'name': 'Prague', 'full_name': 'Prague, Czech Republic', 'country_code': 'CZ', 'country': 'Czech Republic', 'contained_within': [], 'bounding_box': {'type': 'Polygon', 'coordinates': [[[14.2252428, 49.9419037], [14.7065078, 49.9419037], [14.7065078, 50.1772562], [14.2252428, 50.1772562]]]}, 'attributes': {}}",,False,,,,0,1,False,False,False,en,[],[],[],"[{'url': 'https://t.co/eqhR3QHFmP', 'expanded_url': 'https://youtu.be/rdi7G1hY4-w', 'display_url': 'youtu.be/rdi7G1hY4-w', 'indices': [87, 110]}]",0,0,0,1,180038665
15143478,human,Thu Nov 10 14:26:55 +0000 2022,1590712613033611264,1590712613033611264,"Of course his wife is to blame. Anybody but himself.
https://t.co/mhNTjEbN8G",False,"{'hashtags': [], 'symbols': [], 'user_mentions': [], 'urls': [{'url': 'https://t.co/mhNTjEbN8G', 'expanded_url': 'https://www.thetimes.co.uk/article/us-midterms-2022-trump-biden-republicans-democrats-latest-news-7thn56qxb', 'display_url': 'thetimes.co.uk/article/us-mid…', 'indices': [53, 76]}]}","<a href=""https://mobile.twitter.com"" rel=""nofollow"">Twitter Web App</a>",,,,,,"{'id': 15143478, 'id_str': '15143478', 'name': 'Richard Dawkins', 'screen_name': 'RichardDawkins', 'location': '', 'description': 'UK biologist & writer. Richard Dawkins Foundation monthly donor: https://t.co/rZZdjPoMUe. RTs don’t imply endorsement, nor exhaustive research of tweeter', 'url': 'https://t.co/UcChRWyGJF', 'entities': {'url': {'urls': [{'url': 'https://t.co/UcChRWyGJF', 'expanded_url': 'http://richarddawkins.com', 'display_url': 'richarddawkins.com', 'indices': [0, 23]}]}, 'description': {'urls': [{'url': 'https://t.co/rZZdjPoMUe', 'expanded_url': 'http://richarddawkins.net/donate', 'display_url': 'richarddawkins.net/donate', 'indices': [65, 88]}]}}, 'protected': False, 'followers_count': 2970295, 'friends_count': 359, 'listed_count': 18328, 'created_at': 'Tue Jun 17 08:15:17 +0000 2008', 'favourites_count': 236, 'utc_offset': None, 'time_zone': None, 'geo_enabled': True, 'verified': True, 'statuses_count': 32391, 'lang': None, 'contributors_enabled': False, 'is_translator': False, 'is_translation_enabled': True, 'profile_background_color': '9AE4E8', 'profile_background_image_url': 'http://abs.twimg.com/images/themes/theme16/bg.gif', 'profile_background_image_url_https': 'https://abs.twimg.com/images/themes/theme16/bg.gif', 'profile_background_tile': True, 'profile_image_url': 'http://pbs.twimg.com/profile_images/1094327574031945729/tU8wz8DL_normal.jpg', 'profile_image_url_https': 'https://pbs.twimg.com/profile_images/1094327574031945729/tU8wz8DL_normal.jpg', 'profile_banner_url': 'https://pbs.twimg.com/profile_banners/15143478/1633339699', 'profile_link_color': '0084B4', 'profile_sidebar_border_color': 'FFFFFF', 'profile_sidebar_fill_color': 'DDFFCC', 'profile_text_color': '333333', 'profile_use_background_image': True, 'has_extended_profile': False, 'default_profile': False, 'default_profile_image': False, 'following': False, 'follow_request_sent': False, 'notifications': False, 'translator_type': 'none', 'withheld_in_countries': []}",,,,,False,,,,35,497,False,False,False,en,[],[],[],"[{'url': 'https://t.co/mhNTjEbN8G', 'expanded_url': 'https://www.thetimes.co.uk/article/us-midterms-2022-trump-biden-republicans-democrats-latest-news-7thn56qxb', 'display_url': 'thetimes.co.uk/article/us-mid…', 'indices': [53, 76]}]",0,0,0,1,15143478
811874704772501504,human,Thu Nov 03 16:10:28 +0000 2022,1588201954660040704,1588201954660040704,"@aksoyundan @UCLSocRes @ucl @uclnews @UCLSociology @UCL_Social_Sci @IOE_London Congrats, well deserved Ozan!",False,"{'hashtags': [], 'symbols': [], 'user_mentions': [{'screen_name': 'aksoyundan', 'name': 'Ozan Aksoy', 'id': 373372752, 'id_str': '373372752', 'indices': [0, 11]}, {'screen_name': 'UCLSocRes', 'name': 'UCL Social Research Institute (SRI)', 'id': 905100377137270784, 'id_str': '905100377137270784', 'indices': [12, 22]}, {'screen_name': 'ucl', 'name': 'UCL', 'id': 322601789, 'id_str': '322601789', 'indices': [23, 27]}, {'screen_name': 'uclnews', 'name': 'UCL News', 'id': 40234732, 'id_str': '40234732', 'indices': [28, 36]}, {'screen_name': 'UCLSociology', 'name': 'UCL Sociology Network', 'id': 860367632, 'id_str': '860367632', 'indices': [37, 50]}, {'screen_name': 'UCL_Social_Sci', 'name': 'UCL Collaborative Social Science Domain', 'id': 753232253149409280, 'id_str': '753232253149409280', 'indices': [51, 66]}, {'screen_name': 'IOE_London', 'name': ""IOE, UCL's Faculty of Education & Society"", 'id': 106730860, 'id_str': '106730860', 'indices': [67, 78]}], 'urls': []}","<a href=""http://twitter.com/download/iphone"" rel=""nofollow"">Twitter for iPhone</a>",1.588079113293767e+18,1.5880791132937667e+18,373372752.0,373372752.0,aksoyundan,"{'id': 811874704772501504, 'id_str': '811874704772501504', 'name': 'Frank van Tubergen', 'screen_name': 'fvantubergen', 'location': 'Utrecht', 'description': 'Professor of Sociology, Utrecht University and NIDI. Author of ""Introduction to Sociology"" (2020), see: https://t.co/7boPLHBtzt', 'url': 'https://t.co/R4L9cmFmcN', 'entities': {'url': {'urls': [{'url': 'https://t.co/R4L9cmFmcN', 'expanded_url': 'http://www.frankvantubergen.nl', 'display_url': 'frankvantubergen.nl', 'indices': [0, 23]}]}, 'description': {'urls': [{'url': 'https://t.co/7boPLHBtzt', 'expanded_url': 'https://www.amazon.com/gp/product/0815353855/', 'display_url': 'amazon.com/gp/product/081…', 'indices': [104, 127]}]}}, 'protected': False, 'followers_count': 1123, 'friends_count': 863, 'listed_count': 6, 'created_at': 'Thu Dec 22 10:03:08 +0000 2016', 'favourites_count': 549, 'utc_offset': None, 'time_zone': None, 'geo_enabled': False, 'verified': False, 'statuses_count': 429, 'lang': None, 'contributors_enabled': False, 'is_translator': False, 'is_translation_enabled': False, 'profile_background_color': 'F5F8FA', 'profile_background_image_url': None, 'profile_background_image_url_https': None, 'profile_background_tile': False, 'profile_image_url': 'http://pbs.twimg.com/profile_images/1283364802283405314/TX9f409G_normal.jpg', 'profile_image_url_https': 'https://pbs.twimg.com/profile_images/1283364802283405314/TX9f409G_normal.jpg', 'profile_banner_url': 'https://pbs.twimg.com/profile_banners/811874704772501504/1585475952', 'profile_link_color': '1DA1F2', 'profile_sidebar_border_color': 'C0DEED', 'profile_sidebar_fill_color': 'DDEEF6', 'profile_text_color': '333333', 'profile_use_background_image': True, 'has_extended_profile': True, 'default_profile': True, 'default_profile_image': False, 'following': False, 'follow_request_sent': False, 'notifications': False, 'translator_type': 'none', 'withheld_in_countries': []}",,,,,False,,,,0,0,False,False,,en,[],[],"[{'screen_name': 'aksoyundan', 'name': 'Ozan Aksoy', 'id': 373372752, 'id_str': '373372752', 'indices': [0, 11]}, {'screen_name': 'UCLSocRes', 'name': 'UCL Social Research Institute (SRI)', 'id': 905100377137270784, 'id_str': '905100377137270784', 'indices': [12, 22]}, {'screen_name': 'ucl', 'name': 'UCL', 'id': 322601789, 'id_str': '322601789', 'indices': [23, 27]}, {'screen_name': 'uclnews', 'name': 'UCL News', 'id': 40234732, 'id_str': '40234732', 'indices': [28, 36]}, {'screen_name': 'UCLSociology', 'name': 'UCL Sociology Network', 'id': 860367632, 'id_str': '860367632', 'indices': [37, 50]}, {'screen_name': 'UCL_Social_Sci', 'name': 'UCL Collaborative Social Science Domain', 'id': 753232253149409280, 'id_str': '753232253149409280', 'indices': [51, 66]}, {'screen_name': 'IOE_London', 'name': ""IOE, UCL's Faculty of Education & Society"", 'id': 106730860, 'id_str': '106730860', 'indices': [67, 78]}]",[],0,0,7,0,811874704772501504
25427470,human,Thu Nov 10 19:04:06 +0000 2022,1590782369891774465,1590782369891774465,"Before he was a senator, @Hickenlooper was a geologist, a mayor, and a brewpub owner. As part of Democracy Day prog… https://t.co/AXmNN6wbGT",True,"{'hashtags': [], 'symbols': [], 'user_mentions': [{'screen_name': 'Hickenlooper', 'name': 'John Hickenlooper', 'id': 117839957, 'id_str': '117839957', 'indices': [25, 38]}], 'urls': [{'url': 'https://t.co/AXmNN6wbGT', 'expanded_url': 'https://twitter.com/i/web/status/1590782369891774465', 'display_url': 'twitter.com/i/web/status/1…', 'indices': [117, 140]}]}","<a href=""http://twitter.com/download/iphone"" rel=""nofollow"">Twitter for iPhone</a>",,,,,,"{'id': 25427470, 'id_str': '25427470', 'name': 'The Stanford Daily', 'screen_name': 'StanfordDaily', 'location': 'Stanford, CA', 'description': ""🌲Stanford's independent student newspaper since 1892.🌲"", 'url': 'https://t.co/xkFj7LgbiW', 'entities': {'url': {'urls': [{'url': 'https://t.co/xkFj7LgbiW', 'expanded_url': 'http://stanforddaily.com/', 'display_url': 'stanforddaily.com', 'indices': [0, 23]}]}, 'description': {'urls': []}}, 'protected': False, 'followers_count': 17579, 'friends_count': 181, 'listed_count': 528, 'created_at': 'Fri Mar 20 01:15:08 +0000 2009', 'favourites_count': 739, 'utc_offset': None, 'time_zone': None, 'geo_enabled': True, 'verified': True, 'statuses_count': 11929, 'lang': None, 'contributors_enabled': False, 'is_translator': False, 'is_translation_enabled': False, 'profile_background_color': 'FFFFFF', 'profile_background_image_url': 'http://abs.twimg.com/images/themes/theme1/bg.png', 'profile_background_image_url_https': 'https://abs.twimg.com/images/themes/theme1/bg.png', 'profile_background_tile': True, 'profile_image_url': 'http://pbs.twimg.com/profile_images/828118030605381636/G3wb0UIB_normal.jpg', 'profile_image_url_https': 'https://pbs.twimg.com/profile_images/828118030605381636/G3wb0UIB_normal.jpg', 'profile_banner_url': 'https://pbs.twimg.com/profile_banners/25427470/1656728471', 'profile_link_color': '990000', 'profile_sidebar_border_color': '990000', 'profile_sidebar_fill_color': 'FFFFFF', 'profile_text_color': '000000', 'profile_use_background_image': True, 'has_extended_profile': False, 'default_profile': False, 'default_profile_image': False, 'following': False, 'follow_request_sent': False, 'notifications': False, 'translator_type': 'none', 'withheld_in_countries': []}",,,,,False,,,,0,3,False,False,False,en,[],[],"[{'screen_name': 'Hickenlooper', 'name': 'John Hickenlooper', 'id': 117839957, 'id_str': '117839957', 'indices': [25, 38]}]","[{'url': 'https://t.co/AXmNN6wbGT', 'expanded_url': 'https://twitter.com/i/web/status/1590782369891774465', 'display_url': 'twitter.com/i/web/status/1…', 'indices': [117, 140]}]",0,0,1,1,25427470
913302048564637696,bot,Fri Nov 11 15:35:37 +0000 2022,1591092290910838785,1591092290910838785,"🚀 Upcoming Listing

🌟 $WAHED(WAHED Token) will be listed soon on LBank！@wahedprojects

💗Details:… https://t.co/lT4vmy8BOC",True,"{'hashtags': [], 'symbols': [{'text': 'WAHED', 'indices': [22, 28]}], 'user_mentions': [{'screen_name': 'wahedprojects', 'name': 'WAHED Projects', 'id': 1490050559411433474, 'id_str': '1490050559411433474', 'indices': [71, 85]}], 'urls': [{'url': 'https://t.co/lT4vmy8BOC', 'expanded_url': 'https://twitter.com/i/web/status/1591092290910838785', 'display_url': 'twitter.com/i/web/status/1…', 'indices': [98, 121]}]}","<a href=""https://www.hootsuite.com"" rel=""nofollow"">Hootsuite Inc.</a>",,,,,,"{'id': 913302048564637696, 'id_str': '913302048564637696', 'name': 'LBank.com', 'screen_name': 'LBank_Exchange', 'location': '', 'description': 'Global Cryptocurrency Exchange. Telegram: https://t.co/kqbNWRJjZn Email: service@lbank.info #CryptoExchange #LBank', 'url': 'https://t.co/TufpJsNLfw', 'entities': {'url': {'urls': [{'url': 'https://t.co/TufpJsNLfw', 'expanded_url': 'https://www.lbank.com/', 'display_url': 'lbank.com', 'indices': [0, 23]}]}, 'description': {'urls': [{'url': 'https://t.co/kqbNWRJjZn', 'expanded_url': 'http://t.me/LBank_en', 'display_url': 't.me/LBank_en', 'indices': [42, 65]}]}}, 'protected': False, 'followers_count': 594407, 'friends_count': 1070, 'listed_count': 464, 'created_at': 'Thu Sep 28 07:19:11 +0000 2017', 'favourites_count': 2155, 'utc_offset': None, 'time_zone': None, 'geo_enabled': False, 'verified': False, 'statuses_count': 6930, 'lang': None, 'contributors_enabled': False, 'is_translator': False, 'is_translation_enabled': False, 'profile_background_color': 'F5F8FA', 'profile_background_image_url': None, 'profile_background_image_url_https': None, 'profile_background_tile': False, 'profile_image_url': 'http://pbs.twimg.com/profile_images/1572223890377609216/-_5SLdZf_normal.jpg', 'profile_image_url_https': 'https://pbs.twimg.com/profile_images/1572223890377609216/-_5SLdZf_normal.jpg', 'profile_banner_url': 'https://pbs.twimg.com/profile_banners/913302048564637696/1663679108', 'profile_link_color': '1DA1F2', 'profile_sidebar_border_color': 'C0DEED', 'profile_sidebar_fill_color': 'DDEEF6', 'profile_text_color': '333333', 'profile_use_background_image': True, 'has_extended_profile': False, 'default_profile': True, 'default_profile_image': False, 'following': False, 'follow_request_sent': False, 'notifications': False, 'translator_type': 'none', 'withheld_in_countries': []}",,,,,False,,,,2,16,False,False,False,en,[],"[{'text': 'WAHED', 'indices': [22, 28]}]","[{'screen_name': 'wahedprojects', 'name': 'WAHED Projects', 'id': 1490050559411433474, 'id_str': '1490050559411433474', 'indices': [71, 85]}]","[{'url': 'https://t.co/lT4vmy8BOC', 'expanded_url': 'https://twitter.com/i/web/status/1591092290910838785', 'display_url': 'twitter.com/i/web/status/1…', 'indices': [98, 121]}]",0,1,1,1,913302048564637696
499161087,bot,Wed Oct 26 06:53:10 +0000 2022,1585162604212674560,1585162604212674560,"@ClutchPage Sonu tam Ergin Ataman’ın Barcelona maçında atılmasına dönmüş :) I won the championship, I’ve the ring 😅",False,"{'hashtags': [], 'symbols': [], 'user_mentions': [{'screen_name': 'ClutchPage', 'name': 'Clutch Time', 'id': 889052339604271105, 'id_str': '889052339604271105', 'indices': [0, 11]}], 'urls': []}","<a href=""http://twitter.com/download/iphone"" rel=""nofollow"">Twitter for iPhone</a>",1.5851294854052823e+18,1.5851294854052823e+18,8.890523396042711e+17,8.890523396042711e+17,ClutchPage,"{'id': 499161087, 'id_str': '499161087', 'name': 'Timoteos Onur Özçelik', 'screen_name': 'TimotiOzcelik', 'location': '', 'description': '', 'url': None, 'entities': {'description': {'urls': []}}, 'protected': False, 'followers_count': 153, 'friends_count': 263, 'listed_count': 0, 'created_at': 'Tue Feb 21 20:54:33 +0000 2012', 'favourites_count': 975, 'utc_offset': None, 'time_zone': None, 'geo_enabled': False, 'verified': False, 'statuses_count': 1061, 'lang': None, 'contributors_enabled': False, 'is_translator': False, 'is_translation_enabled': False, 'profile_background_color': '1A1B1F', 'profile_background_image_url': 'http://abs.twimg.com/images/themes/theme9/bg.gif', 'profile_background_image_url_https': 'https://abs.twimg.com/images/themes/theme9/bg.gif', 'profile_background_tile': False, 'profile_image_url': 'http://pbs.twimg.com/profile_images/1263906315568627715/vxOlsnQn_normal.jpg', 'profile_image_url_https': 'https://pbs.twimg.com/profile_images/1263906315568627715/vxOlsnQn_normal.jpg', 'profile_banner_url': 'https://pbs.twimg.com/profile_banners/499161087/1590173795', 'profile_link_color': '2F93EB', 'profile_sidebar_border_color': 'FFFFFF', 'profile_sidebar_fill_color': '252429', 'profile_text_color': '666666', 'profile_use_background_image': True, 'has_extended_profile': False, 'default_profile': False, 'default_profile_image': False, 'following': False, 'follow_request_sent': False, 'notifications': False, 'translator_type': 'none', 'withheld_in_countries': []}",,,,,False,,,,0,5,False,False,,tr,[],[],"[{'screen_name': 'ClutchPage', 'name': 'Clutch Time', 'id': 889052339604271105, 'id_str': '889052339604271105', 'indices': [0, 11]}]",[],0,0,1,0,499161087
23886144,human,Fri Nov 11 13:58:17 +0000 2022,1591067795428904962,1591067795428904962,@DavidKleimanMD @AdventHealthMD Thanks! We’re all safe and enjoying post storm amazing weather.,False,"{'hashtags': [], 'symbols': [], 'user_mentions': [{'screen_name': 'DavidKleimanMD', 'name': 'David Kleiman', 'id': 875460343, 'id_str': '875460343', 'indices': [0, 15]}, {'screen_name': 'AdventHealthMD', 'name': 'AdventHealthMD', 'id': 1213262958354022400, 'id_str': '1213262958354022400', 'indices': [16, 31]}], 'urls': []}","<a href=""http://twitter.com/download/iphone"" rel=""nofollow"">Twitter for iPhone</a>",1.591057755787645e+18,1.591057755787645e+18,875460343.0,875460343.0,DavidKleimanMD,"{'id': 23886144, 'id_str': '23886144', 'name': 'Mark Soliman', 'screen_name': 'MarkSoliman', 'location': 'Orlando, FL', 'description': 'Chief of #colorectalsurgery / Program Medical Director, @adventhealthcfl Digestive Health & Surgery Institute | APD CRS Residency', 'url': 'https://t.co/Ype2EeCtfG', 'entities': {'url': {'urls': [{'url': 'https://t.co/Ype2EeCtfG', 'expanded_url': 'http://youtube.com/marksoliman', 'display_url': 'youtube.com/marksoliman', 'indices': [0, 23]}]}, 'description': {'urls': []}}, 'protected': False, 'followers_count': 5273, 'friends_count': 1953, 'listed_count': 56, 'created_at': 'Thu Mar 12 03:29:19 +0000 2009', 'favourites_count': 7433, 'utc_offset': None, 'time_zone': None, 'geo_enabled': True, 'verified': False, 'statuses_count': 6131, 'lang': None, 'contributors_enabled': False, 'is_translator': False, 'is_translation_enabled': False, 'profile_background_color': '000000', 'profile_background_image_url': 'http://abs.twimg.com/images/themes/theme1/bg.png', 'profile_background_image_url_https': 'https://abs.twimg.com/images/themes/theme1/bg.png', 'profile_background_tile': False, 'profile_image_url': 'http://pbs.twimg.com/profile_images/1590081348559069187/Dcx8Tx4L_normal.jpg', 'profile_image_url_https': 'https://pbs.twimg.com/profile_images/1590081348559069187/Dcx8Tx4L_normal.jpg', 'profile_banner_url': 'https://pbs.twimg.com/profile_banners/23886144/1586474083', 'profile_link_color': '0084B4', 'profile_sidebar_border_color': 'BDDCAD', 'profile_sidebar_fill_color': 'DDFFCC', 'profile_text_color': '333333', 'profile_use_background_image': False, 'has_extended_profile': True, 'default_profile': False, 'default_profile_image': False, 'following': False, 'follow_request_sent': False, 'notifications': False, 'translator_type': 'none', 'withheld_in_countries': []}",,,,,False,,,,1,3,False,False,,en,[],[],"[{'screen_name': 'DavidKleimanMD', 'name': 'David Kleiman', 'id': 875460343, 'id_str': '875460343', 'indices': [0, 15]}, {'screen_name': 'AdventHealthMD', 'name': 'AdventHealthMD', 'id': 1213262958354022400, 'id_str': '1213262958354022400', 'indices': [16, 31]}]",[],0,0,2,0,23886144
2457027740,human,Thu Nov 10 23:55:30 +0000 2022,1590855703295840256,1590855703295840256,@karsendaily @boop mmhmm https://t.co/bQrCE3UCJa,False,"{'hashtags': [], 'symbols': [], 'user_mentions': [{'screen_name': 'karsendaily', 'name': 'karsendaily.eth', 'id': 1361393959273189378, 'id_str': '1361393959273189378', 'indices': [0, 12]}, {'screen_name': 'boop', 'name': 'bꫝoka', 'id': 14782048, 'id_str': '14782048', 'indices': [13, 18]}], 'urls': [], 'media': [{'id': 1590855612602073088, 'id_str': '1590855612602073088', 'indices': [25, 48], 'media_url': 'http://pbs.twimg.com/tweet_video_thumb/FhPawD4VQAA3UAT.jpg', 'media_url_https': 'https://pbs.twimg.com/tweet_video_thumb/FhPawD4VQAA3UAT.jpg', 'url': 'https://t.co/bQrCE3UCJa', 'display_url': 'pic.twitter.com/bQrCE3UCJa', 'expanded_url': 'https://twitter.com/GarshytHoel/status/1590855703295840256/photo/1', 'type': 'photo', 'sizes': {'medium': {'w': 220, 'h': 124, 'resize': 'fit'}, 'small': {'w': 220, 'h': 124, 'resize': 'fit'}, 'large': {'w': 220, 'h': 124, 'resize': 'fit'}, 'thumb': {'w': 124, 'h': 124, 'resize': 'crop'}}}]}","<a href=""https://mobile.twitter.com"" rel=""nofollow"">Twitter Web App</a>",1.590855389889069e+18,1.590855389889069e+18,1.3613939592731894e+18,1.3613939592731894e+18,karsendaily,"{'id': 2457027740, 'id_str': '2457027740', 'name': 'harsh', 'screen_name': 'GarshytHoel', 'location': 'San Francisco, CA', 'description': 'technology brother 🤌🏽', 'url': 'https://t.co/6qc9aKgwoV', 'entities': {'url': {'urls': [{'url': 'https://t.co/6qc9aKgwoV', 'expanded_url': 'https://harsh.yt/', 'display_url': 'harsh.yt', 'indices': [0, 23]}]}, 'description': {'urls': []}}, 'protected': False, 'followers_count': 1634, 'friends_count': 434, 'listed_count': 24, 'created_at': 'Mon Apr 21 19:25:52 +0000 2014', 'favourites_count': 14638, 'utc_offset': None, 'time_zone': None, 'geo_enabled': True, 'verified': False, 'statuses_count': 5070, 'lang': None, 'contributors_enabled': False, 'is_translator': False, 'is_translation_enabled': False, 'profile_background_color': '000000', 'profile_background_image_url': 'http://abs.twimg.com/images/themes/theme1/bg.png', 'profile_background_image_url_https': 'https://abs.twimg.com/images/themes/theme1/bg.png', 'profile_background_tile': False, 'profile_image_url': 'http://pbs.twimg.com/profile_images/1516663433953185793/sDelTb1I_normal.jpg', 'profile_image_url_https': 'https://pbs.twimg.com/profile_images/1516663433953185793/sDelTb1I_normal.jpg', 'profile_banner_url': 'https://pbs.twimg.com/profile_banners/2457027740/1650436696', 'profile_link_color': '981CEB', 'profile_sidebar_border_color': '000000', 'profile_sidebar_fill_color': '000000', 'profile_text_color': '000000', 'profile_use_background_image': False, 'has_extended_profile': True, 'default_profile': False, 'default_profile_image': False, 'following': False, 'follow_request_sent': False, 'notifications': False, 'translator_type': 'none', 'withheld_in_countries': []}",,,,,False,,,,0,0,False,False,False,lv,[],[],"[{'screen_name': 'karsendaily', 'name': 'karsendaily.eth', 'id': 1361393959273189378, 'id_str': '1361393959273189378', 'indices': [0, 12]}, {'screen_name': 'boop', 'name': 'bꫝoka', 'id': 14782048, 'id_str': '14782048', 'indices': [13, 18]}]",[],0,0,2,0,2457027740
22385548,human,Fri Nov 11 13:19:02 +0000 2022,1591057916446281731,1591057916446281731,The biggest failure of social media is that they allow single individuals to completely wreck our public discourse.… https://t.co/xo6unN7eP4,True,"{'hashtags': [], 'symbols': [], 'user_mentions': [], 'urls': [{'url': 'https://t.co/xo6unN7eP4', 'expanded_url': 'https://twitter.com/i/web/status/1591057916446281731', 'display_url': 'twitter.com/i/web/status/1…', 'indices': [117, 140]}]}","<a href=""https://mobile.twitter.com"" rel=""nofollow"">Twitter Web App</a>",,,,,,"{'id': 22385548, 'id_str': '22385548', 'name': 'Jane Wang', 'screen_name': 'janexwang', 'location': 'London, England', 'description': 'Staff research scientist at DeepMind. AI and neuro. Former physicist, current human.', 'url': 'https://t.co/IDIyJbIOMp', 'entities': {'url': {'urls': [{'url': 'https://t.co/IDIyJbIOMp', 'expanded_url': 'http://janexwang.com', 'display_url': 'janexwang.com', 'indices': [0, 23]}]}, 'description': {'urls': []}}, 'protected': False, 'followers_count': 32555, 'friends_count': 415, 'listed_count': 696, 'created_at': 'Sun Mar 01 17:55:32 +0000 2009', 'favourites_count': 3757, 'utc_offset': None, 'time_zone': None, 'geo_enabled': False, 'verified': False, 'statuses_count': 1551, 'lang': None, 'contributors_enabled': False, 'is_translator': False, 'is_translation_enabled': False, 'profile_background_color': 'C0DEED', 'profile_background_image_url': 'http://abs.twimg.com/images/themes/theme1/bg.png', 'profile_background_image_url_https': 'https://abs.twimg.com/images/themes/theme1/bg.png', 'profile_background_tile': False, 'profile_image_url': 'http://pbs.twimg.com/profile_images/1324000304652759040/ZCBaTTBe_normal.jpg', 'profile_image_url_https': 'https://pbs.twimg.com/profile_images/1324000304652759040/ZCBaTTBe_normal.jpg', 'profile_link_color': '1DA1F2', 'profile_sidebar_border_color': 'C0DEED', 'profile_sidebar_fill_color': 'DDEEF6', 'profile_text_color': '333333', 'profile_use_background_image': True, 'has_extended_profile': False, 'default_profile': True, 'default_profile_image': False, 'following': False, 'follow_request_sent': False, 'notifications': False, 'translator_type': 'none', 'withheld_in_countries': []}",,,,,False,,,,1,21,False,False,,en,[],[],[],"[{'url': 'https://t.co/xo6unN7eP4', 'expanded_url': 'https://twitter.com/i/web/status/1591057916446281731', 'display_url': 'twitter.com/i/web/status/1…', 'indices': [117, 140]}]",0,0,0,1,22385548
1273759306039558145,human,Thu Nov 10 19:15:05 +0000 2022,1590785132851757056,1590785132851757056,"@aaditsh My favorite part of socratic questioning:

“Why do you think this is true?”",False,"{'hashtags': [], 'symbols': [], 'user_mentions': [{'screen_name': 'aaditsh', 'name': 'Aadit Sheth', 'id': 1273505391553449985, 'id_str': '1273505391553449985', 'indices': [0, 8]}], 'urls': []}","<a href=""http://twitter.com/download/iphone"" rel=""nofollow"">Twitter for iPhone</a>",1.5907209562045522e+18,1.5907209562045522e+18,1.27350539155345e+18,1.27350539155345e+18,aaditsh,"{'id': 1273759306039558145, 'id_str': '1273759306039558145', 'name': 'Chris Hladczuk', 'screen_name': 'chrishlad', 'location': 'New York, NY', 'description': 'I share the tools and tactics to help startup builders win. | Building @JoinMeow | Prev: @GoldmanSachs, @Yale grad', 'url': 'https://t.co/twBqTQikxw', 'entities': {'url': {'urls': [{'url': 'https://t.co/twBqTQikxw', 'expanded_url': 'http://chrishlad.com', 'display_url': 'chrishlad.com', 'indices': [0, 23]}]}, 'description': {'urls': []}}, 'protected': False, 'followers_count': 199184, 'friends_count': 342, 'listed_count': 3016, 'created_at': 'Thu Jun 18 23:27:47 +0000 2020', 'favourites_count': 22271, 'utc_offset': None, 'time_zone': None, 'geo_enabled': True, 'verified': False, 'statuses_count': 9348, 'lang': None, 'contributors_enabled': False, 'is_translator': False, 'is_translation_enabled': False, 'profile_background_color': 'F5F8FA', 'profile_background_image_url': None, 'profile_background_image_url_https': None, 'profile_background_tile': False, 'profile_image_url': 'http://pbs.twimg.com/profile_images/1575811131435884544/eOCwQ3kJ_normal.jpg', 'profile_image_url_https': 'https://pbs.twimg.com/profile_images/1575811131435884544/eOCwQ3kJ_normal.jpg', 'profile_banner_url': 'https://pbs.twimg.com/profile_banners/1273759306039558145/1662745930', 'profile_link_color': '1DA1F2', 'profile_sidebar_border_color': 'C0DEED', 'profile_sidebar_fill_color': 'DDEEF6', 'profile_text_color': '333333', 'profile_use_background_image': True, 'has_extended_profile': True, 'default_profile': True, 'default_profile_image': False, 'following': False, 'follow_request_sent': False, 'notifications': False, 'translator_type': 'none', 'withheld_in_countries': []}",,,,,False,,,,0,7,False,False,,en,[],[],"[{'screen_name': 'aaditsh', 'name': 'Aadit Sheth', 'id': 1273505391553449985, 'id_str': '1273505391553449985', 'indices': [0, 8]}]",[],0,0,1,0,1273759306039558145
1427838620170285058,human,Thu Oct 27 05:25:14 +0000 2022,1585502864691953664,1585502864691953664,@iamnotarobot_93 我不恨国，我恨党。,False,"{'hashtags': [], 'symbols': [], 'user_mentions': [{'screen_name': 'iamnotarobot_93', 'name': '你妈的', 'id': 916865063864098817, 'id_str': '916865063864098817', 'indices': [0, 16]}], 'urls': []}","<a href=""https://mobile.twitter.com"" rel=""nofollow"">Twitter Web App</a>",1.5851446128089784e+18,1.5851446128089784e+18,9.168650638640988e+17,9.168650638640988e+17,iamnotarobot_93,"{'id': 1427838620170285058, 'id_str': '1427838620170285058', 'name': 'Vincent.chen', 'screen_name': 'Vincent36462305', 'location': '', 'description': 'Old hardcore overclocker~~~~', 'url': None, 'entities': {'description': {'urls': []}}, 'protected': False, 'followers_count': 15, 'friends_count': 239, 'listed_count': 0, 'created_at': 'Wed Aug 18 03:45:43 +0000 2021', 'favourites_count': 1, 'utc_offset': None, 'time_zone': None, 'geo_enabled': False, 'verified': False, 'statuses_count': 924, 'lang': None, 'contributors_enabled': False, 'is_translator': False, 'is_translation_enabled': False, 'profile_background_color': 'F5F8FA', 'profile_background_image_url': None, 'profile_background_image_url_https': None, 'profile_background_tile': False, 'profile_image_url': 'http://pbs.twimg.com/profile_images/1427839696961372163/5O_x95zZ_normal.jpg', 'profile_image_url_https': 'https://pbs.twimg.com/profile_images/1427839696961372163/5O_x95zZ_normal.jpg', 'profile_link_color': '1DA1F2', 'profile_sidebar_border_color': 'C0DEED', 'profile_sidebar_fill_color': 'DDEEF6', 'profile_text_color': '333333', 'profile_use_background_image': True, 'has_extended_profile': True, 'default_profile': True, 'default_profile_image': False, 'following': False, 'follow_request_sent': False, 'notifications': False, 'translator_type': 'none', 'withheld_in_countries': []}",,,,,False,,,,0,0,False,False,,zh,[],[],"[{'screen_name': 'iamnotarobot_93', 'name': '你妈的', 'id': 916865063864098817, 'id_str': '916865063864098817', 'indices': [0, 16]}]",[],0,0,1,0,1427838620170285058
21846833,human,Tue Nov 08 19:19:56 +0000 2022,1590061577159331840,1590061577159331840,"Voted to preserve #democracy today so our little future voter can make her voice heard in 18 years (and so, you kno… https://t.co/T4xsqIG4OR",True,"{'hashtags': [{'text': 'democracy', 'indices': [18, 28]}], 'symbols': [], 'user_mentions': [], 'urls': [{'url': 'https://t.co/T4xsqIG4OR', 'expanded_url': 'https://twitter.com/i/web/status/1590061577159331840', 'display_url': 'twitter.com/i/web/status/1…', 'indices': [117, 140]}]}","<a href=""http://twitter.com/download/iphone"" rel=""nofollow"">Twitter for iPhone</a>",,,,,,"{'id': 21846833, 'id_str': '21846833', 'name': 'Caiti Donovan', 'screen_name': 'Caiti326', 'location': 'NY/World Citizen', 'description': 'Intelligence Strategist. Collaborator. Builder. #DataNerd. 4x Marathoner. 3x Founder. Expat. @usc & @cuseasbootcamp grad. She/her', 'url': 'https://t.co/I5NvKG1oHY', 'entities': {'url': {'urls': [{'url': 'https://t.co/I5NvKG1oHY', 'expanded_url': 'http://www.thefanproject.co', 'display_url': 'thefanproject.co', 'indices': [0, 23]}]}, 'description': {'urls': []}}, 'protected': False, 'followers_count': 1617, 'friends_count': 1993, 'listed_count': 45, 'created_at': 'Wed Feb 25 08:05:51 +0000 2009', 'favourites_count': 11542, 'utc_offset': None, 'time_zone': None, 'geo_enabled': True, 'verified': False, 'statuses_count': 5428, 'lang': None, 'contributors_enabled': False, 'is_translator': False, 'is_translation_enabled': False, 'profile_background_color': 'C0DEED', 'profile_background_image_url': 'http://abs.twimg.com/images/themes/theme1/bg.png', 'profile_background_image_url_https': 'https://abs.twimg.com/images/themes/theme1/bg.png', 'profile_background_tile': True, 'profile_image_url': 'http://pbs.twimg.com/profile_images/1250886833392803843/K5_TKO_K_normal.jpg', 'profile_image_url_https': 'https://pbs.twimg.com/profile_images/1250886833392803843/K5_TKO_K_normal.jpg', 'profile_banner_url': 'https://pbs.twimg.com/profile_banners/21846833/1546917943', 'profile_link_color': '0084B4', 'profile_sidebar_border_color': 'FFFFFF', 'profile_sidebar_fill_color': 'DDEEF6', 'profile_text_color': '333333', 'profile_use_background_image': True, 'has_extended_profile': True, 'default_profile': False, 'default_profile_image': False, 'following': False, 'follow_request_sent': False, 'notifications': False, 'translator_type': 'none', 'withheld_in_countries': []}",,,,,False,,,,0,22,False,False,False,en,"[{'text': 'democracy', 'indices': [18, 28]}]",[],[],"[{'url': 'https://t.co/T4xsqIG4OR', 'expanded_url': 'https://twitter.com/i/web/status/1590061577159331840', 'display_url': 'twitter.com/i/web/status/1…', 'indices': [117, 140]}]",1,0,0,1,21846833
582280139,human,Fri Nov 11 16:10:02 +0000 2022,1591100952257388559,1591100952257388559,Russian ambassador blames Japan for strained relations https://t.co/NW27PoIV6S,False,"{'hashtags': [], 'symbols': [], 'user_mentions': [], 'urls': [{'url': 'https://t.co/NW27PoIV6S', 'expanded_url': 'https://keyt.com/news/2022/11/11/russian-ambassador-blames-japan-for-strained-relations/', 'display_url': 'keyt.com/news/2022/11/1…', 'indices': [55, 78]}]}","<a href=""http://www.socialnewsdesk.com"" rel=""nofollow"">SocialNewsDesk</a>",,,,,,"{'id': 582280139, 'id_str': '582280139', 'name': 'News Channel 3-12', 'screen_name': 'NewsChannel312', 'location': 'Santa Barbara', 'description': '#YourNewsChannel: The combined resources of News Channel 3-12 bring you the important stories that matter to you. Santa Barbara, SLO & Ventura counties.', 'url': 'https://t.co/9xImnS88lY', 'entities': {'url': {'urls': [{'url': 'https://t.co/9xImnS88lY', 'expanded_url': 'http://www.KEYT.com', 'display_url': 'KEYT.com', 'indices': [0, 23]}]}, 'description': {'urls': []}}, 'protected': False, 'followers_count': 46922, 'friends_count': 1912, 'listed_count': 567, 'created_at': 'Thu May 17 00:06:52 +0000 2012', 'favourites_count': 4755, 'utc_offset': None, 'time_zone': None, 'geo_enabled': True, 'verified': True, 'statuses_count': 78009, 'lang': None, 'contributors_enabled': False, 'is_translator': False, 'is_translation_enabled': False, 'profile_background_color': 'C0DEED', 'profile_background_image_url': 'http://abs.twimg.com/images/themes/theme1/bg.png', 'profile_background_image_url_https': 'https://abs.twimg.com/images/themes/theme1/bg.png', 'profile_background_tile': False, 'profile_image_url': 'http://pbs.twimg.com/profile_images/1516548157181628421/Qg6APg4b_normal.jpg', 'profile_image_url_https': 'https://pbs.twimg.com/profile_images/1516548157181628421/Qg6APg4b_normal.jpg', 'profile_banner_url': 'https://pbs.twimg.com/profile_banners/582280139/1634260975', 'profile_link_color': '1DA1F2', 'profile_sidebar_border_color': 'C0DEED', 'profile_sidebar_fill_color': 'DDEEF6', 'profile_text_color': '333333', 'profile_use_background_image': True, 'has_extended_profile': False, 'default_profile': True, 'default_profile_image': False, 'following': False, 'follow_request_sent': False, 'notifications': False, 'translator_type': 'none', 'withheld_in_countries': []}",,,,,False,,,,0,1,False,False,False,en,[],[],[],"[{'url': 'https://t.co/NW27PoIV6S', 'expanded_url': 'https://keyt.com/news/2022/11/11/russian-ambassador-blames-japan-for-strained-relations/', 'display_url': 'keyt.com/news/2022/11/1…', 'indices': [55, 78]}]",0,0,0,1,582280139
2522772534,human,Sat Nov 05 10:47:39 +0000 2022,1588845493437988864,1588845493437988864,@OBeshary مبرووك يا عموور ❤️,False,"{'hashtags': [], 'symbols': [], 'user_mentions': [{'screen_name': 'OBeshary', 'name': 'Omar Beshary', 'id': 540230264, 'id_str': '540230264', 'indices': [0, 9]}], 'urls': []}","<a href=""http://twitter.com/download/iphone"" rel=""nofollow"">Twitter for iPhone</a>",1.5886805536705083e+18,1.5886805536705085e+18,540230264.0,540230264.0,OBeshary,"{'id': 2522772534, 'id_str': '2522772534', 'name': 'khaled sherif', 'screen_name': 'Meslmawy', 'location': 'Cairo, Egypt', 'description': '#Bugdroidy #FCIS #Barca', 'url': 'https://t.co/0omT0uNzyZ', 'entities': {'url': {'urls': [{'url': 'https://t.co/0omT0uNzyZ', 'expanded_url': 'http://www.facebook.com/abo.sherif', 'display_url': 'facebook.com/abo.sherif', 'indices': [0, 23]}]}, 'description': {'urls': []}}, 'protected': False, 'followers_count': 280, 'friends_count': 336, 'listed_count': 0, 'created_at': 'Sun May 25 14:02:22 +0000 2014', 'favourites_count': 554, 'utc_offset': None, 'time_zone': None, 'geo_enabled': False, 'verified': False, 'statuses_count': 2437, 'lang': None, 'contributors_enabled': False, 'is_translator': False, 'is_translation_enabled': False, 'profile_background_color': 'C0DEED', 'profile_background_image_url': 'http://abs.twimg.com/images/themes/theme1/bg.png', 'profile_background_image_url_https': 'https://abs.twimg.com/images/themes/theme1/bg.png', 'profile_background_tile': False, 'profile_image_url': 'http://pbs.twimg.com/profile_images/1238853399044591619/0ZSZxmCq_normal.jpg', 'profile_image_url_https': 'https://pbs.twimg.com/profile_images/1238853399044591619/0ZSZxmCq_normal.jpg', 'profile_banner_url': 'https://pbs.twimg.com/profile_banners/2522772534/1595632634', 'profile_link_color': '19CF86', 'profile_sidebar_border_color': 'C0DEED', 'profile_sidebar_fill_color': 'DDEEF6', 'profile_text_color': '333333', 'profile_use_background_image': True, 'has_extended_profile': True, 'default_profile': False, 'default_profile_image': False, 'following': False, 'follow_request_sent': False, 'notifications': False, 'translator_type': 'none', 'withheld_in_countries': []}",,,,,False,,,,0,1,False,False,,ar,[],[],"[{'screen_name': 'OBeshary', 'name': 'Omar Beshary', 'id': 540230264, 'id_str': '540230264', 'indices': [0, 9]}]",[],0,0,1,0,2522772534
1471529355851575305,bot,Thu Dec 16 17:28:24 +0000 2021,1471532675030827014,1471532675030827014,♥♥,False,"{'hashtags': [], 'symbols': [], 'user_mentions': [], 'urls': []}","<a href=""https://mobile.twitter.com"" rel=""nofollow"">Twitter Web App</a>",1.4715325724423455e+18,1.4715325724423455e+18,1.4715293558515753e+18,1.4715293558515753e+18,OltremontiS,"{'id': 1471529355851575305, 'id_str': '1471529355851575305', 'name': 'Stefania Oltremonti', 'screen_name': 'OltremontiS', 'location': '', 'description': '', 'url': None, 'entities': {'description': {'urls': []}}, 'protected': False, 'followers_count': 3, 'friends_count': 107, 'listed_count': 2, 'created_at': 'Thu Dec 16 17:15:20 +0000 2021', 'favourites_count': 9, 'utc_offset': None, 'time_zone': None, 'geo_enabled': False, 'verified': False, 'statuses_count': 11, 'lang': None, 'contributors_enabled': False, 'is_translator': False, 'is_translation_enabled': False, 'profile_background_color': 'F5F8FA', 'profile_background_image_url': None, 'profile_background_image_url_https': None, 'profile_background_tile': False, 'profile_image_url': 'http://pbs.twimg.com/profile_images/1471529727122976771/oyIeJQBH_normal.jpg', 'profile_image_url_https': 'https://pbs.twimg.com/profile_images/1471529727122976771/oyIeJQBH_normal.jpg', 'profile_link_color': '1DA1F2', 'profile_sidebar_border_color': 'C0DEED', 'profile_sidebar_fill_color': 'DDEEF6', 'profile_text_color': '333333', 'profile_use_background_image': True, 'has_extended_profile': True, 'default_profile': True, 'default_profile_image': False, 'following': False, 'follow_request_sent': False, 'notifications': False, 'translator_type': 'none', 'withheld_in_countries': []}",,,,,False,,,,0,0,False,False,,art,[],[],[],[],0,0,0,0,1471529355851575305
20441583,human,Tue Jan 18 14:59:17 +0000 2022,1483453948703145986,1483453948703145986,Healthcare Providers Enhance Sanitation and Privacy with Suntrol | Suntrol https://t.co/BHOqv9soUM,False,"{'hashtags': [], 'symbols': [], 'user_mentions': [], 'urls': [{'url': 'https://t.co/BHOqv9soUM', 'expanded_url': 'https://agilitypr.news/Healthcare-Providers-Enhance-Sanitation--29451', 'display_url': 'agilitypr.news/Healthcare-Pro…', 'indices': [75, 98]}]}","<a href=""https://mobile.twitter.com"" rel=""nofollow"">Twitter Web App</a>",,,,,,"{'id': 20441583, 'id_str': '20441583', 'name': 'dingumdin', 'screen_name': 'dingumdin', 'location': '', 'description': ""What's wrong with now?"", 'url': None, 'entities': {'description': {'urls': []}}, 'protected': False, 'followers_count': 61, 'friends_count': 199, 'listed_count': 2, 'created_at': 'Mon Feb 09 15:25:04 +0000 2009', 'favourites_count': 171, 'utc_offset': None, 'time_zone': None, 'geo_enabled': False, 'verified': False, 'statuses_count': 729, 'lang': None, 'contributors_enabled': False, 'is_translator': False, 'is_translation_enabled': False, 'profile_background_color': 'FFFFFF', 'profile_background_image_url': 'http://abs.twimg.com/images/themes/theme1/bg.png', 'profile_background_image_url_https': 'https://abs.twimg.com/images/themes/theme1/bg.png', 'profile_background_tile': False, 'profile_image_url': 'http://pbs.twimg.com/profile_images/1062670495848423424/PKkoFvdL_normal.jpg', 'profile_image_url_https': 'https://pbs.twimg.com/profile_images/1062670495848423424/PKkoFvdL_normal.jpg', 'profile_banner_url': 'https://pbs.twimg.com/profile_banners/20441583/1407685228', 'profile_link_color': '8C94A2', 'profile_sidebar_border_color': 'FFFFFF', 'profile_sidebar_fill_color': '424C55', 'profile_text_color': '8CB2BD', 'profile_use_background_image': True, 'has_extended_profile': False, 'default_profile': False, 'default_profile_image': False, 'following': False, 'follow_request_sent': False, 'notifications': False, 'translator_type': 'none', 'withheld_in_countries': []}",,,,,False,,,,0,0,False,False,False,en,[],[],[],"[{'url': 'https://t.co/BHOqv9soUM', 'expanded_url': 'https://agilitypr.news/Healthcare-Providers-Enhance-Sanitation--29451', 'display_url': 'agilitypr.news/Healthcare-Pro…', 'indices': [75, 98]}]",0,0,0,1,20441583
449462207,human,Wed Aug 25 20:37:58 +0000 2021,1430630555679432704,1430630555679432704,Important piece by my terrific colleagues @AmyDMarcus @betswrites https://t.co/FQN2Pnu0Vh,False,"{'hashtags': [], 'symbols': [], 'user_mentions': [{'screen_name': 'AmyDMarcus', 'name': 'Amy Dockser Marcus', 'id': 551085238, 'id_str': '551085238', 'indices': [42, 53]}, {'screen_name': 'betswrites', 'name': 'Betsy McKay', 'id': 107276975, 'id_str': '107276975', 'indices': [54, 65]}], 'urls': [{'url': 'https://t.co/FQN2Pnu0Vh', 'expanded_url': 'https://twitter.com/WSJscience/status/1430597061620158469', 'display_url': 'twitter.com/WSJscience/sta…', 'indices': [66, 89]}]}","<a href=""http://twitter.com/download/iphone"" rel=""nofollow"">Twitter for iPhone</a>",,,,,,"{'id': 449462207, 'id_str': '449462207', 'name': 'David W. Freeman', 'screen_name': 'davyfreeman', 'location': 'New York, NY', 'description': 'Science bureau chief, WSJ. Ex-NBC News, CBS News, Huffpost.', 'url': None, 'entities': {'description': {'urls': []}}, 'protected': False, 'followers_count': 3469, 'friends_count': 1370, 'listed_count': 177, 'created_at': 'Thu Dec 29 04:23:24 +0000 2011', 'favourites_count': 570, 'utc_offset': None, 'time_zone': None, 'geo_enabled': True, 'verified': True, 'statuses_count': 2404, 'lang': None, 'contributors_enabled': False, 'is_translator': False, 'is_translation_enabled': False, 'profile_background_color': 'C0DEED', 'profile_background_image_url': 'http://abs.twimg.com/images/themes/theme1/bg.png', 'profile_background_image_url_https': 'https://abs.twimg.com/images/themes/theme1/bg.png', 'profile_background_tile': False, 'profile_image_url': 'http://pbs.twimg.com/profile_images/584932494279122944/puvqT2SC_normal.jpg', 'profile_image_url_https': 'https://pbs.twimg.com/profile_images/584932494279122944/puvqT2SC_normal.jpg', 'profile_banner_url': 'https://pbs.twimg.com/profile_banners/449462207/1395084834', 'profile_link_color': '19CF86', 'profile_sidebar_border_color': 'C0DEED', 'profile_sidebar_fill_color': 'DDEEF6', 'profile_text_color': '333333', 'profile_use_background_image': True, 'has_extended_profile': False, 'default_profile': False, 'default_profile_image': False, 'following': False, 'follow_request_sent': False, 'notifications': False, 'translator_type': 'none', 'withheld_in_countries': []}",,,,,True,1.4305970616201585e+18,1.4305970616201585e+18,"{'created_at': 'Wed Aug 25 18:24:53 +0000 2021', 'id': 1430597061620158469, 'id_str': '1430597061620158469', 'text': 'Scientists researching the origin of the Covid-19 pandemic call for urgent action, warning it may soon be “biologic… https://t.co/fzJTYRts9k', 'truncated': True, 'entities': {'hashtags': [], 'symbols': [], 'user_mentions': [], 'urls': [{'url': 'https://t.co/fzJTYRts9k', 'expanded_url': 'https://twitter.com/i/web/status/1430597061620158469', 'display_url': 'twitter.com/i/web/status/1…', 'indices': [117, 140]}]}, 'source': '<a href=""https://about.twitter.com/products/tweetdeck"" rel=""nofollow"">TweetDeck</a>', 'in_reply_to_status_id': None, 'in_reply_to_status_id_str': None, 'in_reply_to_user_id': None, 'in_reply_to_user_id_str': None, 'in_reply_to_screen_name': None, 'user': {'id': 3974747237, 'id_str': '3974747237', 'name': 'WSJ Science', 'screen_name': 'WSJscience', 'location': 'New York, NY', 'description': 'Analyzing how science is shaping society, the economy and business for @WSJ', 'url': 'https://t.co/6ErWsOr6zO', 'entities': {'url': {'urls': [{'url': 'https://t.co/6ErWsOr6zO', 'expanded_url': 'http://wsj.com/news/science', 'display_url': 'wsj.com/news/science', 'indices': [0, 23]}]}, 'description': {'urls': []}}, 'protected': False, 'followers_count': 32018, 'friends_count': 189, 'listed_count': 256, 'created_at': 'Fri Oct 16 21:15:44 +0000 2015', 'favourites_count': 123, 'utc_offset': None, 'time_zone': None, 'geo_enabled': False, 'verified': True, 'statuses_count': 8905, 'lang': None, 'contributors_enabled': False, 'is_translator': False, 'is_translation_enabled': False, 'profile_background_color': '000000', 'profile_background_image_url': 'http://abs.twimg.com/images/themes/theme1/bg.png', 'profile_background_image_url_https': 'https://abs.twimg.com/images/themes/theme1/bg.png', 'profile_background_tile': False, 'profile_image_url': 'http://pbs.twimg.com/profile_images/1527665096805298177/d4AF-m_z_normal.png', 'profile_image_url_https': 'https://pbs.twimg.com/profile_images/1527665096805298177/d4AF-m_z_normal.png', 'profile_banner_url': 'https://pbs.twimg.com/profile_banners/3974747237/1639756219', 'profile_link_color': '981CEB', 'profile_sidebar_border_color': '000000', 'profile_sidebar_fill_color': '000000', 'profile_text_color': '000000', 'profile_use_background_image': False, 'has_extended_profile': False, 'default_profile': False, 'default_profile_image': False, 'following': False, 'follow_request_sent': False, 'notifications': False, 'translator_type': 'none', 'withheld_in_countries': []}, 'geo': None, 'coordinates': None, 'place': None, 'contributors': None, 'is_quote_status': False, 'retweet_count': 0, 'favorite_count': 1, 'favorited': False, 'retweeted': False, 'possibly_sensitive': False, 'lang': 'en'}",0,3,False,False,False,en,[],[],"[{'screen_name': 'AmyDMarcus', 'name': 'Amy Dockser Marcus', 'id': 551085238, 'id_str': '551085238', 'indices': [42, 53]}, {'screen_name': 'betswrites', 'name': 'Betsy McKay', 'id': 107276975, 'id_str': '107276975', 'indices': [54, 65]}]","[{'url': 'https://t.co/FQN2Pnu0Vh', 'expanded_url': 'https://twitter.com/WSJscience/status/1430597061620158469', 'display_url': 'twitter.com/WSJscience/sta…', 'indices': [66, 89]}]",0,0,2,1,449462207
1350705206061744128,human,Fri Nov 11 13:30:59 +0000 2022,1591060924571340800,1591060924571340800,"ＤＸにおける
７．人材育成と確保
ＤＣ導入に必要な人材育成と確保を適宜おこなう ##ライフハック #セキュア",False,"{'hashtags': [{'text': 'ライフハック', 'indices': [41, 48]}, {'text': 'セキュア', 'indices': [49, 54]}], 'symbols': [], 'user_mentions': [], 'urls': []}","<a href=""http://twittbot.net/"" rel=""nofollow"">twittbot.net</a>",,,,,,"{'id': 1350705206061744128, 'id_str': '1350705206061744128', 'name': 'Digital Transformation', 'screen_name': 'Digital45244442', 'location': 'Japan', 'description': ""Digital Transformationをベースに色々な事を発信していきます。\nI'll usually post about Digital Transformation and something."", 'url': 'https://t.co/SixZVpDXeg', 'entities': {'url': {'urls': [{'url': 'https://t.co/SixZVpDXeg', 'expanded_url': 'https://dxtran.com/', 'display_url': 'dxtran.com', 'indices': [0, 23]}]}, 'description': {'urls': []}}, 'protected': False, 'followers_count': 447, 'friends_count': 1255, 'listed_count': 2, 'created_at': 'Sun Jan 17 07:23:20 +0000 2021', 'favourites_count': 864, 'utc_offset': None, 'time_zone': None, 'geo_enabled': False, 'verified': False, 'statuses_count': 4450, 'lang': None, 'contributors_enabled': False, 'is_translator': False, 'is_translation_enabled': False, 'profile_background_color': 'F5F8FA', 'profile_background_image_url': None, 'profile_background_image_url_https': None, 'profile_background_tile': False, 'profile_image_url': 'http://pbs.twimg.com/profile_images/1350705329923788802/50WqtndS_normal.jpg', 'profile_image_url_https': 'https://pbs.twimg.com/profile_images/1350705329923788802/50WqtndS_normal.jpg', 'profile_banner_url': 'https://pbs.twimg.com/profile_banners/1350705206061744128/1611409956', 'profile_link_color': '1DA1F2', 'profile_sidebar_border_color': 'C0DEED', 'profile_sidebar_fill_color': 'DDEEF6', 'profile_text_color': '333333', 'profile_use_background_image': True, 'has_extended_profile': True, 'default_profile': True, 'default_profile_image': False, 'following': False, 'follow_request_sent': False, 'notifications': False, 'translator_type': 'none', 'withheld_in_countries': []}",,,,,False,,,,0,1,False,False,,ja,"[{'text': 'ライフハック', 'indices': [41, 48]}, {'text': 'セキュア', 'indices': [49, 54]}]",[],[],[],2,0,0,0,1350705206061744128
1449450582771699714,bot,Fri Mar 11 13:08:02 +0000 2022,1502270120789520387,1502270120789520387,@andreashorn_ @dfg_public @BMBF_Bund @AA_Kuhn @foxmdphd @netstim_org Congrats Andy! Early..? Feels like you’re a ve… https://t.co/t7USMMecqU,True,"{'hashtags': [], 'symbols': [], 'user_mentions': [{'screen_name': 'andreashorn_', 'name': 'Andreas Horn', 'id': 2182145676, 'id_str': '2182145676', 'indices': [0, 13]}, {'screen_name': 'dfg_public', 'name': 'DFG public', 'id': 4849873473, 'id_str': '4849873473', 'indices': [14, 25]}, {'screen_name': 'BMBF_Bund', 'name': 'BMBF', 'id': 2969727718, 'id_str': '2969727718', 'indices': [26, 36]}, {'screen_name': 'AA_Kuhn', 'name': 'Andrea Kühn', 'id': 1335140300096999425, 'id_str': '1335140300096999425', 'indices': [37, 45]}, {'screen_name': 'foxmdphd', 'name': 'Michael Fox', 'id': 1021949462242099201, 'id_str': '1021949462242099201', 'indices': [46, 55]}, {'screen_name': 'netstim_org', 'name': 'netstim', 'id': 1482181888676712449, 'id_str': '1482181888676712449', 'indices': [56, 68]}], 'urls': [{'url': 'https://t.co/t7USMMecqU', 'expanded_url': 'https://twitter.com/i/web/status/1502270120789520387', 'display_url': 'twitter.com/i/web/status/1…', 'indices': [117, 140]}]}","<a href=""http://twitter.com/download/iphone"" rel=""nofollow"">Twitter for iPhone</a>",1.5018685305973023e+18,1.5018685305973023e+18,2182145676.0,2182145676.0,andreashorn_,"{'id': 1449450582771699714, 'id_str': '1449450582771699714', 'name': 'Martijn Figee', 'screen_name': 'Martijn_Figee_', 'location': 'Manhattan, NY', 'description': 'Dutch psychiatrist in New York', 'url': None, 'entities': {'description': {'urls': []}}, 'protected': False, 'followers_count': 56, 'friends_count': 87, 'listed_count': 0, 'created_at': 'Sat Oct 16 19:02:24 +0000 2021', 'favourites_count': 14, 'utc_offset': None, 'time_zone': None, 'geo_enabled': False, 'verified': False, 'statuses_count': 4, 'lang': None, 'contributors_enabled': False, 'is_translator': False, 'is_translation_enabled': False, 'profile_background_color': 'F5F8FA', 'profile_background_image_url': None, 'profile_background_image_url_https': None, 'profile_background_tile': False, 'profile_image_url': 'http://pbs.twimg.com/profile_images/1449467108874670085/IUr9wYNe_normal.jpg', 'profile_image_url_https': 'https://pbs.twimg.com/profile_images/1449467108874670085/IUr9wYNe_normal.jpg', 'profile_banner_url': 'https://pbs.twimg.com/profile_banners/1449450582771699714/1634414034', 'profile_link_color': '1DA1F2', 'profile_sidebar_border_color': 'C0DEED', 'profile_sidebar_fill_color': 'DDEEF6', 'profile_text_color': '333333', 'profile_use_background_image': True, 'has_extended_profile': True, 'default_profile': True, 'default_profile_image': False, 'following': False, 'follow_request_sent': False, 'notifications': False, 'translator_type': 'none', 'withheld_in_countries': []}",,,,,False,,,,0,3,False,False,,en,[],[],"[{'screen_name': 'andreashorn_', 'name': 'Andreas Horn', 'id': 2182145676, 'id_str': '2182145676', 'indices': [0, 13]}, {'screen_name': 'dfg_public', 'name': 'DFG public', 'id': 4849873473, 'id_str': '4849873473', 'indices': [14, 25]}, {'screen_name': 'BMBF_Bund', 'name': 'BMBF', 'id': 2969727718, 'id_str': '2969727718', 'indices': [26, 36]}, {'screen_name': 'AA_Kuhn', 'name': 'Andrea Kühn', 'id': 1335140300096999425, 'id_str': '1335140300096999425', 'indices': [37, 45]}, {'screen_name': 'foxmdphd', 'name': 'Michael Fox', 'id': 1021949462242099201, 'id_str': '1021949462242099201', 'indices': [46, 55]}, {'screen_name': 'netstim_org', 'name': 'netstim', 'id': 1482181888676712449, 'id_str': '1482181888676712449', 'indices': [56, 68]}]","[{'url': 'https://t.co/t7USMMecqU', 'expanded_url': 'https://twitter.com/i/web/status/1502270120789520387', 'display_url': 'twitter.com/i/web/status/1…', 'indices': [117, 140]}]",0,0,6,1,1449450582771699714
1584137959,human,Fri Nov 11 13:55:26 +0000 2022,1591067076567109632,1591067076567109632,"Our first #SfN2022 blog post highlighting the posters from our lab.  See you in San Diego #SfN22 

https://t.co/bURvglWIG8",False,"{'hashtags': [{'text': 'SfN2022', 'indices': [10, 18]}, {'text': 'SfN22', 'indices': [90, 96]}], 'symbols': [], 'user_mentions': [], 'urls': [{'url': 'https://t.co/bURvglWIG8', 'expanded_url': 'https://www.armcintosh.com/blog/blog35', 'display_url': 'armcintosh.com/blog/blog35', 'indices': [99, 122]}]}","<a href=""https://mobile.twitter.com"" rel=""nofollow"">Twitter Web App</a>",,,,,,"{'id': 1584137959, 'id_str': '1584137959', 'name': 'Randy McIntosh', 'screen_name': 'ar0mcintosh', 'location': 'Burnaby, BC', 'description': 'Scientist', 'url': 'https://t.co/UJHhHcNTLW', 'entities': {'url': {'urls': [{'url': 'https://t.co/UJHhHcNTLW', 'expanded_url': 'http://www.sfu.ca/bpk/about/people/faculty/randy-mcintosh.html', 'display_url': 'sfu.ca/bpk/about/peop…', 'indices': [0, 23]}]}, 'description': {'urls': []}}, 'protected': False, 'followers_count': 3694, 'friends_count': 1903, 'listed_count': 107, 'created_at': 'Wed Jul 10 21:55:53 +0000 2013', 'favourites_count': 12876, 'utc_offset': None, 'time_zone': None, 'geo_enabled': True, 'verified': False, 'statuses_count': 44829, 'lang': None, 'contributors_enabled': False, 'is_translator': False, 'is_translation_enabled': False, 'profile_background_color': 'C0DEED', 'profile_background_image_url': 'http://abs.twimg.com/images/themes/theme1/bg.png', 'profile_background_image_url_https': 'https://abs.twimg.com/images/themes/theme1/bg.png', 'profile_background_tile': False, 'profile_image_url': 'http://pbs.twimg.com/profile_images/1510307233879404547/p7h3jzw2_normal.jpg', 'profile_image_url_https': 'https://pbs.twimg.com/profile_images/1510307233879404547/p7h3jzw2_normal.jpg', 'profile_banner_url': 'https://pbs.twimg.com/profile_banners/1584137959/1502560506', 'profile_link_color': '1DA1F2', 'profile_sidebar_border_color': 'C0DEED', 'profile_sidebar_fill_color': 'DDEEF6', 'profile_text_color': '333333', 'profile_use_background_image': True, 'has_extended_profile': True, 'default_profile': True, 'default_profile_image': False, 'following': False, 'follow_request_sent': False, 'notifications': False, 'translator_type': 'none', 'withheld_in_countries': []}",,,,,False,,,,3,6,False,False,False,en,"[{'text': 'SfN2022', 'indices': [10, 18]}, {'text': 'SfN22', 'indices': [90, 96]}]",[],[],"[{'url': 'https://t.co/bURvglWIG8', 'expanded_url': 'https://www.armcintosh.com/blog/blog35', 'display_url': 'armcintosh.com/blog/blog35', 'indices': [99, 122]}]",2,0,0,1,1584137959
593658151,bot,Sat Dec 11 18:19:36 +0000 2021,1469733624119541763,1469733624119541763,"At last…A safer, easier way to do yoga and get better results fast
https://t.co/lnBNaZZH2w  #yoga #health… https://t.co/N3P7kIL5On",True,"{'hashtags': [{'text': 'yoga', 'indices': [92, 97]}, {'text': 'health', 'indices': [98, 105]}], 'symbols': [], 'user_mentions': [], 'urls': [{'url': 'https://t.co/lnBNaZZH2w', 'expanded_url': 'http://bit.ly/2u5RfN8', 'display_url': 'bit.ly/2u5RfN8', 'indices': [67, 90]}, {'url': 'https://t.co/N3P7kIL5On', 'expanded_url': 'https://twitter.com/i/web/status/1469733624119541763', 'display_url': 'twitter.com/i/web/status/1…', 'indices': [107, 130]}]}","<a href=""https://mobile.twitter.com"" rel=""nofollow"">Twitter Web App</a>",,,,,,"{'id': 593658151, 'id_str': '593658151', 'name': 'Andre Barrette😎🏆💲', 'screen_name': 'AndreBarrette1', 'location': 'Ottawa Ontario Canada', 'description': '💪Build your biz on #twitter💰 ThisTraining gets me leads everyday...https://t.co/WG9uMUpgQo\n #health #affiliate https://t.co/0cMsbgBhEl', 'url': 'https://t.co/49rBk63uxV', 'entities': {'url': {'urls': [{'url': 'https://t.co/49rBk63uxV', 'expanded_url': 'http://homebizfocus.com/', 'display_url': 'homebizfocus.com', 'indices': [0, 23]}]}, 'description': {'urls': [{'url': 'https://t.co/WG9uMUpgQo', 'expanded_url': 'http://bit.ly/2mXrDuA', 'display_url': 'bit.ly/2mXrDuA', 'indices': [67, 90]}, {'url': 'https://t.co/0cMsbgBhEl', 'expanded_url': 'http://healthandfitnessforever.net/', 'display_url': 'healthandfitnessforever.net', 'indices': [111, 134]}]}}, 'protected': False, 'followers_count': 8513, 'friends_count': 9334, 'listed_count': 32, 'created_at': 'Tue May 29 12:20:04 +0000 2012', 'favourites_count': 2, 'utc_offset': None, 'time_zone': None, 'geo_enabled': False, 'verified': False, 'statuses_count': 365, 'lang': None, 'contributors_enabled': False, 'is_translator': False, 'is_translation_enabled': False, 'profile_background_color': '000000', 'profile_background_image_url': 'http://abs.twimg.com/images/themes/theme1/bg.png', 'profile_background_image_url_https': 'https://abs.twimg.com/images/themes/theme1/bg.png', 'profile_background_tile': False, 'profile_image_url': 'http://pbs.twimg.com/profile_images/2992250065/7db76acca695b1b324425d275a2f3221_normal.jpeg', 'profile_image_url_https': 'https://pbs.twimg.com/profile_images/2992250065/7db76acca695b1b324425d275a2f3221_normal.jpeg', 'profile_banner_url': 'https://pbs.twimg.com/profile_banners/593658151/1490042809', 'profile_link_color': '3B94D9', 'profile_sidebar_border_color': '000000', 'profile_sidebar_fill_color': '000000', 'profile_text_color': '000000', 'profile_use_background_image': False, 'has_extended_profile': False, 'default_profile': False, 'default_profile_image': False, 'following': False, 'follow_request_sent': False, 'notifications': False, 'translator_type': 'none', 'withheld_in_countries': []}",,,,,False,,,,0,3,False,False,False,en,"[{'text': 'yoga', 'indices': [92, 97]}, {'text': 'health', 'indices': [98, 105]}]",[],[],"[{'url': 'https://t.co/lnBNaZZH2w', 'expanded_url': 'http://bit.ly/2u5RfN8', 'display_url': 'bit.ly/2u5RfN8', 'indices': [67, 90]}, {'url': 'https://t.co/N3P7kIL5On', 'expanded_url': 'https://twitter.com/i/web/status/1469733624119541763', 'display_url': 'twitter.com/i/web/status/1…', 'indices': [107, 130]}]",2,0,0,2,593658151
1272211725362753537,bot,Sat Oct 29 17:54:44 +0000 2022,1586416255375843328,1586416255375843328,"@DeepakC62180388 @pathak__saab @Shivani_Kash Follow me and Follow back 💯
👇
@SachinSadh5",False,"{'hashtags': [], 'symbols': [], 'user_mentions': [{'screen_name': 'DeepakC62180388', 'name': 'दीपक चौधरी हिन्दू', 'id': 3594417074, 'id_str': '3594417074', 'indices': [0, 16]}, {'screen_name': 'pathak__saab', 'name': 'Er Prashant Kumar Pathak', 'id': 1254392576981053443, 'id_str': '1254392576981053443', 'indices': [17, 30]}, {'screen_name': 'Shivani_Kash', 'name': 'Er. Shivani Kashyap 🇮🇳', 'id': 1500401994321649664, 'id_str': '1500401994321649664', 'indices': [31, 44]}, {'screen_name': 'SachinSadh5', 'name': 'Sachin Sadh', 'id': 1272211725362753537, 'id_str': '1272211725362753537', 'indices': [75, 87]}], 'urls': []}","<a href=""http://twitter.com/download/android"" rel=""nofollow"">Twitter for Android</a>",1.5864158437971354e+18,1.5864158437971354e+18,3594417074.0,3594417074.0,DeepakC62180388,"{'id': 1272211725362753537, 'id_str': '1272211725362753537', 'name': 'Sachin Sadh', 'screen_name': 'SachinSadh5', 'location': '', 'description': 'East.Delhi-Distt. कृष्णा नगर यूथ कांग्रेस Gen Secretary (Ex)', 'url': None, 'entities': {'description': {'urls': []}}, 'protected': False, 'followers_count': 10095, 'friends_count': 7490, 'listed_count': 1, 'created_at': 'Sun Jun 14 16:58:46 +0000 2020', 'favourites_count': 552, 'utc_offset': None, 'time_zone': None, 'geo_enabled': True, 'verified': False, 'statuses_count': 21113, 'lang': None, 'contributors_enabled': False, 'is_translator': False, 'is_translation_enabled': False, 'profile_background_color': 'F5F8FA', 'profile_background_image_url': None, 'profile_background_image_url_https': None, 'profile_background_tile': False, 'profile_image_url': 'http://pbs.twimg.com/profile_images/1272222021124907009/3rfZzJLn_normal.jpg', 'profile_image_url_https': 'https://pbs.twimg.com/profile_images/1272222021124907009/3rfZzJLn_normal.jpg', 'profile_link_color': '1DA1F2', 'profile_sidebar_border_color': 'C0DEED', 'profile_sidebar_fill_color': 'DDEEF6', 'profile_text_color': '333333', 'profile_use_background_image': True, 'has_extended_profile': True, 'default_profile': True, 'default_profile_image': False, 'following': False, 'follow_request_sent': False, 'notifications': False, 'translator_type': 'none', 'withheld_in_countries': []}",,,,,False,,,,0,2,False,False,,en,[],[],"[{'screen_name': 'DeepakC62180388', 'name': 'दीपक चौधरी हिन्दू', 'id': 3594417074, 'id_str': '3594417074', 'indices': [0, 16]}, {'screen_name': 'pathak__saab', 'name': 'Er Prashant Kumar Pathak', 'id': 1254392576981053443, 'id_str': '1254392576981053443', 'indices': [17, 30]}, {'screen_name': 'Shivani_Kash', 'name': 'Er. Shivani Kashyap 🇮🇳', 'id': 1500401994321649664, 'id_str': '1500401994321649664', 'indices': [31, 44]}, {'screen_name': 'SachinSadh5', 'name': 'Sachin Sadh', 'id': 1272211725362753537, 'id_str': '1272211725362753537', 'indices': [75, 87]}]",[],0,0,4,0,1272211725362753537
1338939176356556800,bot,Tue Oct 26 11:17:01 +0000 2021,1452957433182269442,1452957433182269442,@YoungBangalee @ManpadyK @ignite_GSD Not woman oooo....it may be explosives....as in ignite 🤔,False,"{'hashtags': [], 'symbols': [], 'user_mentions': [{'screen_name': 'YoungBangalee', 'name': 'Ọ̀túnba Gbejó \uea00', 'id': 274722486, 'id_str': '274722486', 'indices': [0, 14]}, {'screen_name': 'ManpadyK', 'name': 'MAN PADDY KENNEL SERVICES', 'id': 1404842214732316680, 'id_str': '1404842214732316680', 'indices': [15, 24]}, {'screen_name': 'ignite_GSD', 'name': 'IGNITE German Shepherds', 'id': 971735424, 'id_str': '971735424', 'indices': [25, 36]}], 'urls': []}","<a href=""http://twitter.com/download/android"" rel=""nofollow"">Twitter for Android</a>",1.452933267456512e+18,1.452933267456512e+18,274722486.0,274722486.0,YoungBangalee,"{'id': 1338939176356556800, 'id_str': '1338939176356556800', 'name': 'PeraGermanShepherds', 'screen_name': 'ShepherdsPera', 'location': '', 'description': 'Your home of long hair WG Showline GSD', 'url': None, 'entities': {'description': {'urls': []}}, 'protected': False, 'followers_count': 803, 'friends_count': 725, 'listed_count': 1, 'created_at': 'Tue Dec 15 20:09:42 +0000 2020', 'favourites_count': 1757, 'utc_offset': None, 'time_zone': None, 'geo_enabled': False, 'verified': False, 'statuses_count': 1132, 'lang': None, 'contributors_enabled': False, 'is_translator': False, 'is_translation_enabled': False, 'profile_background_color': 'F5F8FA', 'profile_background_image_url': None, 'profile_background_image_url_https': None, 'profile_background_tile': False, 'profile_image_url': 'http://pbs.twimg.com/profile_images/1448564462429122564/JinDfat5_normal.jpg', 'profile_image_url_https': 'https://pbs.twimg.com/profile_images/1448564462429122564/JinDfat5_normal.jpg', 'profile_link_color': '1DA1F2', 'profile_sidebar_border_color': 'C0DEED', 'profile_sidebar_fill_color': 'DDEEF6', 'profile_text_color': '333333', 'profile_use_background_image': True, 'has_extended_profile': True, 'default_profile': True, 'default_profile_image': False, 'following': False, 'follow_request_sent': False, 'notifications': False, 'translator_type': 'none', 'withheld_in_countries': []}",,,,,False,,,,0,0,False,False,,en,[],[],"[{'screen_name': 'YoungBangalee', 'name': 'Ọ̀túnba Gbejó \uea00', 'id': 274722486, 'id_str': '274722486', 'indices': [0, 14]}, {'screen_name': 'ManpadyK', 'name': 'MAN PADDY KENNEL SERVICES', 'id': 1404842214732316680, 'id_str': '1404842214732316680', 'indices': [15, 24]}, {'screen_name': 'ignite_GSD', 'name': 'IGNITE German Shepherds', 'id': 971735424, 'id_str': '971735424', 'indices': [25, 36]}]",[],0,0,3,0,1338939176356556800
69253605,human,Fri Nov 11 14:36:16 +0000 2022,1591077355006599169,1591077355006599169,@miss_ronoh @TheDragNet 🥹🧡🧡🧡,False,"{'hashtags': [], 'symbols': [], 'user_mentions': [{'screen_name': 'miss_ronoh', 'name': 'Chepkoech', 'id': 2152295586, 'id_str': '2152295586', 'indices': [0, 11]}, {'screen_name': 'TheDragNet', 'name': 'Jeannette M', 'id': 90613551, 'id_str': '90613551', 'indices': [12, 23]}], 'urls': []}","<a href=""http://twitter.com/download/iphone"" rel=""nofollow"">Twitter for iPhone</a>",1.5910714010287675e+18,1.5910714010287677e+18,2152295586.0,2152295586.0,miss_ronoh,"{'id': 69253605, 'id_str': '69253605', 'name': 'Bambi 💋', 'screen_name': 'Lencer_B', 'location': 'Nairobi, Kenya', 'description': '✨The Jig is Up!✨// Digital Content Creator 🇰🇪 // Emotional Gangsta Podcast Host// https://t.co/QiSzX1tS3a //Views are my own 🌻', 'url': 'https://t.co/WKrPiUMOrh', 'entities': {'url': {'urls': [{'url': 'https://t.co/WKrPiUMOrh', 'expanded_url': 'https://www.instagram.com/lencer_b/', 'display_url': 'instagram.com/lencer_b/', 'indices': [0, 23]}]}, 'description': {'urls': [{'url': 'https://t.co/QiSzX1tS3a', 'expanded_url': 'http://bit.ly/3hZKbFEwgDo', 'display_url': 'bit.ly/3hZKbFEwgDo', 'indices': [82, 105]}]}}, 'protected': False, 'followers_count': 30053, 'friends_count': 1218, 'listed_count': 61, 'created_at': 'Thu Aug 27 10:09:12 +0000 2009', 'favourites_count': 10253, 'utc_offset': None, 'time_zone': None, 'geo_enabled': True, 'verified': False, 'statuses_count': 260531, 'lang': None, 'contributors_enabled': False, 'is_translator': False, 'is_translation_enabled': False, 'profile_background_color': 'FFF04D', 'profile_background_image_url': 'http://abs.twimg.com/images/themes/theme19/bg.gif', 'profile_background_image_url_https': 'https://abs.twimg.com/images/themes/theme19/bg.gif', 'profile_background_tile': True, 'profile_image_url': 'http://pbs.twimg.com/profile_images/1526458471771774982/wwRpqRSP_normal.jpg', 'profile_image_url_https': 'https://pbs.twimg.com/profile_images/1526458471771774982/wwRpqRSP_normal.jpg', 'profile_banner_url': 'https://pbs.twimg.com/profile_banners/69253605/1593421305', 'profile_link_color': 'DD2E44', 'profile_sidebar_border_color': 'FFFFFF', 'profile_sidebar_fill_color': 'F6FFD1', 'profile_text_color': '333333', 'profile_use_background_image': True, 'has_extended_profile': True, 'default_profile': False, 'default_profile_image': False, 'following': False, 'follow_request_sent': False, 'notifications': False, 'translator_type': 'none', 'withheld_in_countries': []}",,,,,False,,,,0,0,False,False,,und,[],[],"[{'screen_name': 'miss_ronoh', 'name': 'Chepkoech', 'id': 2152295586, 'id_str': '2152295586', 'indices': [0, 11]}, {'screen_name': 'TheDragNet', 'name': 'Jeannette M', 'id': 90613551, 'id_str': '90613551', 'indices': [12, 23]}]",[],0,0,2,0,69253605
1416005642570059783,human,Thu Nov 03 09:21:16 +0000 2022,1588098978851217409,1588098978851217409,Soyons toujours optimistes 😉🥰 https://t.co/gyBlVOgyhL,False,"{'hashtags': [], 'symbols': [], 'user_mentions': [], 'urls': [], 'media': [{'id': 1588098969216892928, 'id_str': '1588098969216892928', 'indices': [30, 53], 'media_url': 'http://pbs.twimg.com/media/FgoPmTBWQAA3hDs.jpg', 'media_url_https': 'https://pbs.twimg.com/media/FgoPmTBWQAA3hDs.jpg', 'url': 'https://t.co/gyBlVOgyhL', 'display_url': 'pic.twitter.com/gyBlVOgyhL', 'expanded_url': 'https://twitter.com/GermainNGuessa5/status/1588098978851217409/photo/1', 'type': 'photo', 'sizes': {'thumb': {'w': 150, 'h': 150, 'resize': 'crop'}, 'large': {'w': 1534, 'h': 2048, 'resize': 'fit'}, 'medium': {'w': 899, 'h': 1200, 'resize': 'fit'}, 'small': {'w': 509, 'h': 680, 'resize': 'fit'}}}]}","<a href=""http://twitter.com/download/iphone"" rel=""nofollow"">Twitter for iPhone</a>",,,,,,"{'id': 1416005642570059783, 'id_str': '1416005642570059783', 'name': 'Germain NGuessan', 'screen_name': 'GermainNGuessa5', 'location': '', 'description': '', 'url': None, 'entities': {'description': {'urls': []}}, 'protected': False, 'followers_count': 87, 'friends_count': 365, 'listed_count': 0, 'created_at': 'Fri Jul 16 12:04:02 +0000 2021', 'favourites_count': 33, 'utc_offset': None, 'time_zone': None, 'geo_enabled': False, 'verified': False, 'statuses_count': 26, 'lang': None, 'contributors_enabled': False, 'is_translator': False, 'is_translation_enabled': False, 'profile_background_color': 'F5F8FA', 'profile_background_image_url': None, 'profile_background_image_url_https': None, 'profile_background_tile': False, 'profile_image_url': 'http://pbs.twimg.com/profile_images/1416005984850489344/S6Ip5y_6_normal.jpg', 'profile_image_url_https': 'https://pbs.twimg.com/profile_images/1416005984850489344/S6Ip5y_6_normal.jpg', 'profile_link_color': '1DA1F2', 'profile_sidebar_border_color': 'C0DEED', 'profile_sidebar_fill_color': 'DDEEF6', 'profile_text_color': '333333', 'profile_use_background_image': True, 'has_extended_profile': True, 'default_profile': True, 'default_profile_image': False, 'following': False, 'follow_request_sent': False, 'notifications': False, 'translator_type': 'none', 'withheld_in_countries': []}",,,,,False,,,,0,1,False,False,False,fr,[],[],[],[],0,0,0,0,1416005642570059783
1291758490436812800,bot,Thu Oct 08 02:57:56 +0000 2020,1314037284564475904,1314037284564475904,Hangg cutteee❤️❤️ https://t.co/jjk6T3fPgN,False,"{'hashtags': [], 'symbols': [], 'user_mentions': [], 'urls': [{'url': 'https://t.co/jjk6T3fPgN', 'expanded_url': 'https://twitter.com/SailorOkoye/status/1277777899886727168', 'display_url': 'twitter.com/SailorOkoye/st…', 'indices': [18, 41]}]}","<a href=""http://twitter.com/download/android"" rel=""nofollow"">Twitter for Android</a>",,,,,,"{'id': 1291758490436812800, 'id_str': '1291758490436812800', 'name': 'Deng ✌🏼', 'screen_name': 'andenggis', 'location': 'Bulacan, Central Luzon', 'description': '🇵🇭\nandrae🤟🏽\n11\n♍️', 'url': None, 'entities': {'description': {'urls': []}}, 'protected': False, 'followers_count': 4, 'friends_count': 110, 'listed_count': 0, 'created_at': 'Fri Aug 07 15:30:17 +0000 2020', 'favourites_count': 48, 'utc_offset': None, 'time_zone': None, 'geo_enabled': False, 'verified': False, 'statuses_count': 1, 'lang': None, 'contributors_enabled': False, 'is_translator': False, 'is_translation_enabled': False, 'profile_background_color': 'F5F8FA', 'profile_background_image_url': None, 'profile_background_image_url_https': None, 'profile_background_tile': False, 'profile_image_url': 'http://pbs.twimg.com/profile_images/1291759611196764160/2Cf_4yxR_normal.jpg', 'profile_image_url_https': 'https://pbs.twimg.com/profile_images/1291759611196764160/2Cf_4yxR_normal.jpg', 'profile_banner_url': 'https://pbs.twimg.com/profile_banners/1291758490436812800/1596814501', 'profile_link_color': '1DA1F2', 'profile_sidebar_border_color': 'C0DEED', 'profile_sidebar_fill_color': 'DDEEF6', 'profile_text_color': '333333', 'profile_use_background_image': True, 'has_extended_profile': True, 'default_profile': True, 'default_profile_image': False, 'following': False, 'follow_request_sent': False, 'notifications': False, 'translator_type': 'none', 'withheld_in_countries': []}",,,,,True,1.2777778998867272e+18,1.2777778998867272e+18,,0,0,False,False,False,tl,[],[],[],"[{'url': 'https://t.co/jjk6T3fPgN', 'expanded_url': 'https://twitter.com/SailorOkoye/status/1277777899886727168', 'display_url': 'twitter.com/SailorOkoye/st…', 'indices': [18, 41]}]",0,0,0,1,1291758490436812800
156611885,human,Thu Nov 10 04:55:07 +0000 2022,1590568713874735104,1590568713874735104,Change is hard. Moving to zero-emission vehicles has been a train wreck. I wanted a PHEV in 2002! 400 million ICE v… https://t.co/MFHwUJAQOr,True,"{'hashtags': [], 'symbols': [], 'user_mentions': [], 'urls': [{'url': 'https://t.co/MFHwUJAQOr', 'expanded_url': 'https://twitter.com/i/web/status/1590568713874735104', 'display_url': 'twitter.com/i/web/status/1…', 'indices': [117, 140]}]}","<a href=""https://mobile.twitter.com"" rel=""nofollow"">Twitter Web App</a>",,,,,,"{'id': 156611885, 'id_str': '156611885', 'name': 'Stephen C. Ekker, Ph.D.', 'screen_name': 'scekker', 'location': 'Rochester, MN', 'description': 'Mayo Clinic Grad School Dean/Prof Biochem&MolBio/LEAH Labs/LifEngine CEO/Director Office of Entrepreneurship/ Dad&husband/WeRAllFish. He/Him. Tweets my own.', 'url': 'https://t.co/bp4jH5gWBq', 'entities': {'url': {'urls': [{'url': 'https://t.co/bp4jH5gWBq', 'expanded_url': 'https://www.linkedin.com/in/stephen-ekker/', 'display_url': 'linkedin.com/in/stephen-ekk…', 'indices': [0, 23]}]}, 'description': {'urls': []}}, 'protected': False, 'followers_count': 2301, 'friends_count': 1215, 'listed_count': 50, 'created_at': 'Thu Jun 17 11:53:06 +0000 2010', 'favourites_count': 9044, 'utc_offset': None, 'time_zone': None, 'geo_enabled': True, 'verified': False, 'statuses_count': 8527, 'lang': None, 'contributors_enabled': False, 'is_translator': False, 'is_translation_enabled': False, 'profile_background_color': '022330', 'profile_background_image_url': 'http://abs.twimg.com/images/themes/theme15/bg.png', 'profile_background_image_url_https': 'https://abs.twimg.com/images/themes/theme15/bg.png', 'profile_background_tile': False, 'profile_image_url': 'http://pbs.twimg.com/profile_images/763402799677775872/CMmxmfVi_normal.jpg', 'profile_image_url_https': 'https://pbs.twimg.com/profile_images/763402799677775872/CMmxmfVi_normal.jpg', 'profile_banner_url': 'https://pbs.twimg.com/profile_banners/156611885/1483739480', 'profile_link_color': 'FF691F', 'profile_sidebar_border_color': '000000', 'profile_sidebar_fill_color': '000000', 'profile_text_color': '000000', 'profile_use_background_image': True, 'has_extended_profile': True, 'default_profile': False, 'default_profile_image': False, 'following': False, 'follow_request_sent': False, 'notifications': False, 'translator_type': 'none', 'withheld_in_countries': []}",,,,,False,,,,0,0,False,False,False,en,[],[],[],"[{'url': 'https://t.co/MFHwUJAQOr', 'expanded_url': 'https://twitter.com/i/web/status/1590568713874735104', 'display_url': 'twitter.com/i/web/status/1…', 'indices': [117, 140]}]",0,0,0,1,156611885
212256256,human,Tue Nov 27 03:19:05 +0000 2012,273264655546339328,273264655546339328,I made $442 today. Check out this article http://t.co/EOiyxqhZ,False,"{'hashtags': [], 'symbols': [], 'user_mentions': [], 'urls': [{'url': 'http://t.co/EOiyxqhZ', 'expanded_url': 'http://extrem-amusement.com/coalbottle/21peterpatterson/', 'display_url': 'extrem-amusement.com/coalbottle/21p…', 'indices': [42, 62]}]}","<a href=""http://mobile.twitter.com"" rel=""nofollow"">Mobile Web</a>",,,,,,"{'id': 212256256, 'id_str': '212256256', 'name': 'PIRATCHAKARN AKKARAUDOMROJ', 'screen_name': 'Akkaraudomroj', 'location': 'Bangkok Thailand', 'description': '', 'url': None, 'entities': {'description': {'urls': []}}, 'protected': False, 'followers_count': 19, 'friends_count': 365, 'listed_count': 0, 'created_at': 'Fri Nov 05 15:35:46 +0000 2010', 'favourites_count': 383, 'utc_offset': None, 'time_zone': None, 'geo_enabled': False, 'verified': False, 'statuses_count': 7, 'lang': None, 'contributors_enabled': False, 'is_translator': False, 'is_translation_enabled': False, 'profile_background_color': 'C0DEED', 'profile_background_image_url': 'http://abs.twimg.com/images/themes/theme1/bg.png', 'profile_background_image_url_https': 'https://abs.twimg.com/images/themes/theme1/bg.png', 'profile_background_tile': False, 'profile_image_url': 'http://pbs.twimg.com/profile_images/1160381478/__________05_____normal.jpg', 'profile_image_url_https': 'https://pbs.twimg.com/profile_images/1160381478/__________05_____normal.jpg', 'profile_link_color': '1DA1F2', 'profile_sidebar_border_color': 'C0DEED', 'profile_sidebar_fill_color': 'DDEEF6', 'profile_text_color': '333333', 'profile_use_background_image': True, 'has_extended_profile': True, 'default_profile': True, 'default_profile_image': False, 'following': False, 'follow_request_sent': False, 'notifications': False, 'translator_type': 'none', 'withheld_in_countries': []}",,,,,False,,,,0,0,False,False,False,en,[],[],[],"[{'url': 'http://t.co/EOiyxqhZ', 'expanded_url': 'http://extrem-amusement.com/coalbottle/21peterpatterson/', 'display_url': 'extrem-amusement.com/coalbottle/21p…', 'indices': [42, 62]}]",0,0,0,1,212256256
17847135,human,Fri May 31 22:32:09 +0000 2019,1134588404652564482,1134588404652564482,Sudbury man held without bail after alleged assault on dad https://t.co/bcIFNlHLaf,False,"{'hashtags': [], 'symbols': [], 'user_mentions': [], 'urls': [{'url': 'https://t.co/bcIFNlHLaf', 'expanded_url': 'http://bit.ly/2ELRy2q', 'display_url': 'bit.ly/2ELRy2q', 'indices': [59, 82]}]}","<a href=""https://ifttt.com"" rel=""nofollow"">IFTTT</a>",,,,,,"{'id': 17847135, 'id_str': '17847135', 'name': 'Sudbury Town Crier', 'screen_name': 'SudburyCrier', 'location': 'Sudbury, MA', 'description': 'A weekly newspaper serving #Sudbury, Massachusetts. An edition of @metrowestdaily', 'url': 'https://t.co/y4wXo7ZDLy', 'entities': {'url': {'urls': [{'url': 'https://t.co/y4wXo7ZDLy', 'expanded_url': 'http://www.wickedlocal.com/sudbury', 'display_url': 'wickedlocal.com/sudbury', 'indices': [0, 23]}]}, 'description': {'urls': []}}, 'protected': False, 'followers_count': 1835, 'friends_count': 139, 'listed_count': 56, 'created_at': 'Wed Dec 03 20:15:28 +0000 2008', 'favourites_count': 0, 'utc_offset': None, 'time_zone': None, 'geo_enabled': False, 'verified': False, 'statuses_count': 4346, 'lang': None, 'contributors_enabled': False, 'is_translator': False, 'is_translation_enabled': False, 'profile_background_color': 'C6E2EE', 'profile_background_image_url': 'http://abs.twimg.com/images/themes/theme2/bg.gif', 'profile_background_image_url_https': 'https://abs.twimg.com/images/themes/theme2/bg.gif', 'profile_background_tile': False, 'profile_image_url': 'http://pbs.twimg.com/profile_images/836700110327279616/EQpNeav4_normal.jpg', 'profile_image_url_https': 'https://pbs.twimg.com/profile_images/836700110327279616/EQpNeav4_normal.jpg', 'profile_link_color': '1F98C7', 'profile_sidebar_border_color': 'C6E2EE', 'profile_sidebar_fill_color': 'DAECF4', 'profile_text_color': '663B12', 'profile_use_background_image': True, 'has_extended_profile': False, 'default_profile': False, 'default_profile_image': False, 'following': False, 'follow_request_sent': False, 'notifications': False, 'translator_type': 'none', 'withheld_in_countries': []}",,,,,False,,,,0,1,False,False,False,en,[],[],[],"[{'url': 'https://t.co/bcIFNlHLaf', 'expanded_url': 'http://bit.ly/2ELRy2q', 'display_url': 'bit.ly/2ELRy2q', 'indices': [59, 82]}]",0,0,0,1,17847135
1482202453395263488,bot,Thu Jan 20 04:09:10 +0000 2022,1484015116341452801,1484015116341452801,"Raising Awareness. Day 19 of 31
StopSoldierSuicide.

#Ambitious. Keen on #DisruptingTheOrdinary. #Eager to discover… https://t.co/HBr3kU7hwO",True,"{'hashtags': [{'text': 'Ambitious', 'indices': [53, 63]}, {'text': 'DisruptingTheOrdinary', 'indices': [73, 95]}, {'text': 'Eager', 'indices': [97, 103]}], 'symbols': [], 'user_mentions': [], 'urls': [{'url': 'https://t.co/HBr3kU7hwO', 'expanded_url': 'https://twitter.com/i/web/status/1484015116341452801', 'display_url': 'twitter.com/i/web/status/1…', 'indices': [117, 140]}]}","<a href=""http://twitter.com/download/iphone"" rel=""nofollow"">Twitter for iPhone</a>",,,,,,"{'id': 1482202453395263488, 'id_str': '1482202453395263488', 'name': 'Clinton Staha', 'screen_name': 'ClintonStaha', 'location': 'Austin, TX', 'description': 'Husband. Father. Son. Soldier (12B). Photographer 📷 Adventurer 🪂 🏔 Explorer 🧭🗺 Be Inspired. Be Bold. Stay Humble. Always Grateful', 'url': None, 'entities': {'description': {'urls': []}}, 'protected': False, 'followers_count': 1, 'friends_count': 145, 'listed_count': 0, 'created_at': 'Sat Jan 15 04:06:54 +0000 2022', 'favourites_count': 1, 'utc_offset': None, 'time_zone': None, 'geo_enabled': False, 'verified': False, 'statuses_count': 1, 'lang': None, 'contributors_enabled': False, 'is_translator': False, 'is_translation_enabled': False, 'profile_background_color': 'F5F8FA', 'profile_background_image_url': None, 'profile_background_image_url_https': None, 'profile_background_tile': False, 'profile_image_url': 'http://pbs.twimg.com/profile_images/1482238627270823945/8rNBo9LX_normal.jpg', 'profile_image_url_https': 'https://pbs.twimg.com/profile_images/1482238627270823945/8rNBo9LX_normal.jpg', 'profile_link_color': '1DA1F2', 'profile_sidebar_border_color': 'C0DEED', 'profile_sidebar_fill_color': 'DDEEF6', 'profile_text_color': '333333', 'profile_use_background_image': True, 'has_extended_profile': True, 'default_profile': True, 'default_profile_image': False, 'following': False, 'follow_request_sent': False, 'notifications': False, 'translator_type': 'none', 'withheld_in_countries': []}",,,,,False,,,,0,1,False,False,False,en,"[{'text': 'Ambitious', 'indices': [53, 63]}, {'text': 'DisruptingTheOrdinary', 'indices': [73, 95]}, {'text': 'Eager', 'indices': [97, 103]}]",[],[],"[{'url': 'https://t.co/HBr3kU7hwO', 'expanded_url': 'https://twitter.com/i/web/status/1484015116341452801', 'display_url': 'twitter.com/i/web/status/1…', 'indices': [117, 140]}]",3,0,0,1,1482202453395263488
15231287,human,Fri Nov 11 16:13:32 +0000 2022,1591101831630954503,1591101831630954503,Tech marketing leaders 👋 Leverage this NEW ✨ infographic which covers insights from the 2022 Gartner Technology Mar… https://t.co/9d2YSOx5Oy,True,"{'hashtags': [], 'symbols': [], 'user_mentions': [], 'urls': [{'url': 'https://t.co/9d2YSOx5Oy', 'expanded_url': 'https://twitter.com/i/web/status/1591101831630954503', 'display_url': 'twitter.com/i/web/status/1…', 'indices': [117, 140]}]}","<a href=""https://www.spredfast.com/"" rel=""nofollow"">Khoros Publishing</a>",,,,,,"{'id': 15231287, 'id_str': '15231287', 'name': 'Gartner', 'screen_name': 'Gartner_inc', 'location': 'Stamford, CT', 'description': ""We enable faster, smarter decisions and stronger performance on an organization's mission-critical priorities. \n\nCommunity guidelines: https://t.co/YoE73lZcqR"", 'url': 'https://t.co/CmeSZYcA0P', 'entities': {'url': {'urls': [{'url': 'https://t.co/CmeSZYcA0P', 'expanded_url': 'https://gtnr.it/2YOgBeN', 'display_url': 'gtnr.it/2YOgBeN', 'indices': [0, 23]}]}, 'description': {'urls': [{'url': 'https://t.co/YoE73lZcqR', 'expanded_url': 'http://gtnr.it/3tceMrU', 'display_url': 'gtnr.it/3tceMrU', 'indices': [135, 158]}]}}, 'protected': False, 'followers_count': 432300, 'friends_count': 39642, 'listed_count': 11027, 'created_at': 'Wed Jun 25 14:03:20 +0000 2008', 'favourites_count': 9468, 'utc_offset': None, 'time_zone': None, 'geo_enabled': False, 'verified': True, 'statuses_count': 33282, 'lang': None, 'contributors_enabled': False, 'is_translator': False, 'is_translation_enabled': False, 'profile_background_color': '005195', 'profile_background_image_url': 'http://abs.twimg.com/images/themes/theme1/bg.png', 'profile_background_image_url_https': 'https://abs.twimg.com/images/themes/theme1/bg.png', 'profile_background_tile': False, 'profile_image_url': 'http://pbs.twimg.com/profile_images/1145686509544181762/qHfZhdhs_normal.png', 'profile_image_url_https': 'https://pbs.twimg.com/profile_images/1145686509544181762/qHfZhdhs_normal.png', 'profile_banner_url': 'https://pbs.twimg.com/profile_banners/15231287/1656648391', 'profile_link_color': '002856', 'profile_sidebar_border_color': '87BC44', 'profile_sidebar_fill_color': 'E0FF92', 'profile_text_color': '000000', 'profile_use_background_image': True, 'has_extended_profile': True, 'default_profile': False, 'default_profile_image': False, 'following': False, 'follow_request_sent': False, 'notifications': False, 'translator_type': 'none', 'withheld_in_countries': []}",,,,,False,,,,0,0,False,False,False,en,[],[],[],"[{'url': 'https://t.co/9d2YSOx5Oy', 'expanded_url': 'https://twitter.com/i/web/status/1591101831630954503', 'display_url': 'twitter.com/i/web/status/1…', 'indices': [117, 140]}]",0,0,0,1,15231287
2654306088,human,Fri Nov 11 12:18:44 +0000 2022,1591042740896550912,1591042740896550912,El sectarismo político no se nota menos por que se disimule o adorne con una falsa ecuanimidad.,False,"{'hashtags': [], 'symbols': [], 'user_mentions': [], 'urls': []}","<a href=""http://twitter.com/download/iphone"" rel=""nofollow"">Twitter for iPhone</a>",,,,,,"{'id': 2654306088, 'id_str': '2654306088', 'name': 'mtoscano', 'screen_name': 'mtscano', 'location': '', 'description': ""'Surely half the pleasure of life is sardonic comment on the passing show'. Philosophy and a bit of fun on the passing show."", 'url': 'https://t.co/HXBPiU17w4', 'entities': {'url': {'urls': [{'url': 'https://t.co/HXBPiU17w4', 'expanded_url': 'https://uma.academia.edu/ManuelToscano', 'display_url': 'uma.academia.edu/ManuelToscano', 'indices': [0, 23]}]}, 'description': {'urls': []}}, 'protected': False, 'followers_count': 2917, 'friends_count': 598, 'listed_count': 70, 'created_at': 'Thu Jul 17 17:02:23 +0000 2014', 'favourites_count': 42596, 'utc_offset': None, 'time_zone': None, 'geo_enabled': True, 'verified': False, 'statuses_count': 48416, 'lang': None, 'contributors_enabled': False, 'is_translator': False, 'is_translation_enabled': False, 'profile_background_color': 'C0DEED', 'profile_background_image_url': 'http://abs.twimg.com/images/themes/theme1/bg.png', 'profile_background_image_url_https': 'https://abs.twimg.com/images/themes/theme1/bg.png', 'profile_background_tile': False, 'profile_image_url': 'http://pbs.twimg.com/profile_images/594939328452788224/7PnHJesI_normal.jpg', 'profile_image_url_https': 'https://pbs.twimg.com/profile_images/594939328452788224/7PnHJesI_normal.jpg', 'profile_banner_url': 'https://pbs.twimg.com/profile_banners/2654306088/1499084380', 'profile_link_color': '1DA1F2', 'profile_sidebar_border_color': 'C0DEED', 'profile_sidebar_fill_color': 'DDEEF6', 'profile_text_color': '333333', 'profile_use_background_image': True, 'has_extended_profile': False, 'default_profile': True, 'default_profile_image': False, 'following': False, 'follow_request_sent': False, 'notifications': False, 'translator_type': 'none', 'withheld_in_countries': []}",,,,,False,,,,2,4,False,False,,es,[],[],[],[],0,0,0,0,2654306088
1162412783771803649,human,Mon Oct 31 11:04:59 +0000 2022,1587037916961742848,1587037916961742848,"@jaylovesbrocoli That's the thing with higher education 
What you know rises linearly, but what you don't know rises exponentially .",False,"{'hashtags': [], 'symbols': [], 'user_mentions': [{'screen_name': 'jaylovesbrocoli', 'name': 'جاي', 'id': 1504142907065909253, 'id_str': '1504142907065909253', 'indices': [0, 16]}], 'urls': []}","<a href=""http://twitter.com/download/android"" rel=""nofollow"">Twitter for Android</a>",1.5868330518746235e+18,1.5868330518746235e+18,1.5041429070659092e+18,1.5041429070659092e+18,jaylovesbrocoli,"{'id': 1162412783771803649, 'id_str': '1162412783771803649', 'name': 'Khaled_MHD', 'screen_name': 'Khaled_Mehiddin', 'location': 'Strasbourg ', 'description': 'A bunch of atoms studying itself at the Complex systems chemistry graduate school @unistra @gradcscunistra', 'url': None, 'entities': {'description': {'urls': []}}, 'protected': False, 'followers_count': 326, 'friends_count': 450, 'listed_count': 4, 'created_at': 'Fri Aug 16 17:16:30 +0000 2019', 'favourites_count': 19193, 'utc_offset': None, 'time_zone': None, 'geo_enabled': False, 'verified': False, 'statuses_count': 654, 'lang': None, 'contributors_enabled': False, 'is_translator': False, 'is_translation_enabled': False, 'profile_background_color': 'F5F8FA', 'profile_background_image_url': None, 'profile_background_image_url_https': None, 'profile_background_tile': False, 'profile_image_url': 'http://pbs.twimg.com/profile_images/1538836008736854018/nrOxJ1_T_normal.jpg', 'profile_image_url_https': 'https://pbs.twimg.com/profile_images/1538836008736854018/nrOxJ1_T_normal.jpg', 'profile_banner_url': 'https://pbs.twimg.com/profile_banners/1162412783771803649/1650520069', 'profile_link_color': '1DA1F2', 'profile_sidebar_border_color': 'C0DEED', 'profile_sidebar_fill_color': 'DDEEF6', 'profile_text_color': '333333', 'profile_use_background_image': True, 'has_extended_profile': False, 'default_profile': True, 'default_profile_image': False, 'following': False, 'follow_request_sent': False, 'notifications': False, 'translator_type': 'none', 'withheld_in_countries': []}",,,,,False,,,,0,2,False,False,,en,[],[],"[{'screen_name': 'jaylovesbrocoli', 'name': 'جاي', 'id': 1504142907065909253, 'id_str': '1504142907065909253', 'indices': [0, 16]}]",[],0,0,1,0,1162412783771803649
1380190106208890884,human,Tue Oct 25 11:21:02 +0000 2022,1584867626568003591,1584867626568003591,@AyatollahParody مادرتو ميگاييم,False,"{'hashtags': [], 'symbols': [], 'user_mentions': [{'screen_name': 'AyatollahParody', 'name': 'Ayatollah Khamenei', 'id': 1482372114778832899, 'id_str': '1482372114778832899', 'indices': [0, 16]}], 'urls': []}","<a href=""http://twitter.com/download/iphone"" rel=""nofollow"">Twitter for iPhone</a>",1.5842868216847524e+18,1.5842868216847524e+18,1.482372114778833e+18,1.482372114778833e+18,AyatollahParody,"{'id': 1380190106208890884, 'id_str': '1380190106208890884', 'name': 'tiny ãtena', 'screen_name': 'atenazarasvand', 'location': 'Amsterdam, The Netherlands', 'description': '', 'url': None, 'entities': {'description': {'urls': []}}, 'protected': False, 'followers_count': 708, 'friends_count': 1037, 'listed_count': 7, 'created_at': 'Thu Apr 08 16:06:06 +0000 2021', 'favourites_count': 9095, 'utc_offset': None, 'time_zone': None, 'geo_enabled': False, 'verified': False, 'statuses_count': 641, 'lang': None, 'contributors_enabled': False, 'is_translator': False, 'is_translation_enabled': False, 'profile_background_color': 'F5F8FA', 'profile_background_image_url': None, 'profile_background_image_url_https': None, 'profile_background_tile': False, 'profile_image_url': 'http://pbs.twimg.com/profile_images/1561889159962411008/aSOMpA9T_normal.jpg', 'profile_image_url_https': 'https://pbs.twimg.com/profile_images/1561889159962411008/aSOMpA9T_normal.jpg', 'profile_banner_url': 'https://pbs.twimg.com/profile_banners/1380190106208890884/1632862572', 'profile_link_color': '1DA1F2', 'profile_sidebar_border_color': 'C0DEED', 'profile_sidebar_fill_color': 'DDEEF6', 'profile_text_color': '333333', 'profile_use_background_image': True, 'has_extended_profile': True, 'default_profile': True, 'default_profile_image': False, 'following': False, 'follow_request_sent': False, 'notifications': False, 'translator_type': 'none', 'withheld_in_countries': []}",,,,,False,,,,0,0,False,False,,fa,[],[],"[{'screen_name': 'AyatollahParody', 'name': 'Ayatollah Khamenei', 'id': 1482372114778832899, 'id_str': '1482372114778832899', 'indices': [0, 16]}]",[],0,0,1,0,1380190106208890884
1304578188614545409,human,Wed Oct 26 21:50:20 +0000 2022,1585388382599155713,1585388382599155713,"This made my day! Postgraduate students finishing Applied Stress Analysis. #Classof2022 

@wlv_uni @EstiaOfficiel https://t.co/ohT5Sk8bQu",False,"{'hashtags': [{'text': 'Classof2022', 'indices': [75, 87]}], 'symbols': [], 'user_mentions': [{'screen_name': 'wlv_uni', 'name': 'University of Wolverhampton', 'id': 40088191, 'id_str': '40088191', 'indices': [90, 98]}, {'screen_name': 'EstiaOfficiel', 'name': 'ESTIA', 'id': 1896518850, 'id_str': '1896518850', 'indices': [99, 113]}], 'urls': [], 'media': [{'id': 1585388370724880431, 'id_str': '1585388370724880431', 'indices': [114, 137], 'media_url': 'http://pbs.twimg.com/media/FgBuUswXgC8oQkq.jpg', 'media_url_https': 'https://pbs.twimg.com/media/FgBuUswXgC8oQkq.jpg', 'url': 'https://t.co/ohT5Sk8bQu', 'display_url': 'pic.twitter.com/ohT5Sk8bQu', 'expanded_url': 'https://twitter.com/DrArunArjunan/status/1585388382599155713/photo/1', 'type': 'photo', 'sizes': {'thumb': {'w': 150, 'h': 150, 'resize': 'crop'}, 'small': {'w': 383, 'h': 680, 'resize': 'fit'}, 'large': {'w': 1152, 'h': 2048, 'resize': 'fit'}, 'medium': {'w': 675, 'h': 1200, 'resize': 'fit'}}}]}","<a href=""http://twitter.com/download/android"" rel=""nofollow"">Twitter for Android</a>",,,,,,"{'id': 1304578188614545409, 'id_str': '1304578188614545409', 'name': 'Arun Arjunan', 'screen_name': 'DrArunArjunan', 'location': 'United Kingdom', 'description': 'Director of the Centre for Engineering Innovation and Research\nResearch Group Lead for Additive Manufacturing of Functional Materials (AMFM)\n@wlv_uni', 'url': 'https://t.co/89AXwDln8v', 'entities': {'url': {'urls': [{'url': 'https://t.co/89AXwDln8v', 'expanded_url': 'https://www.wlv.ac.uk/about-us/our-staff/arun-arjunan/', 'display_url': 'wlv.ac.uk/about-us/our-s…', 'indices': [0, 23]}]}, 'description': {'urls': []}}, 'protected': False, 'followers_count': 325, 'friends_count': 351, 'listed_count': 0, 'created_at': 'Sat Sep 12 00:31:27 +0000 2020', 'favourites_count': 1320, 'utc_offset': None, 'time_zone': None, 'geo_enabled': False, 'verified': False, 'statuses_count': 149, 'lang': None, 'contributors_enabled': False, 'is_translator': False, 'is_translation_enabled': False, 'profile_background_color': 'F5F8FA', 'profile_background_image_url': None, 'profile_background_image_url_https': None, 'profile_background_tile': False, 'profile_image_url': 'http://pbs.twimg.com/profile_images/1304818841743224832/niUxYMT__normal.jpg', 'profile_image_url_https': 'https://pbs.twimg.com/profile_images/1304818841743224832/niUxYMT__normal.jpg', 'profile_banner_url': 'https://pbs.twimg.com/profile_banners/1304578188614545409/1606619027', 'profile_link_color': '1DA1F2', 'profile_sidebar_border_color': 'C0DEED', 'profile_sidebar_fill_color': 'DDEEF6', 'profile_text_color': '333333', 'profile_use_background_image': True, 'has_extended_profile': True, 'default_profile': True, 'default_profile_image': False, 'following': False, 'follow_request_sent': False, 'notifications': False, 'translator_type': 'none', 'withheld_in_countries': []}",,,,,False,,,,0,4,False,False,False,en,"[{'text': 'Classof2022', 'indices': [75, 87]}]",[],"[{'screen_name': 'wlv_uni', 'name': 'University of Wolverhampton', 'id': 40088191, 'id_str': '40088191', 'indices': [90, 98]}, {'screen_name': 'EstiaOfficiel', 'name': 'ESTIA', 'id': 1896518850, 'id_str': '1896518850', 'indices': [99, 113]}]",[],1,0,2,0,1304578188614545409
80179442,human,Tue Aug 04 10:18:45 +0000 2020,1290593008069599233,1290593008069599233,Done the recorded 30 min power walks 18 classes too often. Assume subscription up big time. Confused &amp; wondering wh… https://t.co/lDmLYO4n0H,True,"{'hashtags': [], 'symbols': [], 'user_mentions': [], 'urls': [{'url': 'https://t.co/lDmLYO4n0H', 'expanded_url': 'https://twitter.com/i/web/status/1290593008069599233', 'display_url': 'twitter.com/i/web/status/1…', 'indices': [121, 144]}]}","<a href=""http://twitter.com/download/iphone"" rel=""nofollow"">Twitter for iPhone</a>",,,,,,"{'id': 80179442, 'id_str': '80179442', 'name': 'Plank', 'screen_name': 'PlankMats', 'location': 'Boston, MA, USA', 'description': 'Plank’s tech infused mats + Anatomical Intelligence™ system make your feet & hands stronger, so Warriors are bolder, runs faster & joint impact weightless...', 'url': 'https://t.co/r2P0h2Da1O', 'entities': {'url': {'urls': [{'url': 'https://t.co/r2P0h2Da1O', 'expanded_url': 'http://www.plankdesigns.com', 'display_url': 'plankdesigns.com', 'indices': [0, 23]}]}, 'description': {'urls': []}}, 'protected': False, 'followers_count': 1781, 'friends_count': 3131, 'listed_count': 85, 'created_at': 'Tue Oct 06 01:22:04 +0000 2009', 'favourites_count': 2482, 'utc_offset': None, 'time_zone': None, 'geo_enabled': True, 'verified': False, 'statuses_count': 9828, 'lang': None, 'contributors_enabled': False, 'is_translator': False, 'is_translation_enabled': False, 'profile_background_color': '878B85', 'profile_background_image_url': 'http://abs.twimg.com/images/themes/theme2/bg.gif', 'profile_background_image_url_https': 'https://abs.twimg.com/images/themes/theme2/bg.gif', 'profile_background_tile': True, 'profile_image_url': 'http://pbs.twimg.com/profile_images/981580602871820288/3j-LhJda_normal.jpg', 'profile_image_url_https': 'https://pbs.twimg.com/profile_images/981580602871820288/3j-LhJda_normal.jpg', 'profile_banner_url': 'https://pbs.twimg.com/profile_banners/80179442/1410123940', 'profile_link_color': '1F98C7', 'profile_sidebar_border_color': 'C6E2EE', 'profile_sidebar_fill_color': 'DAECF4', 'profile_text_color': '663B12', 'profile_use_background_image': True, 'has_extended_profile': False, 'default_profile': False, 'default_profile_image': False, 'following': False, 'follow_request_sent': False, 'notifications': False, 'translator_type': 'none', 'withheld_in_countries': []}",,,,,False,,,,0,1,False,False,,en,[],[],[],"[{'url': 'https://t.co/lDmLYO4n0H', 'expanded_url': 'https://twitter.com/i/web/status/1290593008069599233', 'display_url': 'twitter.com/i/web/status/1…', 'indices': [121, 144]}]",0,0,0,1,80179442
1340683845935509504,bot,Tue Oct 25 05:31:31 +0000 2022,1584779670780006400,1584779670780006400,"The world should know that the protests in Iran are not happening because of sanctions, they exist for a far more i… https://t.co/U2LL7voqtc",True,"{'hashtags': [], 'symbols': [], 'user_mentions': [], 'urls': [{'url': 'https://t.co/U2LL7voqtc', 'expanded_url': 'https://twitter.com/i/web/status/1584779670780006400', 'display_url': 'twitter.com/i/web/status/1…', 'indices': [117, 140]}]}","<a href=""http://twitter.com/download/iphone"" rel=""nofollow"">Twitter for iPhone</a>",,,,,,"{'id': 1340683845935509504, 'id_str': '1340683845935509504', 'name': 'Pantea', 'screen_name': 'PanteaaN', 'location': 'Toronto, Ontario', 'description': '', 'url': None, 'entities': {'description': {'urls': []}}, 'protected': False, 'followers_count': 265, 'friends_count': 129, 'listed_count': 1, 'created_at': 'Sun Dec 20 15:42:00 +0000 2020', 'favourites_count': 2480, 'utc_offset': None, 'time_zone': None, 'geo_enabled': False, 'verified': False, 'statuses_count': 770, 'lang': None, 'contributors_enabled': False, 'is_translator': False, 'is_translation_enabled': False, 'profile_background_color': 'F5F8FA', 'profile_background_image_url': None, 'profile_background_image_url_https': None, 'profile_background_tile': False, 'profile_image_url': 'http://pbs.twimg.com/profile_images/1573163200165584896/n-mIwTjI_normal.jpg', 'profile_image_url_https': 'https://pbs.twimg.com/profile_images/1573163200165584896/n-mIwTjI_normal.jpg', 'profile_link_color': '1DA1F2', 'profile_sidebar_border_color': 'C0DEED', 'profile_sidebar_fill_color': 'DDEEF6', 'profile_text_color': '333333', 'profile_use_background_image': True, 'has_extended_profile': False, 'default_profile': True, 'default_profile_image': False, 'following': False, 'follow_request_sent': False, 'notifications': False, 'translator_type': 'none', 'withheld_in_countries': []}",,,,,True,1.584496865021612e+18,1.584496865021612e+18,"{'created_at': 'Mon Oct 24 10:47:45 +0000 2022', 'id': 1584496865021612032, 'id_str': '1584496865021612032', 'text': '#نایاک در کره\u200cجنوبی\nشنبه ۲۳ اکتبر پروفسور پارک هیاندو در شبکه KBS1 بعد از صحبت درباره اعتراضات ایرانیان علیه حکومت… https://t.co/bxeOFvaxc3', 'truncated': True, 'entities': {'hashtags': [{'text': 'نایاک', 'indices': [0, 6]}], 'symbols': [], 'user_mentions': [], 'urls': [{'url': 'https://t.co/bxeOFvaxc3', 'expanded_url': 'https://twitter.com/i/web/status/1584496865021612032', 'display_url': 'twitter.com/i/web/status/1…', 'indices': [116, 139]}]}, 'source': '<a href=""http://twitter.com/download/iphone"" rel=""nofollow"">Twitter for iPhone</a>', 'in_reply_to_status_id': None, 'in_reply_to_status_id_str': None, 'in_reply_to_user_id': None, 'in_reply_to_user_id_str': None, 'in_reply_to_screen_name': None, 'user': {'id': 846391691565260800, 'id_str': '846391691565260800', 'name': 'آی\u200cسا\u200c\u200c', 'screen_name': 'aisawthemoon', 'location': 'Seoul, Republic of Korea', 'description': 'KAIST MBA . 2021 GKS Scholar #MahsaAmini', 'url': None, 'entities': {'description': {'urls': []}}, 'protected': False, 'followers_count': 2168, 'friends_count': 165, 'listed_count': 5, 'created_at': 'Mon Mar 27 16:01:19 +0000 2017', 'favourites_count': 22102, 'utc_offset': None, 'time_zone': None, 'geo_enabled': False, 'verified': False, 'statuses_count': 19433, 'lang': None, 'contributors_enabled': False, 'is_translator': False, 'is_translation_enabled': False, 'profile_background_color': 'F5F8FA', 'profile_background_image_url': None, 'profile_background_image_url_https': None, 'profile_background_tile': False, 'profile_image_url': 'http://pbs.twimg.com/profile_images/1569734724968665092/vt2pPGN1_normal.jpg', 'profile_image_url_https': 'https://pbs.twimg.com/profile_images/1569734724968665092/vt2pPGN1_normal.jpg', 'profile_banner_url': 'https://pbs.twimg.com/profile_banners/846391691565260800/1653408644', 'profile_link_color': '1DA1F2', 'profile_sidebar_border_color': 'C0DEED', 'profile_sidebar_fill_color': 'DDEEF6', 'profile_text_color': '333333', 'profile_use_background_image': True, 'has_extended_profile': True, 'default_profile': True, 'default_profile_image': False, 'following': False, 'follow_request_sent': False, 'notifications': False, 'translator_type': 'none', 'withheld_in_countries': []}, 'geo': None, 'coordinates': None, 'place': None, 'contributors': None, 'is_quote_status': False, 'retweet_count': 881, 'favorite_count': 1813, 'favorited': False, 'retweeted': False, 'possibly_sensitive': False, 'lang': 'fa'}",11,20,False,False,False,en,[],[],[],"[{'url': 'https://t.co/U2LL7voqtc', 'expanded_url': 'https://twitter.com/i/web/status/1584779670780006400', 'display_url': 'twitter.com/i/web/status/1…', 'indices': [117, 140]}]",0,0,0,1,1340683845935509504
1254467707992510468,bot,Thu Jul 28 16:04:19 +0000 2022,1552686399932989442,1552686399932989442,@HeatwaveCA People select the best comments and you choose! similar to the idea of cut &amp; choose in dividing cake!,False,"{'hashtags': [], 'symbols': [], 'user_mentions': [{'screen_name': 'HeatwaveCA', 'name': 'Michael Lancaster', 'id': 948276761954938880, 'id_str': '948276761954938880', 'indices': [0, 11]}], 'urls': []}","<a href=""https://mobile.twitter.com"" rel=""nofollow"">Twitter Web App</a>",1.5499516524965478e+18,1.5499516524965478e+18,9.482767619549388e+17,9.482767619549389e+17,HeatwaveCA,"{'id': 1254467707992510468, 'id_str': '1254467707992510468', 'name': 'Al', 'screen_name': 'Fxz_7856', 'location': '', 'description': '', 'url': None, 'entities': {'description': {'urls': []}}, 'protected': False, 'followers_count': 0, 'friends_count': 196, 'listed_count': 0, 'created_at': 'Sun Apr 26 17:49:59 +0000 2020', 'favourites_count': 2, 'utc_offset': None, 'time_zone': None, 'geo_enabled': False, 'verified': False, 'statuses_count': 4, 'lang': None, 'contributors_enabled': False, 'is_translator': False, 'is_translation_enabled': False, 'profile_background_color': 'F5F8FA', 'profile_background_image_url': None, 'profile_background_image_url_https': None, 'profile_background_tile': False, 'profile_image_url': 'http://pbs.twimg.com/profile_images/1468576758949720067/eYOic4_o_normal.jpg', 'profile_image_url_https': 'https://pbs.twimg.com/profile_images/1468576758949720067/eYOic4_o_normal.jpg', 'profile_banner_url': 'https://pbs.twimg.com/profile_banners/1254467707992510468/1630495952', 'profile_link_color': '1DA1F2', 'profile_sidebar_border_color': 'C0DEED', 'profile_sidebar_fill_color': 'DDEEF6', 'profile_text_color': '333333', 'profile_use_background_image': True, 'has_extended_profile': False, 'default_profile': True, 'default_profile_image': False, 'following': False, 'follow_request_sent': False, 'notifications': False, 'translator_type': 'none', 'withheld_in_countries': []}",,,,,False,,,,0,0,False,False,,en,[],[],"[{'screen_name': 'HeatwaveCA', 'name': 'Michael Lancaster', 'id': 948276761954938880, 'id_str': '948276761954938880', 'indices': [0, 11]}]",[],0,0,1,0,1254467707992510468
1375112149157216258,bot,Wed Nov 02 17:40:30 +0000 2022,1587862225359966213,1587862225359966213,"لا يتعافىٰ المرء أصلاً ..!

التعافي كله بسماع ""سلامٌ عليكم طبْتم فادخلوها خالدين ""  

تمام التعافي في أول غمسة في ا… https://t.co/JgFoMQ9P4e",True,"{'hashtags': [], 'symbols': [], 'user_mentions': [], 'urls': [{'url': 'https://t.co/JgFoMQ9P4e', 'expanded_url': 'https://twitter.com/i/web/status/1587862225359966213', 'display_url': 'twitter.com/i/web/status/1…', 'indices': [117, 140]}]}","<a href=""http://twitter.com/download/android"" rel=""nofollow"">Twitter for Android</a>",,,,,,"{'id': 1375112149157216258, 'id_str': '1375112149157216258', 'name': 'Nada Abd Alrhman', 'screen_name': 'NadaAbdAlrhman3', 'location': '', 'description': 'ضَاحِكَةٌ مُسْتَبْشِرَةٌ 🖤', 'url': None, 'entities': {'description': {'urls': []}}, 'protected': False, 'followers_count': 82, 'friends_count': 3441, 'listed_count': 5, 'created_at': 'Thu Mar 25 15:48:41 +0000 2021', 'favourites_count': 6, 'utc_offset': None, 'time_zone': None, 'geo_enabled': False, 'verified': False, 'statuses_count': 55, 'lang': None, 'contributors_enabled': False, 'is_translator': False, 'is_translation_enabled': False, 'profile_background_color': 'F5F8FA', 'profile_background_image_url': None, 'profile_background_image_url_https': None, 'profile_background_tile': False, 'profile_image_url': 'http://pbs.twimg.com/profile_images/1575724627225083904/vO5XlvBI_normal.jpg', 'profile_image_url_https': 'https://pbs.twimg.com/profile_images/1575724627225083904/vO5XlvBI_normal.jpg', 'profile_banner_url': 'https://pbs.twimg.com/profile_banners/1375112149157216258/1664528957', 'profile_link_color': '1DA1F2', 'profile_sidebar_border_color': 'C0DEED', 'profile_sidebar_fill_color': 'DDEEF6', 'profile_text_color': '333333', 'profile_use_background_image': True, 'has_extended_profile': True, 'default_profile': True, 'default_profile_image': False, 'following': False, 'follow_request_sent': False, 'notifications': False, 'translator_type': 'none', 'withheld_in_countries': []}",,,,,False,,,,0,0,False,False,,ar,[],[],[],"[{'url': 'https://t.co/JgFoMQ9P4e', 'expanded_url': 'https://twitter.com/i/web/status/1587862225359966213', 'display_url': 'twitter.com/i/web/status/1…', 'indices': [117, 140]}]",0,0,0,1,1375112149157216258
1271447460,human,Thu Nov 10 03:00:03 +0000 2022,1590539757423136768,1590539757423136768,2 people unfollowed me // automatically checked by https://t.co/X3XL4fsUZj,False,"{'hashtags': [], 'symbols': [], 'user_mentions': [], 'urls': [{'url': 'https://t.co/X3XL4fsUZj', 'expanded_url': 'http://fllwrs.com', 'display_url': 'fllwrs.com', 'indices': [51, 74]}]}","<a href=""http://fllwrs.com"" rel=""nofollow"">fllwrs</a>",,,,,,"{'id': 1271447460, 'id_str': '1271447460', 'name': 'Bert', 'screen_name': 'Bamigbolaalbert', 'location': 'In His presence', 'description': 'MD||Programmer||Computational linguist||Founder||Prospective Biomedical engineer||A Child of God', 'url': None, 'entities': {'description': {'urls': []}}, 'protected': False, 'followers_count': 216, 'friends_count': 640, 'listed_count': 3, 'created_at': 'Sat Mar 16 05:13:17 +0000 2013', 'favourites_count': 944, 'utc_offset': None, 'time_zone': None, 'geo_enabled': False, 'verified': False, 'statuses_count': 1080, 'lang': None, 'contributors_enabled': False, 'is_translator': False, 'is_translation_enabled': False, 'profile_background_color': 'C0DEED', 'profile_background_image_url': 'http://abs.twimg.com/images/themes/theme1/bg.png', 'profile_background_image_url_https': 'https://abs.twimg.com/images/themes/theme1/bg.png', 'profile_background_tile': False, 'profile_image_url': 'http://pbs.twimg.com/profile_images/1433460994794303488/bcMtTI5J_normal.jpg', 'profile_image_url_https': 'https://pbs.twimg.com/profile_images/1433460994794303488/bcMtTI5J_normal.jpg', 'profile_link_color': '1DA1F2', 'profile_sidebar_border_color': 'C0DEED', 'profile_sidebar_fill_color': 'DDEEF6', 'profile_text_color': '333333', 'profile_use_background_image': True, 'has_extended_profile': True, 'default_profile': True, 'default_profile_image': False, 'following': False, 'follow_request_sent': False, 'notifications': False, 'translator_type': 'none', 'withheld_in_countries': []}",,,,,False,,,,0,0,False,False,False,en,[],[],[],"[{'url': 'https://t.co/X3XL4fsUZj', 'expanded_url': 'http://fllwrs.com', 'display_url': 'fllwrs.com', 'indices': [51, 74]}]",0,0,0,1,1271447460
1240338965674233857,bot,Fri Nov 11 14:59:22 +0000 2022,1591083167967944704,1591083167967944704,@Sifisov1 😏😏😏,False,"{'hashtags': [], 'symbols': [], 'user_mentions': [{'screen_name': 'Sifisov1', 'name': 'Sifiso Mabaso 5 August', 'id': 1588372748, 'id_str': '1588372748', 'indices': [0, 9]}], 'urls': []}","<a href=""http://twitter.com/download/iphone"" rel=""nofollow"">Twitter for iPhone</a>",1.591077431221551e+18,1.591077431221551e+18,1588372748.0,1588372748.0,Sifisov1,"{'id': 1240338965674233857, 'id_str': '1240338965674233857', 'name': 'Caroline', 'screen_name': 'Carolinerathabe', 'location': ' Monneng ', 'description': 'IG https://t.co/QON6U0yQNL backup acc @Mboweni_ZA', 'url': None, 'entities': {'description': {'urls': [{'url': 'https://t.co/QON6U0yQNL', 'expanded_url': 'https://www.instagram.com/carolinerathabe', 'display_url': 'instagram.com/carolinerathabe', 'indices': [3, 26]}]}}, 'protected': False, 'followers_count': 347946, 'friends_count': 48238, 'listed_count': 48, 'created_at': 'Wed Mar 18 18:07:29 +0000 2020', 'favourites_count': 178233, 'utc_offset': None, 'time_zone': None, 'geo_enabled': False, 'verified': False, 'statuses_count': 254826, 'lang': None, 'contributors_enabled': False, 'is_translator': False, 'is_translation_enabled': False, 'profile_background_color': 'F5F8FA', 'profile_background_image_url': None, 'profile_background_image_url_https': None, 'profile_background_tile': False, 'profile_image_url': 'http://pbs.twimg.com/profile_images/1445122671310688257/BiFI4ny8_normal.jpg', 'profile_image_url_https': 'https://pbs.twimg.com/profile_images/1445122671310688257/BiFI4ny8_normal.jpg', 'profile_banner_url': 'https://pbs.twimg.com/profile_banners/1240338965674233857/1620833155', 'profile_link_color': '1DA1F2', 'profile_sidebar_border_color': 'C0DEED', 'profile_sidebar_fill_color': 'DDEEF6', 'profile_text_color': '333333', 'profile_use_background_image': True, 'has_extended_profile': True, 'default_profile': True, 'default_profile_image': False, 'following': False, 'follow_request_sent': False, 'notifications': False, 'translator_type': 'none', 'withheld_in_countries': []}",,,,,False,,,,0,0,False,False,,und,[],[],"[{'screen_name': 'Sifisov1', 'name': 'Sifiso Mabaso 5 August', 'id': 1588372748, 'id_str': '1588372748', 'indices': [0, 9]}]",[],0,0,1,0,1240338965674233857
1440863493062725635,human,Mon Dec 13 20:07:15 +0000 2021,1470485489337745412,1470485489337745412,@Chicago1Ray Nice hand work 👌 👏 👍,False,"{'hashtags': [], 'symbols': [], 'user_mentions': [{'screen_name': 'Chicago1Ray', 'name': 'Chicago1Ray 🇺🇸', 'id': 817158775610179584, 'id_str': '817158775610179584', 'indices': [0, 12]}], 'urls': []}","<a href=""https://mobile.twitter.com"" rel=""nofollow"">Twitter Web App</a>",1.470195016811307e+18,1.470195016811307e+18,8.171587756101796e+17,8.171587756101796e+17,Chicago1Ray,"{'id': 1440863493062725635, 'id_str': '1440863493062725635', 'name': 'Virginia ava', 'screen_name': 'virginiaava2', 'location': '', 'description': ""Single livinglager nevertheless love peaceful and honest matters if I don't know you don't send DMS..will get immediately block"", 'url': None, 'entities': {'description': {'urls': []}}, 'protected': False, 'followers_count': 162, 'friends_count': 720, 'listed_count': 0, 'created_at': 'Thu Sep 23 02:20:14 +0000 2021', 'favourites_count': 470, 'utc_offset': None, 'time_zone': None, 'geo_enabled': False, 'verified': False, 'statuses_count': 29, 'lang': None, 'contributors_enabled': False, 'is_translator': False, 'is_translation_enabled': False, 'profile_background_color': 'F5F8FA', 'profile_background_image_url': None, 'profile_background_image_url_https': None, 'profile_background_tile': False, 'profile_image_url': 'http://pbs.twimg.com/profile_images/1440866788170997762/YtxzR3wc_normal.jpg', 'profile_image_url_https': 'https://pbs.twimg.com/profile_images/1440866788170997762/YtxzR3wc_normal.jpg', 'profile_banner_url': 'https://pbs.twimg.com/profile_banners/1440863493062725635/1632364469', 'profile_link_color': '1DA1F2', 'profile_sidebar_border_color': 'C0DEED', 'profile_sidebar_fill_color': 'DDEEF6', 'profile_text_color': '333333', 'profile_use_background_image': True, 'has_extended_profile': True, 'default_profile': True, 'default_profile_image': False, 'following': False, 'follow_request_sent': False, 'notifications': False, 'translator_type': 'none', 'withheld_in_countries': []}",,,,,False,,,,0,1,False,False,,en,[],[],"[{'screen_name': 'Chicago1Ray', 'name': 'Chicago1Ray 🇺🇸', 'id': 817158775610179584, 'id_str': '817158775610179584', 'indices': [0, 12]}]",[],0,0,1,0,1440863493062725635
853411771184500737,bot,Thu Apr 30 14:58:22 +0000 2020,1255874139619033092,1255874139619033092,"Great event #CelosphereLive hosted by our partner @Celonis is offering interesting live sessions on new features, f… https://t.co/lQLkD46MJV",True,"{'hashtags': [{'text': 'CelosphereLive', 'indices': [12, 27]}], 'symbols': [], 'user_mentions': [{'screen_name': 'Celonis', 'name': 'Celonis', 'id': 1259116016, 'id_str': '1259116016', 'indices': [50, 58]}], 'urls': [{'url': 'https://t.co/lQLkD46MJV', 'expanded_url': 'https://twitter.com/i/web/status/1255874139619033092', 'display_url': 'twitter.com/i/web/status/1…', 'indices': [117, 140]}]}","<a href=""http://twitter.com/download/android"" rel=""nofollow"">Twitter for Android</a>",,,,,,"{'id': 853411771184500737, 'id_str': '853411771184500737', 'name': 'Mario Destradi', 'screen_name': 'MarioDestradi', 'location': 'Cologne, Germany', 'description': '#SAP Consultant BI & #Analytics | #Innovations Enthusiast |\n@SAPPress Author | #S4HANA | #ProcessMining | #AI | #IoT | #Blockchain | #BigData | #DataScience', 'url': None, 'entities': {'description': {'urls': []}}, 'protected': False, 'followers_count': 1281, 'friends_count': 1651, 'listed_count': 41, 'created_at': 'Sun Apr 16 00:56:36 +0000 2017', 'favourites_count': 4485, 'utc_offset': None, 'time_zone': None, 'geo_enabled': False, 'verified': False, 'statuses_count': 430, 'lang': None, 'contributors_enabled': False, 'is_translator': False, 'is_translation_enabled': False, 'profile_background_color': '000000', 'profile_background_image_url': 'http://abs.twimg.com/images/themes/theme1/bg.png', 'profile_background_image_url_https': 'https://abs.twimg.com/images/themes/theme1/bg.png', 'profile_background_tile': False, 'profile_image_url': 'http://pbs.twimg.com/profile_images/854839893041786880/4C0g5yea_normal.jpg', 'profile_image_url_https': 'https://pbs.twimg.com/profile_images/854839893041786880/4C0g5yea_normal.jpg', 'profile_banner_url': 'https://pbs.twimg.com/profile_banners/853411771184500737/1492645321', 'profile_link_color': '1B95E0', 'profile_sidebar_border_color': '000000', 'profile_sidebar_fill_color': '000000', 'profile_text_color': '000000', 'profile_use_background_image': False, 'has_extended_profile': True, 'default_profile': False, 'default_profile_image': False, 'following': False, 'follow_request_sent': False, 'notifications': False, 'translator_type': 'none', 'withheld_in_countries': []}",,,,,False,,,,0,3,False,False,False,en,"[{'text': 'CelosphereLive', 'indices': [12, 27]}]",[],"[{'screen_name': 'Celonis', 'name': 'Celonis', 'id': 1259116016, 'id_str': '1259116016', 'indices': [50, 58]}]","[{'url': 'https://t.co/lQLkD46MJV', 'expanded_url': 'https://twitter.com/i/web/status/1255874139619033092', 'display_url': 'twitter.com/i/web/status/1…', 'indices': [117, 140]}]",1,0,1,1,853411771184500737
90807518,human,Fri Jun 03 12:48:26 +0000 2022,1532705771439460354,1532705771439460354,@Zazu31619717 @xiaoyuonion @sui_luwu Has li shijia been taken of the nt?,False,"{'hashtags': [], 'symbols': [], 'user_mentions': [{'screen_name': 'Zazu31619717', 'name': 'Zazu', 'id': 1197677444112760832, 'id_str': '1197677444112760832', 'indices': [0, 13]}, {'screen_name': 'xiaoyuonion', 'name': 'Xiaoyu', 'id': 778963669765894144, 'id_str': '778963669765894144', 'indices': [14, 26]}, {'screen_name': 'sui_luwu', 'name': '支持中国体操 SLW', 'id': 1106723469784276993, 'id_str': '1106723469784276993', 'indices': [27, 36]}], 'urls': []}","<a href=""https://mobile.twitter.com"" rel=""nofollow"">Twitter Web App</a>",1.5325599749158748e+18,1.5325599749158748e+18,1.1976774441127608e+18,1.1976774441127608e+18,Zazu31619717,"{'id': 90807518, 'id_str': '90807518', 'name': 'Jasmine Brian-Boys', 'screen_name': 'Jasmib', 'location': '', 'description': '', 'url': None, 'entities': {'description': {'urls': []}}, 'protected': False, 'followers_count': 3, 'friends_count': 14, 'listed_count': 0, 'created_at': 'Wed Nov 18 05:18:06 +0000 2009', 'favourites_count': 0, 'utc_offset': None, 'time_zone': None, 'geo_enabled': False, 'verified': False, 'statuses_count': 2, 'lang': None, 'contributors_enabled': False, 'is_translator': False, 'is_translation_enabled': False, 'profile_background_color': 'C0DEED', 'profile_background_image_url': 'http://abs.twimg.com/images/themes/theme1/bg.png', 'profile_background_image_url_https': 'https://abs.twimg.com/images/themes/theme1/bg.png', 'profile_background_tile': False, 'profile_image_url': 'http://abs.twimg.com/sticky/default_profile_images/default_profile_normal.png', 'profile_image_url_https': 'https://abs.twimg.com/sticky/default_profile_images/default_profile_normal.png', 'profile_link_color': '1DA1F2', 'profile_sidebar_border_color': 'C0DEED', 'profile_sidebar_fill_color': 'DDEEF6', 'profile_text_color': '333333', 'profile_use_background_image': True, 'has_extended_profile': False, 'default_profile': True, 'default_profile_image': True, 'following': False, 'follow_request_sent': False, 'notifications': False, 'translator_type': 'none', 'withheld_in_countries': []}",,,,,False,,,,0,0,False,False,,en,[],[],"[{'screen_name': 'Zazu31619717', 'name': 'Zazu', 'id': 1197677444112760832, 'id_str': '1197677444112760832', 'indices': [0, 13]}, {'screen_name': 'xiaoyuonion', 'name': 'Xiaoyu', 'id': 778963669765894144, 'id_str': '778963669765894144', 'indices': [14, 26]}, {'screen_name': 'sui_luwu', 'name': '支持中国体操 SLW', 'id': 1106723469784276993, 'id_str': '1106723469784276993', 'indices': [27, 36]}]",[],0,0,3,0,90807518
767892066,human,Thu Nov 10 19:49:04 +0000 2022,1590793683947122688,1590793683947122688,@AnnaPloszajski Gorgeous!!!!,False,"{'hashtags': [], 'symbols': [], 'user_mentions': [{'screen_name': 'AnnaPloszajski', 'name': 'Dr Anna Ploszajski', 'id': 377299355, 'id_str': '377299355', 'indices': [0, 15]}], 'urls': []}","<a href=""http://twitter.com/download/android"" rel=""nofollow"">Twitter for Android</a>",1.5907828255777096e+18,1.5907828255777096e+18,377299355.0,377299355.0,AnnaPloszajski,"{'id': 767892066, 'id_str': '767892066', 'name': 'Roma Agrawal 🔩', 'screen_name': 'RomaTheEngineer', 'location': 'London', 'description': 'Mega Badass Engineer.\nAuthor. Speaker. Presenter.\nIVF mama.\nBUILT (18) How Was That Built? (21) Nuts & Bolts (23)\n@BuildingStPod\nhttps://t.co/0h6wHw5TRC', 'url': 'https://t.co/e8qB7D7tAA', 'entities': {'url': {'urls': [{'url': 'https://t.co/e8qB7D7tAA', 'expanded_url': 'http://www.romatheengineer.com', 'display_url': 'romatheengineer.com', 'indices': [0, 23]}]}, 'description': {'urls': [{'url': 'https://t.co/0h6wHw5TRC', 'expanded_url': 'http://uk.bookshop.org/shop/RTE', 'display_url': 'uk.bookshop.org/shop/RTE', 'indices': [129, 152]}]}}, 'protected': False, 'followers_count': 16846, 'friends_count': 553, 'listed_count': 306, 'created_at': 'Sun Aug 19 17:08:35 +0000 2012', 'favourites_count': 10972, 'utc_offset': None, 'time_zone': None, 'geo_enabled': False, 'verified': True, 'statuses_count': 9588, 'lang': None, 'contributors_enabled': False, 'is_translator': False, 'is_translation_enabled': False, 'profile_background_color': '1A1B1F', 'profile_background_image_url': 'http://abs.twimg.com/images/themes/theme9/bg.gif', 'profile_background_image_url_https': 'https://abs.twimg.com/images/themes/theme9/bg.gif', 'profile_background_tile': False, 'profile_image_url': 'http://pbs.twimg.com/profile_images/1540963683844722688/sRH0WQUa_normal.jpg', 'profile_image_url_https': 'https://pbs.twimg.com/profile_images/1540963683844722688/sRH0WQUa_normal.jpg', 'profile_banner_url': 'https://pbs.twimg.com/profile_banners/767892066/1629148120', 'profile_link_color': '9266CC', 'profile_sidebar_border_color': '181A1E', 'profile_sidebar_fill_color': '252429', 'profile_text_color': '666666', 'profile_use_background_image': False, 'has_extended_profile': False, 'default_profile': False, 'default_profile_image': False, 'following': False, 'follow_request_sent': False, 'notifications': False, 'translator_type': 'none', 'withheld_in_countries': []}",,,,,False,,,,0,0,False,False,,en,[],[],"[{'screen_name': 'AnnaPloszajski', 'name': 'Dr Anna Ploszajski', 'id': 377299355, 'id_str': '377299355', 'indices': [0, 15]}]",[],0,0,1,0,767892066
1397114203601657857,human,Fri Nov 11 10:30:38 +0000 2022,1591015535789080577,1591015535789080577,(4/4) Tweet from an author 👇 https://t.co/yWFIUzTJWe,False,"{'hashtags': [], 'symbols': [], 'user_mentions': [], 'urls': [{'url': 'https://t.co/yWFIUzTJWe', 'expanded_url': 'https://twitter.com/979759110395641856/status/1590511872692092929', 'display_url': 'twitter.com/97975911039564…', 'indices': [29, 52]}]}","<a href=""https://labml.ai"" rel=""nofollow"">Daily AI Papers</a>",1.5910155351013212e+18,1.5910155351013212e+18,1.397114203601658e+18,1.3971142036016579e+18,papers_daily,"{'id': 1397114203601657857, 'id_str': '1397114203601657857', 'name': 'Daily AI Papers', 'screen_name': 'papers_daily', 'location': '', 'description': 'Tweets popular AI papers; by @labmlai\n\nChrome extension https://t.co/SyfujSq5df', 'url': 'https://t.co/ziV2dUWz0n', 'entities': {'url': {'urls': [{'url': 'https://t.co/ziV2dUWz0n', 'expanded_url': 'https://ai.papers.bar', 'display_url': 'ai.papers.bar', 'indices': [0, 23]}]}, 'description': {'urls': [{'url': 'https://t.co/SyfujSq5df', 'expanded_url': 'https://chrome.google.com/webstore/detail/paperslabmlai/agkeoekbbkpokfbpmmminnombikadbhb', 'display_url': 'chrome.google.com/webstore/detai…', 'indices': [56, 79]}]}}, 'protected': False, 'followers_count': 6525, 'friends_count': 2, 'listed_count': 104, 'created_at': 'Tue May 25 08:56:03 +0000 2021', 'favourites_count': 99, 'utc_offset': None, 'time_zone': None, 'geo_enabled': False, 'verified': False, 'statuses_count': 1530, 'lang': None, 'contributors_enabled': False, 'is_translator': False, 'is_translation_enabled': False, 'profile_background_color': 'F5F8FA', 'profile_background_image_url': None, 'profile_background_image_url_https': None, 'profile_background_tile': False, 'profile_image_url': 'http://pbs.twimg.com/profile_images/1397117048631664647/TdwSD7_s_normal.jpg', 'profile_image_url_https': 'https://pbs.twimg.com/profile_images/1397117048631664647/TdwSD7_s_normal.jpg', 'profile_link_color': '1DA1F2', 'profile_sidebar_border_color': 'C0DEED', 'profile_sidebar_fill_color': 'DDEEF6', 'profile_text_color': '333333', 'profile_use_background_image': True, 'has_extended_profile': True, 'default_profile': True, 'default_profile_image': False, 'following': False, 'follow_request_sent': False, 'notifications': False, 'translator_type': 'none', 'withheld_in_countries': []}",,,,,True,1.590511872692093e+18,1.590511872692093e+18,"{'created_at': 'Thu Nov 10 01:09:15 +0000 2022', 'id': 1590511872692092929, 'id_str': '1590511872692092929', 'text': 'Happy to share our latest work (w/ @tagasovska, @stephenrra, @kchonyc, @jkpritch and Aviv Regev) about learning cau… https://t.co/uHGTO2QVUJ', 'truncated': True, 'entities': {'hashtags': [], 'symbols': [], 'user_mentions': [{'screen_name': 'tagasovska', 'name': 'Natasa Tagasovska', 'id': 1581916797544153089, 'id_str': '1581916797544153089', 'indices': [35, 46]}, {'screen_name': 'stephenrra', 'name': 'Stephen Ra', 'id': 2852096037, 'id_str': '2852096037', 'indices': [48, 59]}, {'screen_name': 'kchonyc', 'name': 'Kyunghyun Cho', 'id': 48642190, 'id_str': '48642190', 'indices': [61, 69]}, {'screen_name': 'jkpritch', 'name': 'Jonathan Pritchard', 'id': 562817107, 'id_str': '562817107', 'indices': [71, 80]}], 'urls': [{'url': 'https://t.co/uHGTO2QVUJ', 'expanded_url': 'https://twitter.com/i/web/status/1590511872692092929', 'display_url': 'twitter.com/i/web/status/1…', 'indices': [117, 140]}]}, 'source': '<a href=""https://mobile.twitter.com"" rel=""nofollow"">Twitter Web App</a>', 'in_reply_to_status_id': None, 'in_reply_to_status_id_str': None, 'in_reply_to_user_id': None, 'in_reply_to_user_id_str': None, 'in_reply_to_screen_name': None, 'user': {'id': 979759110395641856, 'id_str': '979759110395641856', 'name': 'Romain Lopez', 'screen_name': '_romain_lopez_', 'location': 'San Francisco, CA', 'description': 'Postdoctoral Scholar @ Genentech & Stanford Genetics. Machine Learning in Biology.', 'url': 'https://t.co/w5j12tebh9', 'entities': {'url': {'urls': [{'url': 'https://t.co/w5j12tebh9', 'expanded_url': 'https://romain-lopez.github.io/', 'display_url': 'romain-lopez.github.io', 'indices': [0, 23]}]}, 'description': {'urls': []}}, 'protected': False, 'followers_count': 907, 'friends_count': 193, 'listed_count': 14, 'created_at': 'Fri Mar 30 16:35:49 +0000 2018', 'favourites_count': 95, 'utc_offset': None, 'time_zone': None, 'geo_enabled': False, 'verified': False, 'statuses_count': 179, 'lang': None, 'contributors_enabled': False, 'is_translator': False, 'is_translation_enabled': False, 'profile_background_color': 'F5F8FA', 'profile_background_image_url': None, 'profile_background_image_url_https': None, 'profile_background_tile': False, 'profile_image_url': 'http://pbs.twimg.com/profile_images/1410458666440937476/aI1zvQmB_normal.jpg', 'profile_image_url_https': 'https://pbs.twimg.com/profile_images/1410458666440937476/aI1zvQmB_normal.jpg', 'profile_banner_url': 'https://pbs.twimg.com/profile_banners/979759110395641856/1559762475', 'profile_link_color': '1DA1F2', 'profile_sidebar_border_color': 'C0DEED', 'profile_sidebar_fill_color': 'DDEEF6', 'profile_text_color': '333333', 'profile_use_background_image': True, 'has_extended_profile': False, 'default_profile': True, 'default_profile_image': False, 'following': False, 'follow_request_sent': False, 'notifications': False, 'translator_type': 'none', 'withheld_in_countries': []}, 'geo': None, 'coordinates': None, 'place': None, 'contributors': None, 'is_quote_status': False, 'retweet_count': 60, 'favorite_count': 292, 'favorited': False, 'retweeted': False, 'possibly_sensitive': False, 'lang': 'en'}",0,0,False,False,False,en,[],[],[],"[{'url': 'https://t.co/yWFIUzTJWe', 'expanded_url': 'https://twitter.com/979759110395641856/status/1590511872692092929', 'display_url': 'twitter.com/97975911039564…', 'indices': [29, 52]}]",0,0,0,1,1397114203601657857
2383249662,human,Wed Oct 05 06:44:36 +0000 2022,1577550302450192384,1577550302450192384,@TheVijayMallya Happy Dusshera,False,"{'hashtags': [], 'symbols': [], 'user_mentions': [{'screen_name': 'TheVijayMallya', 'name': 'Vijay Mallya', 'id': 128155589, 'id_str': '128155589', 'indices': [0, 15]}], 'urls': []}","<a href=""http://twitter.com/download/android"" rel=""nofollow"">Twitter for Android</a>",1.577511790770004e+18,1.577511790770004e+18,128155589.0,128155589.0,TheVijayMallya,"{'id': 2383249662, 'id_str': '2383249662', 'name': 'RAKESH GOWDA', 'screen_name': 'RckGowda', 'location': '', 'description': '', 'url': None, 'entities': {'description': {'urls': []}}, 'protected': False, 'followers_count': 40, 'friends_count': 226, 'listed_count': 0, 'created_at': 'Tue Mar 11 06:08:20 +0000 2014', 'favourites_count': 20, 'utc_offset': None, 'time_zone': None, 'geo_enabled': False, 'verified': False, 'statuses_count': 6, 'lang': None, 'contributors_enabled': False, 'is_translator': False, 'is_translation_enabled': False, 'profile_background_color': 'C0DEED', 'profile_background_image_url': 'http://abs.twimg.com/images/themes/theme1/bg.png', 'profile_background_image_url_https': 'https://abs.twimg.com/images/themes/theme1/bg.png', 'profile_background_tile': False, 'profile_image_url': 'http://pbs.twimg.com/profile_images/1361355885394583552/G494xs2N_normal.jpg', 'profile_image_url_https': 'https://pbs.twimg.com/profile_images/1361355885394583552/G494xs2N_normal.jpg', 'profile_link_color': '1DA1F2', 'profile_sidebar_border_color': 'C0DEED', 'profile_sidebar_fill_color': 'DDEEF6', 'profile_text_color': '333333', 'profile_use_background_image': True, 'has_extended_profile': False, 'default_profile': True, 'default_profile_image': False, 'following': False, 'follow_request_sent': False, 'notifications': False, 'translator_type': 'none', 'withheld_in_countries': []}",,,,,False,,,,0,0,False,False,,en,[],[],"[{'screen_name': 'TheVijayMallya', 'name': 'Vijay Mallya', 'id': 128155589, 'id_str': '128155589', 'indices': [0, 15]}]",[],0,0,1,0,2383249662
2656629811,human,Tue Jun 28 14:17:33 +0000 2022,1541787895404429313,1541787895404429313,@ShubhamMarotka3 @AUThackeray @DbatuLive @BSKoshyari @iAditiTatkare @SunilTatkare @kvkale91 We want mcq exam… https://t.co/3HpXDuliVM,True,"{'hashtags': [], 'symbols': [], 'user_mentions': [{'screen_name': 'ShubhamMarotka3', 'name': 'Shubham Marotkar', 'id': 1256698059909709824, 'id_str': '1256698059909709824', 'indices': [0, 16]}, {'screen_name': 'AUThackeray', 'name': 'Aaditya Thackeray', 'id': 1606048885, 'id_str': '1606048885', 'indices': [17, 29]}, {'screen_name': 'DbatuLive', 'name': 'dbatu live', 'id': 1156213190138552320, 'id_str': '1156213190138552320', 'indices': [30, 40]}, {'screen_name': 'BSKoshyari', 'name': 'Bhagat Singh Koshyari', 'id': 1929523326, 'id_str': '1929523326', 'indices': [41, 52]}, {'screen_name': 'iAditiTatkare', 'name': 'Aditi S Tatkare', 'id': 2360890170, 'id_str': '2360890170', 'indices': [53, 67]}, {'screen_name': 'SunilTatkare', 'name': 'Sunil Tatkare', 'id': 2611438058, 'id_str': '2611438058', 'indices': [68, 81]}, {'screen_name': 'kvkale91', 'name': 'karbhari kale', 'id': 100160611, 'id_str': '100160611', 'indices': [82, 91]}], 'urls': [{'url': 'https://t.co/3HpXDuliVM', 'expanded_url': 'https://twitter.com/i/web/status/1541787895404429313', 'display_url': 'twitter.com/i/web/status/1…', 'indices': [110, 133]}]}","<a href=""http://twitter.com/download/android"" rel=""nofollow"">Twitter for Android</a>",1.5416841304502313e+18,1.5416841304502313e+18,1.2566980599097098e+18,1.2566980599097098e+18,ShubhamMarotka3,"{'id': 2656629811, 'id_str': '2656629811', 'name': 'Nandini Agrawal', 'screen_name': 'nandyagrawal', 'location': '', 'description': 'when there is a will, there is a way!!! 😊😊😊😀😁', 'url': None, 'entities': {'description': {'urls': []}}, 'protected': False, 'followers_count': 23, 'friends_count': 105, 'listed_count': 0, 'created_at': 'Fri Jul 18 12:10:58 +0000 2014', 'favourites_count': 43, 'utc_offset': None, 'time_zone': None, 'geo_enabled': False, 'verified': False, 'statuses_count': 6, 'lang': None, 'contributors_enabled': False, 'is_translator': False, 'is_translation_enabled': False, 'profile_background_color': 'C0DEED', 'profile_background_image_url': 'http://abs.twimg.com/images/themes/theme1/bg.png', 'profile_background_image_url_https': 'https://abs.twimg.com/images/themes/theme1/bg.png', 'profile_background_tile': False, 'profile_image_url': 'http://pbs.twimg.com/profile_images/1443995205175107584/vfQhYkgJ_normal.jpg', 'profile_image_url_https': 'https://pbs.twimg.com/profile_images/1443995205175107584/vfQhYkgJ_normal.jpg', 'profile_banner_url': 'https://pbs.twimg.com/profile_banners/2656629811/1633110259', 'profile_link_color': '1DA1F2', 'profile_sidebar_border_color': 'C0DEED', 'profile_sidebar_fill_color': 'DDEEF6', 'profile_text_color': '333333', 'profile_use_background_image': True, 'has_extended_profile': True, 'default_profile': True, 'default_profile_image': False, 'following': False, 'follow_request_sent': False, 'notifications': False, 'translator_type': 'none', 'withheld_in_countries': []}",,,,,False,,,,0,1,False,False,,en,[],[],"[{'screen_name': 'ShubhamMarotka3', 'name': 'Shubham Marotkar', 'id': 1256698059909709824, 'id_str': '1256698059909709824', 'indices': [0, 16]}, {'screen_name': 'AUThackeray', 'name': 'Aaditya Thackeray', 'id': 1606048885, 'id_str': '1606048885', 'indices': [17, 29]}, {'screen_name': 'DbatuLive', 'name': 'dbatu live', 'id': 1156213190138552320, 'id_str': '1156213190138552320', 'indices': [30, 40]}, {'screen_name': 'BSKoshyari', 'name': 'Bhagat Singh Koshyari', 'id': 1929523326, 'id_str': '1929523326', 'indices': [41, 52]}, {'screen_name': 'iAditiTatkare', 'name': 'Aditi S Tatkare', 'id': 2360890170, 'id_str': '2360890170', 'indices': [53, 67]}, {'screen_name': 'SunilTatkare', 'name': 'Sunil Tatkare', 'id': 2611438058, 'id_str': '2611438058', 'indices': [68, 81]}, {'screen_name': 'kvkale91', 'name': 'karbhari kale', 'id': 100160611, 'id_str': '100160611', 'indices': [82, 91]}]","[{'url': 'https://t.co/3HpXDuliVM', 'expanded_url': 'https://twitter.com/i/web/status/1541787895404429313', 'display_url': 'twitter.com/i/web/status/1…', 'indices': [110, 133]}]",0,0,7,1,2656629811
2173318130,human,Thu May 14 12:08:06 +0000 2020,1260904719402164224,1260904719402164224,@kashyap_kinshuk 😂😂,False,"{'hashtags': [], 'symbols': [], 'user_mentions': [{'screen_name': 'kashyap_kinshuk', 'name': 'kinshuk', 'id': 1186728728371458049, 'id_str': '1186728728371458049', 'indices': [0, 16]}], 'urls': []}","<a href=""http://twitter.com/download/iphone"" rel=""nofollow"">Twitter for iPhone</a>",1.26062454057864e+18,1.26062454057864e+18,1.186728728371458e+18,1.186728728371458e+18,kashyap_kinshuk,"{'id': 2173318130, 'id_str': '2173318130', 'name': 'K Krishna Swaroop', 'screen_name': 'KKrishnaSwaroo1', 'location': '', 'description': 'swe @Databricks', 'url': 'https://t.co/3vyGgLUvct', 'entities': {'url': {'urls': [{'url': 'https://t.co/3vyGgLUvct', 'expanded_url': 'https://geekswaroop.github.io/', 'display_url': 'geekswaroop.github.io', 'indices': [0, 23]}]}, 'description': {'urls': []}}, 'protected': False, 'followers_count': 52, 'friends_count': 499, 'listed_count': 0, 'created_at': 'Mon Nov 04 04:36:53 +0000 2013', 'favourites_count': 1729, 'utc_offset': None, 'time_zone': None, 'geo_enabled': False, 'verified': False, 'statuses_count': 5, 'lang': None, 'contributors_enabled': False, 'is_translator': False, 'is_translation_enabled': False, 'profile_background_color': 'C0DEED', 'profile_background_image_url': 'http://abs.twimg.com/images/themes/theme1/bg.png', 'profile_background_image_url_https': 'https://abs.twimg.com/images/themes/theme1/bg.png', 'profile_background_tile': False, 'profile_image_url': 'http://pbs.twimg.com/profile_images/1202299285682810880/TczvGBJ5_normal.jpg', 'profile_image_url_https': 'https://pbs.twimg.com/profile_images/1202299285682810880/TczvGBJ5_normal.jpg', 'profile_link_color': '1DA1F2', 'profile_sidebar_border_color': 'C0DEED', 'profile_sidebar_fill_color': 'DDEEF6', 'profile_text_color': '333333', 'profile_use_background_image': True, 'has_extended_profile': True, 'default_profile': True, 'default_profile_image': False, 'following': False, 'follow_request_sent': False, 'notifications': False, 'translator_type': 'none', 'withheld_in_countries': []}",,,,,False,,,,0,0,False,False,,und,[],[],"[{'screen_name': 'kashyap_kinshuk', 'name': 'kinshuk', 'id': 1186728728371458049, 'id_str': '1186728728371458049', 'indices': [0, 16]}]",[],0,0,1,0,2173318130
88403351,human,Fri Nov 11 15:57:02 +0000 2022,1591097679660347393,1591097679660347393,@Ammy3165 True,False,"{'hashtags': [], 'symbols': [], 'user_mentions': [{'screen_name': 'Ammy3165', 'name': 'Amrendra Kumar', 'id': 3451141519, 'id_str': '3451141519', 'indices': [0, 9]}], 'urls': []}","<a href=""https://mobile.twitter.com"" rel=""nofollow"">Twitter Web App</a>",1.5910926318154793e+18,1.5910926318154793e+18,3451141519.0,3451141519.0,Ammy3165,"{'id': 88403351, 'id_str': '88403351', 'name': 'Udit Goenka', 'screen_name': 'iuditg', 'location': 'Mumbai, India', 'description': 'I talk about #saas, #growth & #sales • @ManUtd ♥ • Building @pitchgroundhq @firstsalesio • Angel Investor in 24 Startup • 10x Your Sales. Sign up for our CEM👇', 'url': 'https://t.co/bGLDpvq0lt', 'entities': {'url': {'urls': [{'url': 'https://t.co/bGLDpvq0lt', 'expanded_url': 'https://pigr.co/cem', 'display_url': 'pigr.co/cem', 'indices': [0, 23]}]}, 'description': {'urls': []}}, 'protected': False, 'followers_count': 45071, 'friends_count': 8942, 'listed_count': 178, 'created_at': 'Sun Nov 08 11:49:55 +0000 2009', 'favourites_count': 16871, 'utc_offset': None, 'time_zone': None, 'geo_enabled': True, 'verified': True, 'statuses_count': 27885, 'lang': None, 'contributors_enabled': False, 'is_translator': False, 'is_translation_enabled': False, 'profile_background_color': '131516', 'profile_background_image_url': 'http://abs.twimg.com/images/themes/theme14/bg.gif', 'profile_background_image_url_https': 'https://abs.twimg.com/images/themes/theme14/bg.gif', 'profile_background_tile': True, 'profile_image_url': 'http://pbs.twimg.com/profile_images/1558125195616927744/59baPX-__normal.jpg', 'profile_image_url_https': 'https://pbs.twimg.com/profile_images/1558125195616927744/59baPX-__normal.jpg', 'profile_banner_url': 'https://pbs.twimg.com/profile_banners/88403351/1662027329', 'profile_link_color': '009999', 'profile_sidebar_border_color': 'EEEEEE', 'profile_sidebar_fill_color': 'EFEFEF', 'profile_text_color': '333333', 'profile_use_background_image': True, 'has_extended_profile': True, 'default_profile': False, 'default_profile_image': False, 'following': False, 'follow_request_sent': False, 'notifications': False, 'translator_type': 'none', 'withheld_in_countries': []}",,,,,False,,,,0,0,False,False,,en,[],[],"[{'screen_name': 'Ammy3165', 'name': 'Amrendra Kumar', 'id': 3451141519, 'id_str': '3451141519', 'indices': [0, 9]}]",[],0,0,1,0,88403351
985020698,human,Fri Nov 11 06:55:43 +0000 2022,1590961453393399809,1590961453393399809,"A quick reminder for all you perfectionists. It's not a badge of honour, but more often a form of procrastination!… https://t.co/vyJVkZfTut",True,"{'hashtags': [], 'symbols': [], 'user_mentions': [], 'urls': [{'url': 'https://t.co/vyJVkZfTut', 'expanded_url': 'https://twitter.com/i/web/status/1590961453393399809', 'display_url': 'twitter.com/i/web/status/1…', 'indices': [116, 139]}]}","<a href=""http://twitter.com/download/android"" rel=""nofollow"">Twitter for Android</a>",,,,,,"{'id': 985020698, 'id_str': '985020698', 'name': 'Dr Audrey Tang', 'screen_name': 'DrAudreyT', 'location': 'Buckinghamshire', 'description': 'Chartered psych. Community Radio host. Books, classes, articles, keynotes&comment on resilience&professional development. Practical tools for everyday Wellbeing', 'url': 'https://t.co/rTo47Z4VcH', 'entities': {'url': {'urls': [{'url': 'https://t.co/rTo47Z4VcH', 'expanded_url': 'http://www.draudreyt.com', 'display_url': 'draudreyt.com', 'indices': [0, 23]}]}, 'description': {'urls': []}}, 'protected': False, 'followers_count': 1596, 'friends_count': 1179, 'listed_count': 84, 'created_at': 'Sun Dec 02 17:16:05 +0000 2012', 'favourites_count': 7216, 'utc_offset': None, 'time_zone': None, 'geo_enabled': True, 'verified': False, 'statuses_count': 10995, 'lang': None, 'contributors_enabled': False, 'is_translator': False, 'is_translation_enabled': False, 'profile_background_color': '1A1B1F', 'profile_background_image_url': 'http://abs.twimg.com/images/themes/theme9/bg.gif', 'profile_background_image_url_https': 'https://abs.twimg.com/images/themes/theme9/bg.gif', 'profile_background_tile': False, 'profile_image_url': 'http://pbs.twimg.com/profile_images/1553049151516049408/iyFc-PK5_normal.jpg', 'profile_image_url_https': 'https://pbs.twimg.com/profile_images/1553049151516049408/iyFc-PK5_normal.jpg', 'profile_banner_url': 'https://pbs.twimg.com/profile_banners/985020698/1658425295', 'profile_link_color': 'FF0080', 'profile_sidebar_border_color': '000000', 'profile_sidebar_fill_color': '252429', 'profile_text_color': '666666', 'profile_use_background_image': True, 'has_extended_profile': False, 'default_profile': False, 'default_profile_image': False, 'following': False, 'follow_request_sent': False, 'notifications': False, 'translator_type': 'none', 'withheld_in_countries': []}",,,,,False,,,,0,1,False,False,False,en,[],[],[],"[{'url': 'https://t.co/vyJVkZfTut', 'expanded_url': 'https://twitter.com/i/web/status/1590961453393399809', 'display_url': 'twitter.com/i/web/status/1…', 'indices': [116, 139]}]",0,0,0,1,985020698
109589477,human,Wed Nov 09 23:03:18 +0000 2022,1590480174856155136,1590480174856155136,"just... wow ""the company is facing a shortfall of *up to $8 billion* from withdrawal requests and needs emergency f… https://t.co/WssWWDDN6Z",True,"{'hashtags': [], 'symbols': [], 'user_mentions': [], 'urls': [{'url': 'https://t.co/WssWWDDN6Z', 'expanded_url': 'https://twitter.com/i/web/status/1590480174856155136', 'display_url': 'twitter.com/i/web/status/1…', 'indices': [117, 140]}]}","<a href=""https://mobile.twitter.com"" rel=""nofollow"">Twitter Web App</a>",,,,,,"{'id': 109589477, 'id_str': '109589477', 'name': ""Jillian D'Onfro"", 'screen_name': 'jillianiles', 'location': 'San Francisco, CA', 'description': 'I write a tech newsletter for FinServ execs. Former enterprise editor at @BITech & reporter at Forbes, CNBC, & BI ✨ DM me news tips (or your fav short fiction)', 'url': 'https://t.co/8KUee5JMRT', 'entities': {'url': {'urls': [{'url': 'https://t.co/8KUee5JMRT', 'expanded_url': 'https://insightsdistilled.com/', 'display_url': 'insightsdistilled.com', 'indices': [0, 23]}]}, 'description': {'urls': []}}, 'protected': False, 'followers_count': 9728, 'friends_count': 5292, 'listed_count': 463, 'created_at': 'Fri Jan 29 15:38:55 +0000 2010', 'favourites_count': 11448, 'utc_offset': None, 'time_zone': None, 'geo_enabled': True, 'verified': True, 'statuses_count': 9249, 'lang': None, 'contributors_enabled': False, 'is_translator': False, 'is_translation_enabled': False, 'profile_background_color': 'C0DEED', 'profile_background_image_url': 'http://abs.twimg.com/images/themes/theme1/bg.png', 'profile_background_image_url_https': 'https://abs.twimg.com/images/themes/theme1/bg.png', 'profile_background_tile': True, 'profile_image_url': 'http://pbs.twimg.com/profile_images/1419786169454403585/bpO01pWx_normal.jpg', 'profile_image_url_https': 'https://pbs.twimg.com/profile_images/1419786169454403585/bpO01pWx_normal.jpg', 'profile_banner_url': 'https://pbs.twimg.com/profile_banners/109589477/1509628133', 'profile_link_color': '0084B4', 'profile_sidebar_border_color': 'FFFFFF', 'profile_sidebar_fill_color': 'DDEEF6', 'profile_text_color': '333333', 'profile_use_background_image': True, 'has_extended_profile': True, 'default_profile': False, 'default_profile_image': False, 'following': False, 'follow_request_sent': False, 'notifications': False, 'translator_type': 'none', 'withheld_in_countries': []}",,,,,False,,,,0,2,False,False,False,en,[],[],[],"[{'url': 'https://t.co/WssWWDDN6Z', 'expanded_url': 'https://twitter.com/i/web/status/1590480174856155136', 'display_url': 'twitter.com/i/web/status/1…', 'indices': [117, 140]}]",0,0,0,1,109589477
1402708270192730119,human,Thu Sep 15 17:10:53 +0000 2022,1570460155434631170,1570460155434631170,"💥Press Release💥 Connectronics Announces Just-In-Time (JIT) RF Connector and Adapter Program  

https://t.co/LLrbVb4JbY",False,"{'hashtags': [], 'symbols': [], 'user_mentions': [], 'urls': [{'url': 'https://t.co/LLrbVb4JbY', 'expanded_url': 'https://customrfconnectors.com/connectronics-introduces-just-in-time-delivery/', 'display_url': 'customrfconnectors.com/connectronics-…', 'indices': [95, 118]}]}","<a href=""https://www.hootsuite.com"" rel=""nofollow"">Hootsuite Inc.</a>",,,,,,"{'id': 1402708270192730119, 'id_str': '1402708270192730119', 'name': 'Connectronics', 'screen_name': 'ConnectronicsRF', 'location': 'Edinburgh, Indiana', 'description': 'Connectronics is an industry-leading designer and manufacturer of RF connectors, RF adapters and microwave connectors.', 'url': 'https://t.co/nnKmNlBzVo', 'entities': {'url': {'urls': [{'url': 'https://t.co/nnKmNlBzVo', 'expanded_url': 'https://www.customrfconnectors.com', 'display_url': 'customrfconnectors.com', 'indices': [0, 23]}]}, 'description': {'urls': []}}, 'protected': False, 'followers_count': 32, 'friends_count': 139, 'listed_count': 0, 'created_at': 'Wed Jun 09 19:25:25 +0000 2021', 'favourites_count': 1, 'utc_offset': None, 'time_zone': None, 'geo_enabled': False, 'verified': False, 'statuses_count': 60, 'lang': None, 'contributors_enabled': False, 'is_translator': False, 'is_translation_enabled': False, 'profile_background_color': 'F5F8FA', 'profile_background_image_url': None, 'profile_background_image_url_https': None, 'profile_background_tile': False, 'profile_image_url': 'http://pbs.twimg.com/profile_images/1402708563374624768/TM5QEsha_normal.jpg', 'profile_image_url_https': 'https://pbs.twimg.com/profile_images/1402708563374624768/TM5QEsha_normal.jpg', 'profile_banner_url': 'https://pbs.twimg.com/profile_banners/1402708270192730119/1623266974', 'profile_link_color': '1DA1F2', 'profile_sidebar_border_color': 'C0DEED', 'profile_sidebar_fill_color': 'DDEEF6', 'profile_text_color': '333333', 'profile_use_background_image': True, 'has_extended_profile': True, 'default_profile': True, 'default_profile_image': False, 'following': False, 'follow_request_sent': False, 'notifications': False, 'translator_type': 'none', 'withheld_in_countries': []}",,,,,False,,,,0,0,False,False,False,en,[],[],[],"[{'url': 'https://t.co/LLrbVb4JbY', 'expanded_url': 'https://customrfconnectors.com/connectronics-introduces-just-in-time-delivery/', 'display_url': 'customrfconnectors.com/connectronics-…', 'indices': [95, 118]}]",0,0,0,1,1402708270192730119
15255245,human,Wed Nov 09 09:57:06 +0000 2022,1590282323433381888,1590282323433381888,@mickeykats Yuk!,False,"{'hashtags': [], 'symbols': [], 'user_mentions': [{'screen_name': 'mickeykats', 'name': 'Mikhail Kats', 'id': 328326288, 'id_str': '328326288', 'indices': [0, 11]}], 'urls': []}","<a href=""http://twitter.com/download/android"" rel=""nofollow"">Twitter for Android</a>",1.5902437702679962e+18,1.5902437702679962e+18,15255245.0,15255245.0,ZahraFakhraai,"{'id': 15255245, 'id_str': '15255245', 'name': 'Zahra Fakhraai', 'screen_name': 'ZahraFakhraai', 'location': '', 'description': 'Tweets are my personal thermal fluctuations to increase entropy.  🇨🇦🇮🇷🖖', 'url': 'https://t.co/MnRSwN3o8y', 'entities': {'url': {'urls': [{'url': 'https://t.co/MnRSwN3o8y', 'expanded_url': 'http://web.sas.upenn.edu/fakhraaigroup/', 'display_url': 'web.sas.upenn.edu/fakhraaigroup/', 'indices': [0, 23]}]}, 'description': {'urls': []}}, 'protected': False, 'followers_count': 1496, 'friends_count': 1186, 'listed_count': 5, 'created_at': 'Fri Jun 27 14:30:16 +0000 2008', 'favourites_count': 20972, 'utc_offset': None, 'time_zone': None, 'geo_enabled': False, 'verified': False, 'statuses_count': 5701, 'lang': None, 'contributors_enabled': False, 'is_translator': False, 'is_translation_enabled': False, 'profile_background_color': 'C0DEED', 'profile_background_image_url': 'http://abs.twimg.com/images/themes/theme1/bg.png', 'profile_background_image_url_https': 'https://abs.twimg.com/images/themes/theme1/bg.png', 'profile_background_tile': False, 'profile_image_url': 'http://pbs.twimg.com/profile_images/1393228845763997700/az0RHcpY_normal.jpg', 'profile_image_url_https': 'https://pbs.twimg.com/profile_images/1393228845763997700/az0RHcpY_normal.jpg', 'profile_banner_url': 'https://pbs.twimg.com/profile_banners/15255245/1624317817', 'profile_link_color': '1DA1F2', 'profile_sidebar_border_color': 'C0DEED', 'profile_sidebar_fill_color': 'DDEEF6', 'profile_text_color': '333333', 'profile_use_background_image': True, 'has_extended_profile': False, 'default_profile': True, 'default_profile_image': False, 'following': False, 'follow_request_sent': False, 'notifications': False, 'translator_type': 'none', 'withheld_in_countries': []}",,,,,False,,,,0,0,False,False,,und,[],[],"[{'screen_name': 'mickeykats', 'name': 'Mikhail Kats', 'id': 328326288, 'id_str': '328326288', 'indices': [0, 11]}]",[],0,0,1,0,15255245
111724165,human,Thu Nov 10 22:23:26 +0000 2022,1590832532722896897,1590832532722896897,@RepMTG https://t.co/Gc70ZXY7JB,False,"{'hashtags': [], 'symbols': [], 'user_mentions': [{'screen_name': 'RepMTG', 'name': 'Rep. Marjorie Taylor Greene🇺🇸', 'id': 1344356576786866176, 'id_str': '1344356576786866176', 'indices': [0, 7]}], 'urls': [], 'media': [{'id': 1590832525466902533, 'id_str': '1590832525466902533', 'indices': [8, 31], 'media_url': 'http://pbs.twimg.com/tweet_video_thumb/FhPFwNmXoAU6o4M.jpg', 'media_url_https': 'https://pbs.twimg.com/tweet_video_thumb/FhPFwNmXoAU6o4M.jpg', 'url': 'https://t.co/Gc70ZXY7JB', 'display_url': 'pic.twitter.com/Gc70ZXY7JB', 'expanded_url': 'https://twitter.com/fionaheather/status/1590832532722896897/photo/1', 'type': 'photo', 'sizes': {'thumb': {'w': 150, 'h': 150, 'resize': 'crop'}, 'medium': {'w': 498, 'h': 370, 'resize': 'fit'}, 'large': {'w': 498, 'h': 370, 'resize': 'fit'}, 'small': {'w': 498, 'h': 370, 'resize': 'fit'}}}]}","<a href=""http://twitter.com/download/iphone"" rel=""nofollow"">Twitter for iPhone</a>",1.5906805731480166e+18,1.5906805731480166e+18,1.3443565767868662e+18,1.3443565767868662e+18,RepMTG,"{'id': 111724165, 'id_str': '111724165', 'name': 'Lady Heather 🇪🇺🟨🟥🟩3.5% #FBPE #RejoinEU 🕯', 'screen_name': 'fionaheather', 'location': 'wilpshire', 'description': 'Retired nurse, proud Gran and general busy body! Published author. ‘Angels and Boars’ - modern fantasy - dramatic Yorkshire scenery and gentle humour.', 'url': 'https://t.co/FiIfZo2Q7A', 'entities': {'url': {'urls': [{'url': 'https://t.co/FiIfZo2Q7A', 'expanded_url': 'https://amzn.eu/d/cS25tgm', 'display_url': 'amzn.eu/d/cS25tgm', 'indices': [0, 23]}]}, 'description': {'urls': []}}, 'protected': False, 'followers_count': 8922, 'friends_count': 8918, 'listed_count': 3, 'created_at': 'Fri Feb 05 23:23:10 +0000 2010', 'favourites_count': 97820, 'utc_offset': None, 'time_zone': None, 'geo_enabled': True, 'verified': False, 'statuses_count': 25198, 'lang': None, 'contributors_enabled': False, 'is_translator': False, 'is_translation_enabled': False, 'profile_background_color': 'C0DEED', 'profile_background_image_url': 'http://abs.twimg.com/images/themes/theme1/bg.png', 'profile_background_image_url_https': 'https://abs.twimg.com/images/themes/theme1/bg.png', 'profile_background_tile': False, 'profile_image_url': 'http://pbs.twimg.com/profile_images/1114200711921848320/5RnRiVv__normal.jpg', 'profile_image_url_https': 'https://pbs.twimg.com/profile_images/1114200711921848320/5RnRiVv__normal.jpg', 'profile_banner_url': 'https://pbs.twimg.com/profile_banners/111724165/1409481958', 'profile_link_color': '1DA1F2', 'profile_sidebar_border_color': 'C0DEED', 'profile_sidebar_fill_color': 'DDEEF6', 'profile_text_color': '333333', 'profile_use_background_image': True, 'has_extended_profile': True, 'default_profile': True, 'default_profile_image': False, 'following': False, 'follow_request_sent': False, 'notifications': False, 'translator_type': 'none', 'withheld_in_countries': []}",,,,,False,,,,0,0,False,False,False,qme,[],[],"[{'screen_name': 'RepMTG', 'name': 'Rep. Marjorie Taylor Greene🇺🇸', 'id': 1344356576786866176, 'id_str': '1344356576786866176', 'indices': [0, 7]}]",[],0,0,1,0,111724165
546427546,human,Fri Nov 11 02:43:49 +0000 2022,1590898060192014337,1590898060192014337,"@_sam_sinha_ @yongyuanxi It's not about large scale, it's about avoiding transcription errors. e.g. why on earth wo… https://t.co/EcSa89NhY1",True,"{'hashtags': [], 'symbols': [], 'user_mentions': [{'screen_name': '_sam_sinha_', 'name': 'Samarth Sinha', 'id': 3102084481, 'id_str': '3102084481', 'indices': [0, 12]}, {'screen_name': 'yongyuanxi', 'name': 'Towaki Takikawa / 瀧川永遠希', 'id': 859996978243153920, 'id_str': '859996978243153920', 'indices': [13, 24]}], 'urls': [{'url': 'https://t.co/EcSa89NhY1', 'expanded_url': 'https://twitter.com/i/web/status/1590898060192014337', 'display_url': 'twitter.com/i/web/status/1…', 'indices': [117, 140]}]}","<a href=""https://mobile.twitter.com"" rel=""nofollow"">Twitter Web App</a>",1.5908976713587302e+18,1.5908976713587302e+18,3102084481.0,3102084481.0,_sam_sinha_,"{'id': 546427546, 'id_str': '546427546', 'name': 'Andrea Tagliasacchi', 'screen_name': 'taiyasaki', 'location': 'Vancouver, Canada', 'description': 'Associate Prof. and visual computing research chair @ SFU (starting in Aug 2022); Staff Research Scientist @ Google; Adjunct Prof. @ UofT – opinions are my own.', 'url': 'https://t.co/cnLgntOtSK', 'entities': {'url': {'urls': [{'url': 'https://t.co/cnLgntOtSK', 'expanded_url': 'http://taiya.github.io', 'display_url': 'taiya.github.io', 'indices': [0, 23]}]}, 'description': {'urls': []}}, 'protected': False, 'followers_count': 7685, 'friends_count': 125, 'listed_count': 102, 'created_at': 'Fri Apr 06 01:34:23 +0000 2012', 'favourites_count': 3084, 'utc_offset': None, 'time_zone': None, 'geo_enabled': True, 'verified': False, 'statuses_count': 1414, 'lang': None, 'contributors_enabled': False, 'is_translator': False, 'is_translation_enabled': False, 'profile_background_color': 'C0DEED', 'profile_background_image_url': 'http://abs.twimg.com/images/themes/theme1/bg.png', 'profile_background_image_url_https': 'https://abs.twimg.com/images/themes/theme1/bg.png', 'profile_background_tile': False, 'profile_image_url': 'http://pbs.twimg.com/profile_images/1299406877470588929/GD3LB_Xz_normal.jpg', 'profile_image_url_https': 'https://pbs.twimg.com/profile_images/1299406877470588929/GD3LB_Xz_normal.jpg', 'profile_banner_url': 'https://pbs.twimg.com/profile_banners/546427546/1639526203', 'profile_link_color': '1DA1F2', 'profile_sidebar_border_color': 'C0DEED', 'profile_sidebar_fill_color': 'DDEEF6', 'profile_text_color': '333333', 'profile_use_background_image': True, 'has_extended_profile': False, 'default_profile': True, 'default_profile_image': False, 'following': False, 'follow_request_sent': False, 'notifications': False, 'translator_type': 'none', 'withheld_in_countries': []}",,,,,False,,,,0,7,False,False,,en,[],[],"[{'screen_name': '_sam_sinha_', 'name': 'Samarth Sinha', 'id': 3102084481, 'id_str': '3102084481', 'indices': [0, 12]}, {'screen_name': 'yongyuanxi', 'name': 'Towaki Takikawa / 瀧川永遠希', 'id': 859996978243153920, 'id_str': '859996978243153920', 'indices': [13, 24]}]","[{'url': 'https://t.co/EcSa89NhY1', 'expanded_url': 'https://twitter.com/i/web/status/1590898060192014337', 'display_url': 'twitter.com/i/web/status/1…', 'indices': [117, 140]}]",0,0,2,1,546427546
53017384,human,Fri Nov 11 05:33:24 +0000 2022,1590940736387940352,1590940736387940352,Därför hotar Putin med kärnvapen 10 november 2022 - Radiokorrespondenterna Ryssland | Sveriges Radio https://t.co/iDZytmDgrZ,False,"{'hashtags': [], 'symbols': [], 'user_mentions': [], 'urls': [{'url': 'https://t.co/iDZytmDgrZ', 'expanded_url': 'https://sverigesradio.se/avsnitt/darfor-hotar-putin-med-taktiska-karnvapen-radiokorrespondenterna-ryssland', 'display_url': 'sverigesradio.se/avsnitt/darfor…', 'indices': [101, 124]}]}","<a href=""https://mobile.twitter.com"" rel=""nofollow"">Twitter Web App</a>",,,,,,"{'id': 53017384, 'id_str': '53017384', 'name': 'On (EU)ropean Security-Cooperation/Lundin', 'screen_name': 'londil', 'location': 'Gustavsberg Sweden', 'description': 'Coordinating @KKrVA_Sverige NATO/EU-related research, Distinguished  Associate Fellow SIPRI, former EU Amb IAEA/OSCE.No campaigning. https://t.co/18n9FOqKxa', 'url': 'https://t.co/18n9FOqKxa', 'entities': {'url': {'urls': [{'url': 'https://t.co/18n9FOqKxa', 'expanded_url': 'http://www.lelundin.org', 'display_url': 'lelundin.org', 'indices': [0, 23]}]}, 'description': {'urls': [{'url': 'https://t.co/18n9FOqKxa', 'expanded_url': 'http://www.lelundin.org', 'display_url': 'lelundin.org', 'indices': [133, 156]}]}}, 'protected': False, 'followers_count': 52535, 'friends_count': 50259, 'listed_count': 586, 'created_at': 'Thu Jul 02 09:20:49 +0000 2009', 'favourites_count': 1943, 'utc_offset': None, 'time_zone': None, 'geo_enabled': True, 'verified': False, 'statuses_count': 96529, 'lang': None, 'contributors_enabled': False, 'is_translator': False, 'is_translation_enabled': False, 'profile_background_color': '000000', 'profile_background_image_url': 'http://abs.twimg.com/images/themes/theme1/bg.png', 'profile_background_image_url_https': 'https://abs.twimg.com/images/themes/theme1/bg.png', 'profile_background_tile': False, 'profile_image_url': 'http://pbs.twimg.com/profile_images/1339433287618621442/gVGozSmB_normal.jpg', 'profile_image_url_https': 'https://pbs.twimg.com/profile_images/1339433287618621442/gVGozSmB_normal.jpg', 'profile_banner_url': 'https://pbs.twimg.com/profile_banners/53017384/1655618121', 'profile_link_color': '1B95E0', 'profile_sidebar_border_color': '000000', 'profile_sidebar_fill_color': '000000', 'profile_text_color': '000000', 'profile_use_background_image': False, 'has_extended_profile': False, 'default_profile': False, 'default_profile_image': False, 'following': False, 'follow_request_sent': False, 'notifications': False, 'translator_type': 'none', 'withheld_in_countries': []}",,,,,False,,,,0,0,False,False,False,sv,[],[],[],"[{'url': 'https://t.co/iDZytmDgrZ', 'expanded_url': 'https://sverigesradio.se/avsnitt/darfor-hotar-putin-med-taktiska-karnvapen-radiokorrespondenterna-ryssland', 'display_url': 'sverigesradio.se/avsnitt/darfor…', 'indices': [101, 124]}]",0,0,0,1,53017384
54034504,human,Sat Nov 05 21:38:22 +0000 2022,1589009252638928896,1589009252638928896,"@karlillag Yo creo que tuve 1 clase opcional, no materia, clase… opcional 🫠",False,"{'hashtags': [], 'symbols': [], 'user_mentions': [{'screen_name': 'karlillag', 'name': 'Karlis 🦄', 'id': 281131686, 'id_str': '281131686', 'indices': [0, 10]}], 'urls': []}","<a href=""http://twitter.com/download/iphone"" rel=""nofollow"">Twitter for iPhone</a>",1.5889916929629512e+18,1.5889916929629512e+18,281131686.0,281131686.0,karlillag,"{'id': 54034504, 'id_str': '54034504', 'name': 'Ines Guerrero', 'screen_name': 'ineguerrero', 'location': 'London, England', 'description': 'Feminist, Software Developer & Project Manager • Tweets are my own • #LatinaInTech • She/Her', 'url': 'https://t.co/3AYj2Evf65', 'entities': {'url': {'urls': [{'url': 'https://t.co/3AYj2Evf65', 'expanded_url': 'https://link.medium.com/9sLXCWz21W', 'display_url': 'link.medium.com/9sLXCWz21W', 'indices': [0, 23]}]}, 'description': {'urls': []}}, 'protected': False, 'followers_count': 725, 'friends_count': 1510, 'listed_count': 14, 'created_at': 'Sun Jul 05 23:02:59 +0000 2009', 'favourites_count': 4302, 'utc_offset': None, 'time_zone': None, 'geo_enabled': True, 'verified': False, 'statuses_count': 3186, 'lang': None, 'contributors_enabled': False, 'is_translator': False, 'is_translation_enabled': False, 'profile_background_color': 'FFFFFF', 'profile_background_image_url': 'http://abs.twimg.com/images/themes/theme2/bg.gif', 'profile_background_image_url_https': 'https://abs.twimg.com/images/themes/theme2/bg.gif', 'profile_background_tile': True, 'profile_image_url': 'http://pbs.twimg.com/profile_images/1265334958245269505/ZIHVP1kn_normal.jpg', 'profile_image_url_https': 'https://pbs.twimg.com/profile_images/1265334958245269505/ZIHVP1kn_normal.jpg', 'profile_banner_url': 'https://pbs.twimg.com/profile_banners/54034504/1590514951', 'profile_link_color': '19CF86', 'profile_sidebar_border_color': 'FFFFFF', 'profile_sidebar_fill_color': 'E2EAEF', 'profile_text_color': '877F63', 'profile_use_background_image': True, 'has_extended_profile': False, 'default_profile': False, 'default_profile_image': False, 'following': False, 'follow_request_sent': False, 'notifications': False, 'translator_type': 'none', 'withheld_in_countries': []}",,,,,False,,,,0,1,False,False,,es,[],[],"[{'screen_name': 'karlillag', 'name': 'Karlis 🦄', 'id': 281131686, 'id_str': '281131686', 'indices': [0, 10]}]",[],0,0,1,0,54034504
3397663229,human,Thu Mar 31 19:12:11 +0000 2016,715617707970969600,715617707970969600,Scientists Get Their First Glimpse at How New Memories Are Born https://t.co/xKauguxyWj,False,"{'hashtags': [], 'symbols': [], 'user_mentions': [], 'urls': [{'url': 'https://t.co/xKauguxyWj', 'expanded_url': 'http://blogs.cuit.columbia.edu/columbiapsychiatry/2016/03/31/1097/', 'display_url': 'blogs.cuit.columbia.edu/columbiapsychi…', 'indices': [64, 87]}]}","<a href=""http://twitter.com"" rel=""nofollow"">Twitter Web Client</a>",,,,,,"{'id': 3397663229, 'id_str': '3397663229', 'name': 'ColumbiaNeuroscience', 'screen_name': 'PhD_NBB', 'location': 'New York, NY', 'description': 'Columbia Doctoral Program in Neurobiology and Behavior', 'url': 'http://t.co/iihonZzs4Q', 'entities': {'url': {'urls': [{'url': 'http://t.co/iihonZzs4Q', 'expanded_url': 'http://neurosciencephd.columbia.edu/', 'display_url': 'neurosciencephd.columbia.edu', 'indices': [0, 22]}]}, 'description': {'urls': []}}, 'protected': False, 'followers_count': 105, 'friends_count': 10, 'listed_count': 5, 'created_at': 'Fri Jul 31 20:24:20 +0000 2015', 'favourites_count': 2, 'utc_offset': None, 'time_zone': None, 'geo_enabled': False, 'verified': False, 'statuses_count': 9, 'lang': None, 'contributors_enabled': False, 'is_translator': False, 'is_translation_enabled': False, 'profile_background_color': '000000', 'profile_background_image_url': 'http://abs.twimg.com/images/themes/theme1/bg.png', 'profile_background_image_url_https': 'https://abs.twimg.com/images/themes/theme1/bg.png', 'profile_background_tile': False, 'profile_image_url': 'http://pbs.twimg.com/profile_images/643863907183009792/bNsgRS9a_normal.jpg', 'profile_image_url_https': 'https://pbs.twimg.com/profile_images/643863907183009792/bNsgRS9a_normal.jpg', 'profile_banner_url': 'https://pbs.twimg.com/profile_banners/3397663229/1442413222', 'profile_link_color': '89C9FA', 'profile_sidebar_border_color': '000000', 'profile_sidebar_fill_color': '000000', 'profile_text_color': '000000', 'profile_use_background_image': False, 'has_extended_profile': False, 'default_profile': False, 'default_profile_image': False, 'following': False, 'follow_request_sent': False, 'notifications': False, 'translator_type': 'none', 'withheld_in_countries': []}",,,,,False,,,,0,2,False,False,False,en,[],[],[],"[{'url': 'https://t.co/xKauguxyWj', 'expanded_url': 'http://blogs.cuit.columbia.edu/columbiapsychiatry/2016/03/31/1097/', 'display_url': 'blogs.cuit.columbia.edu/columbiapsychi…', 'indices': [64, 87]}]",0,0,0,1,3397663229
1448037218174443523,human,Thu Nov 10 19:45:03 +0000 2022,1590792674868883457,1590792674868883457,"#BinancePOTM @OfficialSSLazio VS Monza!
#CMonEagles 🦅 
Support your team now! 🙌
🗳️Vote here ➡️… https://t.co/9lutPAHyGW",True,"{'hashtags': [{'text': 'BinancePOTM', 'indices': [0, 12]}, {'text': 'CMonEagles', 'indices': [40, 51]}], 'symbols': [], 'user_mentions': [{'screen_name': 'OfficialSSLazio', 'name': 'S.S.Lazio', 'id': 424354829, 'id_str': '424354829', 'indices': [13, 29]}], 'urls': [{'url': 'https://t.co/9lutPAHyGW', 'expanded_url': 'https://twitter.com/i/web/status/1590792674868883457', 'display_url': 'twitter.com/i/web/status/1…', 'indices': [96, 119]}]}","<a href=""https://buffer.com"" rel=""nofollow"">Buffer</a>",,,,,,"{'id': 1448037218174443523, 'id_str': '1448037218174443523', 'name': 'Binance Fan Token', 'screen_name': 'BinanceFanToken', 'location': '', 'description': 'Discover what fans are made of on the #BinanceFanToken platform, powered by #Binance.', 'url': 'https://t.co/WhZYHU9CBt', 'entities': {'url': {'urls': [{'url': 'https://t.co/WhZYHU9CBt', 'expanded_url': 'https://bit.ly/3TbtkC5', 'display_url': 'bit.ly/3TbtkC5', 'indices': [0, 23]}]}, 'description': {'urls': []}}, 'protected': False, 'followers_count': 111656, 'friends_count': 69, 'listed_count': 126, 'created_at': 'Tue Oct 12 21:27:06 +0000 2021', 'favourites_count': 164, 'utc_offset': None, 'time_zone': None, 'geo_enabled': False, 'verified': False, 'statuses_count': 532, 'lang': None, 'contributors_enabled': False, 'is_translator': False, 'is_translation_enabled': False, 'profile_background_color': 'F5F8FA', 'profile_background_image_url': None, 'profile_background_image_url_https': None, 'profile_background_tile': False, 'profile_image_url': 'http://pbs.twimg.com/profile_images/1477274208980041734/6Fy8U2gR_normal.jpg', 'profile_image_url_https': 'https://pbs.twimg.com/profile_images/1477274208980041734/6Fy8U2gR_normal.jpg', 'profile_banner_url': 'https://pbs.twimg.com/profile_banners/1448037218174443523/1641044595', 'profile_link_color': '1DA1F2', 'profile_sidebar_border_color': 'C0DEED', 'profile_sidebar_fill_color': 'DDEEF6', 'profile_text_color': '333333', 'profile_use_background_image': True, 'has_extended_profile': True, 'default_profile': True, 'default_profile_image': False, 'following': False, 'follow_request_sent': False, 'notifications': False, 'translator_type': 'none', 'withheld_in_countries': []}",,,,,False,,,,5,30,False,False,False,en,"[{'text': 'BinancePOTM', 'indices': [0, 12]}, {'text': 'CMonEagles', 'indices': [40, 51]}]",[],"[{'screen_name': 'OfficialSSLazio', 'name': 'S.S.Lazio', 'id': 424354829, 'id_str': '424354829', 'indices': [13, 29]}]","[{'url': 'https://t.co/9lutPAHyGW', 'expanded_url': 'https://twitter.com/i/web/status/1590792674868883457', 'display_url': 'twitter.com/i/web/status/1…', 'indices': [96, 119]}]",2,0,1,1,1448037218174443523
2509381254,human,Fri Nov 11 09:28:35 +0000 2022,1590999922576609280,1590999922576609280,"From RCB Blog,  Molecular Dissection of a Conserved Cluster of miRNAs Identifies Critical Structural Determinants T… https://t.co/fA3257aAmS",True,"{'hashtags': [], 'symbols': [], 'user_mentions': [], 'urls': [{'url': 'https://t.co/fA3257aAmS', 'expanded_url': 'https://twitter.com/i/web/status/1590999922576609280', 'display_url': 'twitter.com/i/web/status/1…', 'indices': [117, 140]}]}","<a href=""https://dlvrit.com/"" rel=""nofollow"">dlvr.it</a>",,,,,,"{'id': 2509381254, 'id_str': '2509381254', 'name': 'RCB', 'screen_name': 'unescorcb', 'location': 'Faridabad, India', 'description': 'Regional Centre for Biotechnology\nA UNESCO Category II Institute of: Education I Training I Research in Biotechnology', 'url': 'https://t.co/k5qFZKCCeb', 'entities': {'url': {'urls': [{'url': 'https://t.co/k5qFZKCCeb', 'expanded_url': 'http://rcb.res.in', 'display_url': 'rcb.res.in', 'indices': [0, 23]}]}, 'description': {'urls': []}}, 'protected': False, 'followers_count': 4883, 'friends_count': 123, 'listed_count': 18, 'created_at': 'Tue May 20 05:36:28 +0000 2014', 'favourites_count': 122, 'utc_offset': None, 'time_zone': None, 'geo_enabled': True, 'verified': False, 'statuses_count': 779, 'lang': None, 'contributors_enabled': False, 'is_translator': False, 'is_translation_enabled': False, 'profile_background_color': '9AE4E8', 'profile_background_image_url': 'http://abs.twimg.com/images/themes/theme16/bg.gif', 'profile_background_image_url_https': 'https://abs.twimg.com/images/themes/theme16/bg.gif', 'profile_background_tile': True, 'profile_image_url': 'http://pbs.twimg.com/profile_images/898421362808635393/sSWtplsJ_normal.jpg', 'profile_image_url_https': 'https://pbs.twimg.com/profile_images/898421362808635393/sSWtplsJ_normal.jpg', 'profile_banner_url': 'https://pbs.twimg.com/profile_banners/2509381254/1502970369', 'profile_link_color': '0084B4', 'profile_sidebar_border_color': 'FFFFFF', 'profile_sidebar_fill_color': 'DDFFCC', 'profile_text_color': '333333', 'profile_use_background_image': True, 'has_extended_profile': False, 'default_profile': False, 'default_profile_image': False, 'following': False, 'follow_request_sent': False, 'notifications': False, 'translator_type': 'none', 'withheld_in_countries': []}",,,,,False,,,,0,0,False,False,False,en,[],[],[],"[{'url': 'https://t.co/fA3257aAmS', 'expanded_url': 'https://twitter.com/i/web/status/1590999922576609280', 'display_url': 'twitter.com/i/web/status/1…', 'indices': [117, 140]}]",0,0,0,1,2509381254
2571330897,human,Fri Nov 11 16:03:24 +0000 2022,1591099282345824258,1591099282345824258,@cqtwomqn woah!,False,"{'hashtags': [], 'symbols': [], 'user_mentions': [{'screen_name': 'cqtwomqn', 'name': 'mars (not the actual planet)', 'id': 1460344686565105673, 'id_str': '1460344686565105673', 'indices': [0, 9]}], 'urls': []}","<a href=""http://twitter.com/download/iphone"" rel=""nofollow"">Twitter for iPhone</a>",1.5910965829165384e+18,1.5910965829165384e+18,1.4603446865651057e+18,1.4603446865651057e+18,cqtwomqn,"{'id': 2571330897, 'id_str': '2571330897', 'name': 'jupiter (gendah flooid)', 'screen_name': 'isolatedstones', 'location': 'they/he/she - 21 - wasian - bi', 'description': '“i’ll stare directly at the sun but never in the mirror.”', 'url': None, 'entities': {'description': {'urls': []}}, 'protected': False, 'followers_count': 1778, 'friends_count': 803, 'listed_count': 46, 'created_at': 'Fri May 30 00:20:26 +0000 2014', 'favourites_count': 20474, 'utc_offset': None, 'time_zone': None, 'geo_enabled': False, 'verified': False, 'statuses_count': 69292, 'lang': None, 'contributors_enabled': False, 'is_translator': False, 'is_translation_enabled': False, 'profile_background_color': 'C0DEED', 'profile_background_image_url': 'http://abs.twimg.com/images/themes/theme1/bg.png', 'profile_background_image_url_https': 'https://abs.twimg.com/images/themes/theme1/bg.png', 'profile_background_tile': False, 'profile_image_url': 'http://pbs.twimg.com/profile_images/1586413069479120899/aZwH4Tkg_normal.jpg', 'profile_image_url_https': 'https://pbs.twimg.com/profile_images/1586413069479120899/aZwH4Tkg_normal.jpg', 'profile_banner_url': 'https://pbs.twimg.com/profile_banners/2571330897/1667065335', 'profile_link_color': '1DA1F2', 'profile_sidebar_border_color': 'C0DEED', 'profile_sidebar_fill_color': 'DDEEF6', 'profile_text_color': '333333', 'profile_use_background_image': True, 'has_extended_profile': True, 'default_profile': True, 'default_profile_image': False, 'following': False, 'follow_request_sent': False, 'notifications': False, 'translator_type': 'none', 'withheld_in_countries': []}",,,,,False,,,,0,0,False,False,,en,[],[],"[{'screen_name': 'cqtwomqn', 'name': 'mars (not the actual planet)', 'id': 1460344686565105673, 'id_str': '1460344686565105673', 'indices': [0, 9]}]",[],0,0,1,0,2571330897
1145412069866364928,human,Thu Nov 10 17:08:58 +0000 2022,1590753392523378688,1590753392523378688,"Heliotrope is excited to share ""Conserve"" a creative nonfiction piece by @SmithCristalle Cristalle Smith. Check it… https://t.co/GNuNLbGfBf",True,"{'hashtags': [], 'symbols': [], 'user_mentions': [{'screen_name': 'SmithCristalle', 'name': 'Cristalle Smith', 'id': 1175954311857065985, 'id_str': '1175954311857065985', 'indices': [73, 88]}], 'urls': [{'url': 'https://t.co/GNuNLbGfBf', 'expanded_url': 'https://twitter.com/i/web/status/1590753392523378688', 'display_url': 'twitter.com/i/web/status/1…', 'indices': [116, 139]}]}","<a href=""https://about.twitter.com/products/tweetdeck"" rel=""nofollow"">TweetDeck</a>",,,,,,"{'id': 1145412069866364928, 'id_str': '1145412069866364928', 'name': 'EML', 'screen_name': 'EnvMediaLab', 'location': 'Calgary / Treaty 7 Territory', 'description': 'Environmental Media Lab🌲🎙️Directed by @mel_hogan Home to Heliotrope https://t.co/RdFi6zrwVn Tweets by @mel_hogan or @Tessajbrown or @SmithCristalle', 'url': 'https://t.co/0s2ne7kI3s', 'entities': {'url': {'urls': [{'url': 'https://t.co/0s2ne7kI3s', 'expanded_url': 'https://www.environmentalmedialab.com/', 'display_url': 'environmentalmedialab.com', 'indices': [0, 23]}]}, 'description': {'urls': [{'url': 'https://t.co/RdFi6zrwVn', 'expanded_url': 'http://heliotropejournal.net', 'display_url': 'heliotropejournal.net', 'indices': [68, 91]}]}}, 'protected': False, 'followers_count': 2115, 'friends_count': 3527, 'listed_count': 13, 'created_at': 'Sun Jun 30 19:21:32 +0000 2019', 'favourites_count': 1112, 'utc_offset': None, 'time_zone': None, 'geo_enabled': False, 'verified': False, 'statuses_count': 2199, 'lang': None, 'contributors_enabled': False, 'is_translator': False, 'is_translation_enabled': False, 'profile_background_color': '000000', 'profile_background_image_url': 'http://abs.twimg.com/images/themes/theme1/bg.png', 'profile_background_image_url_https': 'https://abs.twimg.com/images/themes/theme1/bg.png', 'profile_background_tile': False, 'profile_image_url': 'http://pbs.twimg.com/profile_images/1287830478800609281/nhKMNLyj_normal.jpg', 'profile_image_url_https': 'https://pbs.twimg.com/profile_images/1287830478800609281/nhKMNLyj_normal.jpg', 'profile_banner_url': 'https://pbs.twimg.com/profile_banners/1145412069866364928/1572056801', 'profile_link_color': 'F58EA8', 'profile_sidebar_border_color': '000000', 'profile_sidebar_fill_color': '000000', 'profile_text_color': '000000', 'profile_use_background_image': False, 'has_extended_profile': False, 'default_profile': False, 'default_profile_image': False, 'following': False, 'follow_request_sent': False, 'notifications': False, 'translator_type': 'none', 'withheld_in_countries': []}",,,,,False,,,,2,6,False,False,False,en,[],[],"[{'screen_name': 'SmithCristalle', 'name': 'Cristalle Smith', 'id': 1175954311857065985, 'id_str': '1175954311857065985', 'indices': [73, 88]}]","[{'url': 'https://t.co/GNuNLbGfBf', 'expanded_url': 'https://twitter.com/i/web/status/1590753392523378688', 'display_url': 'twitter.com/i/web/status/1…', 'indices': [116, 139]}]",0,0,1,1,1145412069866364928
14986849,human,Wed Nov 09 17:47:00 +0000 2022,1590400577951129601,1590400577951129601,@artistexyz @trunghlt I'm surprised about your claim. Check out the code contributed to PyWhy by the AWS Causality… https://t.co/sOUd7ftWu8,True,"{'hashtags': [], 'symbols': [], 'user_mentions': [{'screen_name': 'artistexyz', 'name': 'www.ar-tiste.xyz', 'id': 1261682787784032257, 'id_str': '1261682787784032257', 'indices': [0, 11]}, {'screen_name': 'trunghlt', 'name': 'Trung Huynh', 'id': 7563272, 'id_str': '7563272', 'indices': [12, 21]}], 'urls': [{'url': 'https://t.co/sOUd7ftWu8', 'expanded_url': 'https://twitter.com/i/web/status/1590400577951129601', 'display_url': 'twitter.com/i/web/status/1…', 'indices': [116, 139]}]}","<a href=""https://mobile.twitter.com"" rel=""nofollow"">Twitter Web App</a>",1.5903843383903803e+18,1.5903843383903805e+18,1.2616827877840325e+18,1.2616827877840323e+18,artistexyz,"{'id': 14986849, 'id_str': '14986849', 'name': 'Alex Smola 🇺🇦', 'screen_name': 'smolix', 'location': 'Palo Alto, CA', 'description': 'AutoML with https://t.co/xqkK2qoO22 - learn ML with https://t.co/9W8dBWVVmW', 'url': 'https://t.co/bWdCCiy7DG', 'entities': {'url': {'urls': [{'url': 'https://t.co/bWdCCiy7DG', 'expanded_url': 'http://alex.smola.org', 'display_url': 'alex.smola.org', 'indices': [0, 23]}]}, 'description': {'urls': [{'url': 'https://t.co/xqkK2qoO22', 'expanded_url': 'http://auto.gluon.ai', 'display_url': 'auto.gluon.ai', 'indices': [12, 35]}, {'url': 'https://t.co/9W8dBWVVmW', 'expanded_url': 'http://d2l.ai', 'display_url': 'd2l.ai', 'indices': [52, 75]}]}}, 'protected': False, 'followers_count': 19856, 'friends_count': 109, 'listed_count': 491, 'created_at': 'Mon Jun 02 23:54:12 +0000 2008', 'favourites_count': 698, 'utc_offset': None, 'time_zone': None, 'geo_enabled': True, 'verified': False, 'statuses_count': 1102, 'lang': None, 'contributors_enabled': False, 'is_translator': False, 'is_translation_enabled': False, 'profile_background_color': 'BADFCD', 'profile_background_image_url': 'http://abs.twimg.com/images/themes/theme12/bg.gif', 'profile_background_image_url_https': 'https://abs.twimg.com/images/themes/theme12/bg.gif', 'profile_background_tile': False, 'profile_image_url': 'http://pbs.twimg.com/profile_images/1168185464420892672/nxFMdN95_normal.jpg', 'profile_image_url_https': 'https://pbs.twimg.com/profile_images/1168185464420892672/nxFMdN95_normal.jpg', 'profile_banner_url': 'https://pbs.twimg.com/profile_banners/14986849/1449969220', 'profile_link_color': 'FF0000', 'profile_sidebar_border_color': 'F2E195', 'profile_sidebar_fill_color': 'FFF7CC', 'profile_text_color': '0C3E53', 'profile_use_background_image': True, 'has_extended_profile': False, 'default_profile': False, 'default_profile_image': False, 'following': False, 'follow_request_sent': False, 'notifications': False, 'translator_type': 'none', 'withheld_in_countries': []}",,,,,False,,,,0,1,False,False,False,en,[],[],"[{'screen_name': 'artistexyz', 'name': 'www.ar-tiste.xyz', 'id': 1261682787784032257, 'id_str': '1261682787784032257', 'indices': [0, 11]}, {'screen_name': 'trunghlt', 'name': 'Trung Huynh', 'id': 7563272, 'id_str': '7563272', 'indices': [12, 21]}]","[{'url': 'https://t.co/sOUd7ftWu8', 'expanded_url': 'https://twitter.com/i/web/status/1590400577951129601', 'display_url': 'twitter.com/i/web/status/1…', 'indices': [116, 139]}]",0,0,2,1,14986849
